Subcarrier,Lag,Cross-Correlation
1,-7,-0.05170404122929737
1,-6,-0.020520449446459515
1,-5,-0.017298275188183967
1,-4,-0.06329616011289674
1,-3,0.43657913827986844
1,-2,-0.2862603642113569
1,-1,-0.24597752720695396
1,0,0.4680684965456968
1,1,-0.17122117704143938
1,2,0.4378015153281332
1,3,-0.4423097772363074
1,4,-0.3014267146369185
1,5,0.08875403604496572
1,6,0.13068278682751328
1,7,0.03812851328363616
2,-7,0.0
2,-6,0.0
2,-5,0.0
2,-4,0.0
2,-3,0.0
2,-2,0.0
2,-1,0.0
2,0,0.0
2,1,0.0
2,2,0.0
2,3,0.0
2,4,0.0
2,5,0.0
2,6,0.0
2,7,0.0
3,-7,0.013482630664881524
3,-6,0.05493528564041161
3,-5,0.029859843146547594
3,-4,0.0912194339480039
3,-3,-0.021901154933870896
3,-2,-0.3433999651385926
3,-1,0.18582931074149656
3,0,-0.38000338295161185
3,1,-0.252756448456443
3,2,0.5182281987030625
3,3,0.5955046656610478
3,4,-0.2710749188505137
3,5,-0.18998742169647712
3,6,-0.045068368981303876
3,7,0.015132292503361539
4,-7,0.012954894939068165
4,-6,0.05507094818211515
4,-5,0.030157364637048455
4,-4,0.09141728883749979
4,-3,-0.0166342574964508
4,-2,-0.348038899462807
4,-1,0.18233758558695065
4,0,-0.3777021993284808
4,1,-0.25428840576425865
4,2,0.518315732262157
4,3,0.5950172958756687
4,4,-0.266577967265499
4,5,-0.19046301038800217
4,6,-0.04611951529340445
4,7,0.014553144678395103
5,-7,0.012855478462233108
5,-6,0.05501743115960634
5,-5,0.030143833012315723
5,-4,0.09161580502580725
5,-3,-0.015721528664705265
5,-2,-0.34835332356599474
5,-1,0.18174076562509892
5,0,-0.3796028443475688
5,1,-0.2527926855986306
5,2,0.5200949015383178
5,3,0.5930684327264736
5,4,-0.26608766798294375
5,5,-0.1903203186595827
5,6,-0.04610265454232168
5,7,0.01444437581189485
6,-7,0.013590918052592393
6,-6,0.055631971330841815
6,-5,0.030572743896879463
6,-4,0.0918601263567233
6,-3,-0.02252553393846098
6,-2,-0.3484172006211688
6,-1,0.18537771603098385
6,0,-0.3777248802765989
6,1,-0.24987383416814077
6,2,0.5168424845275734
6,3,0.5941598847156219
6,4,-0.26794892821303806
6,5,-0.19030340131114584
6,6,-0.045915587290400434
6,7,0.014673520907737617
7,-7,0.013524338168605989
7,-6,0.05627874528988658
7,-5,0.03124198355479877
7,-4,0.0920308550524654
7,-3,-0.021618684938436147
7,-2,-0.35498926666152303
7,-1,0.18400385092669025
7,0,-0.371432265280052
7,1,-0.24990756224389998
7,2,0.5198117220917551
7,3,0.5900857117492498
7,4,-0.2676577568799821
7,5,-0.1901802619242912
7,6,-0.04574462198264843
7,7,0.014553213077381144
8,-7,0.013676264736896282
8,-6,0.05588833307152841
8,-5,0.03073716610004534
8,-4,0.09204668335932702
8,-3,-0.023372891866543205
8,-2,-0.35024056240473356
8,-1,0.18613063681818423
8,0,-0.37729684057174745
8,1,-0.24781448099067221
8,2,0.5175992614388453
8,3,0.5922079234971778
8,4,-0.26853099906819883
8,5,-0.19006137364513848
8,6,-0.04567414737879772
8,7,0.01470502690382704
9,-7,0.013085267423859863
9,-6,0.05555030909115017
9,-5,0.030662027351712157
9,-4,0.09227109435802215
9,-3,-0.017985563005672476
9,-2,-0.35117725042154857
9,-1,0.1818165644498251
9,0,-0.3798252308502395
9,1,-0.2456151773428937
9,2,0.5169645617734595
9,3,0.5934505843521477
9,4,-0.2672190472682794
9,5,-0.19034625207580555
9,6,-0.046163580336118205
9,7,0.01453169250038078
10,-7,0.013606703740733816
10,-6,0.05575210020755407
10,-5,0.030831417858161767
10,-4,0.09195717435280884
10,-3,-0.022762033593774593
10,-2,-0.3499201911881865
10,-1,0.1837923508990018
10,0,-0.3762773367001101
10,1,-0.24751105084158964
10,2,0.5206035289203514
10,3,0.5910774502329659
10,4,-0.2712324858203154
10,5,-0.18992101397013963
10,6,-0.04499413598999213
10,7,0.014997521892530306
11,-7,0.01354026010214157
11,-6,0.05604940225301748
11,-5,0.03118006768028861
11,-4,0.09201677602179441
11,-3,-0.021687803508949825
11,-2,-0.3522948088420864
11,-1,0.18292647548830224
11,0,-0.37271706139504573
11,1,-0.2504188235639702
11,2,0.5161046622495424
11,3,0.5946528115929834
11,4,-0.2667198332194123
11,5,-0.19074453108201425
11,6,-0.04638533300879235
11,7,0.014497739232200766
12,-7,0.013224861173061086
12,-6,0.055907421503197094
12,-5,0.03167284281813623
12,-4,0.09274501853821812
12,-3,-0.018405629531429622
12,-2,-0.3530721314345729
12,-1,0.17641353812620775
12,0,-0.37552305866923025
12,1,-0.24612720145952516
12,2,0.5194127296876674
12,3,0.5927645949857075
12,4,-0.2650997349670098
12,5,-0.19114989932691764
12,6,-0.046915085871200406
12,7,0.01415173442769067
13,-7,0.012983602991716968
13,-6,0.055902268536080386
13,-5,0.030580912033258127
13,-4,0.09204101177698946
13,-3,-0.016999990088883487
13,-2,-0.3550997488149054
13,-1,0.18493049814319742
13,0,-0.37658256869463225
13,1,-0.2490005220532501
13,2,0.5164104998893276
13,3,0.5917475193984117
13,4,-0.26456169155126324
13,5,-0.19014657239129917
13,6,-0.04645159614362999
13,7,0.014246376968881928
14,-7,0.013086593203252003
14,-6,0.055359113036124445
14,-5,0.030287668341220837
14,-4,0.0919090521303366
14,-3,-0.017931635765262386
14,-2,-0.3493746570382613
14,-1,0.18394667598479525
14,0,-0.38017443580778426
14,1,-0.24999415103687442
14,2,0.5163284658145715
14,3,0.5943556330841546
14,4,-0.26526954430617555
14,5,-0.19039961478084663
14,6,-0.046488546778404305
14,7,0.014359383919153671
15,-7,0.013102337372949881
15,-6,0.055413010708086415
15,-5,0.030649383797025774
15,-4,0.09226311970118076
15,-3,-0.017635408034763538
15,-2,-0.3493677371169672
15,-1,0.18152009641434735
15,0,-0.3805208289542098
15,1,-0.24982245922454616
15,2,0.5167113675551599
15,3,0.5944741827713264
15,4,-0.26259972346324034
15,5,-0.19089560869519367
15,6,-0.047268464672407313
15,7,0.01397673184125177
16,-7,0.014079744786243535
16,-6,0.056664442571255025
16,-5,0.03199351141279531
16,-4,0.09312289479318284
16,-3,-0.02639964348464328
16,-2,-0.3533078358806611
16,-1,0.18267516844217227
16,0,-0.3752674923838146
16,1,-0.2421741130486566
16,2,0.5138405800990881
16,3,0.5941228047297832
16,4,-0.2654020469377729
16,5,-0.1910734543437466
16,6,-0.04708649481239306
16,7,0.014211934057168203
17,-7,0.013432492375318114
17,-6,0.05595208975380906
17,-5,0.031276573733800155
17,-4,0.09228157050241052
17,-3,-0.020915451656733107
17,-2,-0.3522163126741282
17,-1,0.18061584481053242
17,0,-0.37450129049491243
17,1,-0.2459831635198837
17,2,0.515886315774296
17,3,0.5951696292850328
17,4,-0.26896439425798224
17,5,-0.1907097183132922
17,6,-0.04606311026325317
17,7,0.014738924944986156
18,-7,0.013315253307736754
18,-6,0.0560825280721601
18,-5,0.03118472396715353
18,-4,0.09261564645500667
18,-3,-0.01973158526062924
18,-2,-0.3541808298624622
18,-1,0.18235618719884084
18,0,-0.3773698819886776
18,1,-0.24521304102288605
18,2,0.5178379521524352
18,3,0.5910550128801964
18,4,-0.2651581284241961
18,5,-0.1904449097271781
18,6,-0.04655957357754247
18,7,0.01421064583004247
19,-7,0.013920493166139889
19,-6,0.05647831571768794
19,-5,0.031575695824349014
19,-4,0.09320303488739003
19,-3,-0.02480055015552534
19,-2,-0.35292423143078466
19,-1,0.18492661949406075
19,0,-0.37958597163218255
19,1,-0.2441632529010473
19,2,0.5178516882896703
19,3,0.5892448356843959
19,4,-0.2612119881331786
19,5,-0.19069394496751066
19,6,-0.04746872484936591
19,7,0.01364798100590132
20,-7,0.014162668047070372
20,-6,0.05688963631231432
20,-5,0.03190544832056674
20,-4,0.09286231497921689
20,-3,-0.026966736210676842
20,-2,-0.3547337794668913
20,-1,0.18578031937869505
20,0,-0.37283909633386914
20,1,-0.2466618567505414
20,2,0.5139259432059379
20,3,0.5928951511084785
20,4,-0.26269210067551146
20,5,-0.19101085532823706
20,6,-0.04743213999829149
20,7,0.013915083411738789
21,-7,0.013631296703867472
21,-6,0.05668703970160983
21,-5,0.031739625845306894
21,-4,0.09283412789836612
21,-3,-0.02244041266877711
21,-2,-0.35699540226138077
21,-1,0.18321348781962934
21,0,-0.3733458856794809
21,1,-0.24425129584179975
21,2,0.5147144533612052
21,3,0.5923321610606528
21,4,-0.26456709342268325
21,5,-0.1907440951591285
21,6,-0.0469482081727848
21,7,0.014140200815397332
22,-7,0.014222227769689318
22,-6,0.05690258430852695
22,-5,0.03197077898795719
22,-4,0.092883930457005
22,-3,-0.02740379240752325
22,-2,-0.35472955854310206
22,-1,0.18564863325285572
22,0,-0.3727285462879031
22,1,-0.24716323131568024
22,2,0.5173247668436424
22,3,0.5900878501794559
22,4,-0.2629936724760756
22,5,-0.19079799207747236
22,6,-0.047121504172198306
22,7,0.013897525480822398
23,-7,0.014487580835794649
23,-6,0.057205215308922655
23,-5,0.03270693412377242
23,-4,0.09308451228208689
23,-3,-0.02961367947816717
23,-2,-0.3551123663306285
23,-1,0.1821514834810754
23,0,-0.3683691465112995
23,1,-0.24515676955995216
23,2,0.5136000955864833
23,3,0.5947711763117279
23,4,-0.26504568124945294
23,5,-0.19153021021861016
23,6,-0.04733362745155958
23,7,0.014154482869806676
24,-7,0.01304401824173039
24,-6,0.05676650209997416
24,-5,0.0317303550969713
24,-4,0.09323398310311869
24,-3,-0.01736308553738031
24,-2,-0.3623157627337063
24,-1,0.1813495780043465
24,0,-0.3752332914271744
24,1,-0.2390387435896093
24,2,0.5180565452008827
24,3,0.5870576903164962
24,4,-0.2647181051528074
24,5,-0.1901049638060511
24,6,-0.04652650471146071
24,7,0.01406178489466953
25,-7,0.014221110815478635
25,-6,0.05681634861848083
25,-5,0.031947544334792126
25,-4,0.09334972285224281
25,-3,-0.02758573803231147
25,-2,-0.3537623463355569
25,-1,0.18516541827400965
25,0,-0.37740511910342855
25,1,-0.24196145759215973
25,2,0.5163906551126096
25,3,0.5900782689898815
25,4,-0.2631583873881773
25,5,-0.19074515455546023
25,6,-0.04722671666824063
25,7,0.013875850677839857
26,-7,0.013615599459574296
26,-6,0.05647387454565081
26,-5,0.03169287552308809
26,-4,0.09324570522685127
26,-3,-0.022372167957491414
26,-2,-0.3551924311082159
26,-1,0.1820395997509728
26,0,-0.3782914802178691
26,1,-0.2402487953480409
26,2,0.5163882113779722
26,3,0.5908316448261605
26,4,-0.2647479850511819
26,5,-0.19062509383042153
26,6,-0.046899623525631595
26,7,0.01409006632858249
27,-7,0.013993010291133354
27,-6,0.05702341601939204
27,-5,0.03201085647113953
27,-4,0.09360741571905487
27,-3,-0.025581148697300254
27,-2,-0.35730644488552404
27,-1,0.18524209271064004
27,0,-0.37778719495440743
27,1,-0.23961050662706287
27,2,0.5170430774976023
27,3,0.5874970139684572
27,4,-0.2620496761127244
27,5,-0.1904863862861663
27,6,-0.0472938916417476
27,7,0.01369836652751353
28,-7,0.0
28,-6,0.0
28,-5,0.0
28,-4,0.0
28,-3,0.0
28,-2,0.0
28,-1,0.0
28,0,0.0
28,1,0.0
28,2,0.0
28,3,0.0
28,4,0.0
28,5,0.0
28,6,0.0
28,7,0.0
29,-7,0.0
29,-6,0.0
29,-5,0.0
29,-4,0.0
29,-3,0.0
29,-2,0.0
29,-1,0.0
29,0,0.0
29,1,0.0
29,2,0.0
29,3,0.0
29,4,0.0
29,5,0.0
29,6,0.0
29,7,0.0
30,-7,0.0
30,-6,0.0
30,-5,0.0
30,-4,0.0
30,-3,0.0
30,-2,0.0
30,-1,0.0
30,0,0.0
30,1,0.0
30,2,0.0
30,3,0.0
30,4,0.0
30,5,0.0
30,6,0.0
30,7,0.0
31,-7,0.0
31,-6,0.0
31,-5,0.0
31,-4,0.0
31,-3,0.0
31,-2,0.0
31,-1,0.0
31,0,0.0
31,1,0.0
31,2,0.0
31,3,0.0
31,4,0.0
31,5,0.0
31,6,0.0
31,7,0.0
32,-7,0.0
32,-6,0.0
32,-5,0.0
32,-4,0.0
32,-3,0.0
32,-2,0.0
32,-1,0.0
32,0,0.0
32,1,0.0
32,2,0.0
32,3,0.0
32,4,0.0
32,5,0.0
32,6,0.0
32,7,0.0
33,-7,0.0
33,-6,0.0
33,-5,0.0
33,-4,0.0
33,-3,0.0
33,-2,0.0
33,-1,0.0
33,0,0.0
33,1,0.0
33,2,0.0
33,3,0.0
33,4,0.0
33,5,0.0
33,6,0.0
33,7,0.0
34,-7,0.0
34,-6,0.0
34,-5,0.0
34,-4,0.0
34,-3,0.0
34,-2,0.0
34,-1,0.0
34,0,0.0
34,1,0.0
34,2,0.0
34,3,0.0
34,4,0.0
34,5,0.0
34,6,0.0
34,7,0.0
35,-7,0.0
35,-6,0.0
35,-5,0.0
35,-4,0.0
35,-3,0.0
35,-2,0.0
35,-1,0.0
35,0,0.0
35,1,0.0
35,2,0.0
35,3,0.0
35,4,0.0
35,5,0.0
35,6,0.0
35,7,0.0
36,-7,0.0
36,-6,0.0
36,-5,0.0
36,-4,0.0
36,-3,0.0
36,-2,0.0
36,-1,0.0
36,0,0.0
36,1,0.0
36,2,0.0
36,3,0.0
36,4,0.0
36,5,0.0
36,6,0.0
36,7,0.0
37,-7,0.0
37,-6,0.0
37,-5,0.0
37,-4,0.0
37,-3,0.0
37,-2,0.0
37,-1,0.0
37,0,0.0
37,1,0.0
37,2,0.0
37,3,0.0
37,4,0.0
37,5,0.0
37,6,0.0
37,7,0.0
38,-7,0.0
38,-6,0.0
38,-5,0.0
38,-4,0.0
38,-3,0.0
38,-2,0.0
38,-1,0.0
38,0,0.0
38,1,0.0
38,2,0.0
38,3,0.0
38,4,0.0
38,5,0.0
38,6,0.0
38,7,0.0
39,-7,0.011792816129219511
39,-6,0.05249361851709887
39,-5,0.027230513596975425
39,-4,0.0880756061645502
39,-3,-0.007407836648985639
39,-2,-0.3354390695888967
39,-1,0.18330658455903756
39,0,-0.3776931329241488
39,1,-0.2729979926537771
39,2,0.524273621505081
39,3,0.5991247552462476
39,4,-0.27726104505175947
39,5,-0.1890261978447385
39,6,-0.04272869246142501
39,7,0.016256451455521057
40,-7,0.012798093573453325
40,-6,0.0532748915605884
40,-5,0.028022440626924754
40,-4,0.08873172040853985
40,-3,-0.016079637612441484
40,-2,-0.33545640023765627
40,-1,0.18672116504387914
40,0,-0.3770104050066807
40,1,-0.2710534761652858
40,2,0.5294083259099244
40,3,0.5926462091532747
40,4,-0.2766886002157404
40,5,-0.1887756851696039
40,6,-0.04254605755855416
40,7,0.016007415689378267
41,-7,0.013079171938655071
41,-6,0.05400396611834391
41,-5,0.02900672000307298
41,-4,0.08926412605561528
41,-3,-0.017696815649146536
41,-2,-0.33917221164700634
41,-1,0.1851860768743113
41,0,-0.3720905009451012
41,1,-0.27299810920521517
41,2,0.5278240071259599
41,3,0.5930947865700043
41,4,-0.27075980149271456
41,5,-0.18975601205786377
41,6,-0.044202138477199546
41,7,0.015216734788284399
42,-7,0.012723524776288594
42,-6,0.05352156718449121
42,-5,0.02837891940452216
42,-4,0.08895587162804183
42,-3,-0.015366024394547064
42,-2,-0.3376904404747308
42,-1,0.18488722808337535
42,0,-0.37502222439663446
42,1,-0.2688027731442478
42,2,0.5248570672559586
42,3,0.5964071520542098
42,4,-0.2764920349166727
42,5,-0.1892904430743885
42,6,-0.043079701434015925
42,7,0.016012311448349716
43,-7,0.012901517226871613
43,-6,0.05378951353752448
43,-5,0.028897836646330083
43,-4,0.08955686390352442
43,-3,-0.01617717160435812
43,-2,-0.33828878916047805
43,-1,0.18381675895883678
43,0,-0.37596727282070586
43,1,-0.26991607447430827
43,2,0.5269257823368063
43,3,0.5939143228625509
43,4,-0.27025804479465193
43,5,-0.1898594703602946
43,6,-0.044473484480461366
43,7,0.015137712222813486
44,-7,0.012350769231154548
44,-6,0.05396937652661576
44,-5,0.028226005533053978
44,-4,0.08945763941489808
44,-3,-0.012204821495744988
44,-2,-0.3439721889830994
44,-1,0.1882439979486356
44,0,-0.3776790354626832
44,1,-0.2647610054670459
44,2,0.5215535949799783
44,3,0.5941701516440899
44,4,-0.2718802494637355
44,5,-0.18898322259777778
44,6,-0.04393493867486637
44,7,0.015443926866527062
45,-7,0.013067407769510406
45,-6,0.05439479334877753
45,-5,0.029683554233963502
45,-4,0.09043177593527976
45,-3,-0.017806532264704626
45,-2,-0.34233568583979196
45,-1,0.1816789162366331
45,0,-0.3757384336573403
45,1,-0.26060246259393544
45,2,0.5254247870684549
45,3,0.5933344979591577
45,4,-0.272646690755652
45,5,-0.18990532063625196
45,6,-0.04430044556523386
45,7,0.015319838761133272
46,-7,0.012481977436671631
46,-6,0.05434131120199678
46,-5,0.029524711150454252
46,-4,0.09008857754091427
46,-3,-0.012138319511244958
46,-2,-0.34549258448427844
46,-1,0.180587421740789
46,0,-0.3725516008305062
46,1,-0.2665281363451533
46,2,0.5218477707168981
46,3,0.5963473640239223
46,4,-0.2670873385865508
46,5,-0.19050967380413178
46,6,-0.04565545737802593
46,7,0.014743977128245113
47,-7,0.012977052118341407
47,-6,0.05446414764657005
47,-5,0.029414526833124705
47,-4,0.09028079357742352
47,-3,-0.017085524179101256
47,-2,-0.34346413376604623
47,-1,0.18430829723899328
47,0,-0.3757953266946473
47,1,-0.26213268979947413
47,2,0.523337427134743
47,3,0.5937320044074093
47,4,-0.2707332164470381
47,5,-0.18981448776923082
47,6,-0.04463273540226249
47,7,0.015143865101195135
48,-7,0.011784082236159744
48,-6,0.05381832532496782
48,-5,0.028881715836503757
48,-4,0.09014913876407478
48,-3,-0.0062291510869442995
48,-2,-0.3465965068363618
48,-1,0.1794758568503308
48,0,-0.37847263648641716
48,1,-0.26348936164232983
48,2,0.5283697056136524
48,3,0.5898253667867275
48,4,-0.2680435534815488
48,5,-0.18950721137065274
48,6,-0.044743566149953354
48,7,0.01477779564179136
49,-7,-0.0046061327480180925
49,-6,0.027118620796369643
49,-5,-0.019374114422147235
49,-4,0.031215910864296228
49,-3,0.06505557045507189
49,-2,-0.3244492379023323
49,-1,0.3670900318756915
49,0,-0.30036427863253246
49,1,-0.12891798469286606
49,2,0.7483805548470699
49,3,-0.44326928613324407
49,4,-0.08010477414384894
49,5,0.01536716719987424
49,6,0.05063754015704377
49,7,-0.003779587520428157
50,-7,0.012249545235796288
50,-6,0.054364643196327854
50,-5,0.0290474742805976
50,-4,0.09052552302198336
50,-3,-0.010512592017415221
50,-2,-0.34826486809181817
50,-1,0.18420812320541932
50,0,-0.379444026966093
50,1,-0.2610201614996418
50,2,0.5294204674996082
50,3,0.5856143397634505
50,4,-0.26713019853697845
50,5,-0.18902181594547424
50,6,-0.0446360033946941
50,7,0.01459955024893194
51,-7,0.011536444216662424
51,-6,0.05371364074061064
51,-5,0.028071959818894706
51,-4,0.0901607531260061
51,-3,-0.004481124631422047
51,-2,-0.34721985483874196
51,-1,0.18502394354419557
51,0,-0.384284179501023
51,1,-0.26214995475105374
51,2,0.5250502807211206
51,3,0.5891288149024885
51,4,-0.26485354368990593
51,5,-0.18897953863945807
51,6,-0.045178929218122214
51,7,0.014461288199748313
52,-7,0.012170160113985761
52,-6,0.05351843299773767
52,-5,0.02865643566769362
52,-4,0.09027366250484527
52,-3,-0.00999840341923012
52,-2,-0.3411083403751914
52,-1,0.18072419985767252
52,0,-0.38348377903811676
52,1,-0.2606821367747019
52,2,0.527774577671031
52,3,0.5912771113883896
52,4,-0.2703685085716492
52,5,-0.18942633133367473
52,6,-0.044387759035754794
52,7,0.01506067834696368
53,-7,-0.004616397886458003
53,-6,0.02722214260333454
53,-5,-0.01949119792749313
53,-4,0.031629333557180346
53,-3,0.06447709609536269
53,-2,-0.32568180183554396
53,-1,0.36822314102465065
53,0,-0.3043504721485344
53,1,-0.12080101082990542
53,2,0.7476099088762235
53,3,-0.44326498633689443
53,4,-0.08525412948993837
53,5,0.015838823525889337
53,6,0.05164806234072992
53,7,-0.0031885115686033413
54,-7,-0.003944239886150735
54,-6,0.027690419552589884
54,-5,-0.019203504658093465
54,-4,0.03181671721582022
54,-3,0.05847173824586967
54,-2,-0.32490367326253916
54,-1,0.3721042869089615
54,0,-0.30354762486686315
54,1,-0.12046711489034695
54,2,0.7464025750335268
54,3,-0.44376197507450205
54,4,-0.08474855951110494
54,5,0.015844226440534574
54,6,0.051511766570748345
54,7,-0.0032650378184505367
55,-7,0.012627629076018066
55,-6,0.0541982584213052
55,-5,0.02889245063484208
55,-4,0.09037275930516558
55,-3,-0.014054809512263903
55,-2,-0.34351768180891346
55,-1,0.18578744850564563
55,0,-0.3807523441892343
55,1,-0.26165349870811005
55,2,0.523760978377971
55,3,0.5918604220186963
55,4,-0.26774802891195454
55,5,-0.18952746378332072
55,6,-0.04502644724728563
55,7,0.014780327821438835
56,-7,0.012432442087742617
56,-6,0.05453640059001459
56,-5,0.029159975925047897
56,-4,0.09072032396745984
56,-3,-0.012216543978958338
56,-2,-0.34756046596320034
56,-1,0.1851601581971416
56,0,-0.3798786340085556
56,1,-0.2592844616414133
56,2,0.5211446939730098
56,3,0.5922748807115755
56,4,-0.2655893126378271
56,5,-0.1897344567108729
56,6,-0.045671237227720325
56,7,0.014506236716556094
57,-7,0.013331095830113293
57,-6,0.05488153651480546
57,-5,0.030045957964136515
57,-4,0.09132223925559053
57,-3,-0.019995850895568983
57,-2,-0.3440279105888656
57,-1,0.18361478469025602
57,0,-0.3795346115083276
57,1,-0.25561244869667915
57,2,0.5222912791980421
57,3,0.592691612157809
57,4,-0.2679152081026032
57,5,-0.1901955073682013
57,6,-0.04556924980062536
57,7,0.014672281350118242
58,-7,0.013326154017226132
58,-6,0.055534735447608126
58,-5,0.02988756754255195
58,-4,0.09102998576879977
58,-3,-0.02035030428588184
58,-2,-0.3497127761628884
58,-1,0.1896558422056832
58,0,-0.3750736327981664
58,1,-0.2565539094810703
58,2,0.5157302431760616
58,3,0.5943191331436601
58,4,-0.26677192815789114
58,5,-0.18991207232096025
58,6,-0.04577601321391219
58,7,0.014666975119179585
59,-7,0.013090612247978905
59,-6,0.05529063009202697
59,-5,0.029769068303673252
59,-4,0.09111428432563749
59,-3,-0.017983654130558118
59,-2,-0.3494474131499431
59,-1,0.18825522319185048
59,0,-0.37729503085718336
59,1,-0.2577133697577185
59,2,0.5204521010160771
59,3,0.5906014912952612
59,4,-0.2648892614005765
59,5,-0.18975601225777314
59,6,-0.045852462771440956
59,7,0.014363793852688357
60,-7,0.013435850369484626
60,-6,0.055662954646219495
60,-5,0.030811621862435423
60,-4,0.09141913621501287
60,-3,-0.020737142274565152
60,-2,-0.35012554185812766
60,-1,0.1828785986386997
60,0,-0.3715836122965675
60,1,-0.2554048267406814
60,2,0.5198135488545577
60,3,0.5935156531596139
60,4,-0.26816831139860947
60,5,-0.19048784307755565
60,6,-0.045733255969044546
60,7,0.014703169869127852
61,-7,0.013010815671492799
61,-6,0.055234147358820304
61,-5,0.03009139332064493
61,-4,0.09176026379644016
61,-3,-0.01714307659433508
61,-2,-0.349328302934655
61,-1,0.18469410494277252
61,0,-0.3807768747576448
61,1,-0.2524309823798929
61,2,0.5217785371733642
61,3,0.5895996429697556
61,4,-0.2647138525238985
61,5,-0.18993580052269285
61,6,-0.046076385406969934
61,7,0.014236369886798474
62,-7,0.01289406753195773
62,-6,0.05491079676178094
62,-5,0.02982121820626298
62,-4,0.09157069776486136
62,-3,-0.016460956470595728
62,-2,-0.3478071901917975
62,-1,0.1838334681357012
62,0,-0.38220516606281923
62,1,-0.2508300732938659
62,2,0.5241803144676987
62,3,0.5886320732759363
62,4,-0.2687797778758722
62,5,-0.18947132021827268
62,6,-0.04501435506781174
62,7,0.014726203036835977
63,-7,0.012542234855118713
63,-6,0.055447788319775884
63,-5,0.03032130450705002
63,-4,0.09128083608954767
63,-3,-0.012768201376692738
63,-2,-0.3545643636499663
63,-1,0.18202006599392295
63,0,-0.37263487251527383
63,1,-0.2563518097336469
63,2,0.5192572289567834
63,3,0.5924599695351942
63,4,-0.2648434625511082
63,5,-0.19029079966279006
63,6,-0.046215698470122774
63,7,0.014339779702208056
64,-7,0.012294905155328403
64,-6,0.055015502179047625
64,-5,0.029687921917383214
64,-4,0.09119669688711554
64,-3,-0.01015330108276716
64,-2,-0.35224282357022146
64,-1,0.1842856877063553
64,0,-0.37790727007196695
64,1,-0.26173451662727515
64,2,0.521735348648718
64,3,0.5896341587842273
64,4,-0.25760826280570115
64,5,-0.19028721121881817
64,6,-0.0473721852186043
64,7,0.013455349317178879
