subcarrier_0,subcarrier_4,subcarrier_6,subcarrier_7,subcarrier_8,subcarrier_11,subcarrier_12,subcarrier_13,timestamp
16.0,18.0,6.0,-2.0,16.0,7.0,16.0,6.0,3343.45
36.0,-6.0,-15.0,-15.0,2.0,-21.0,-2.0,-19.0,3343.45
80.0,-1.0,-11.0,6.0,-12.0,8.0,-13.0,8.0,3343.47
94.0,-6.0,-12.0,2.0,-19.0,5.0,-15.0,4.0,3343.48
94.0,-6.0,-2.0,19.0,3.0,18.0,-7.0,15.0,3343.48
90.0,-9.0,-15.0,10.0,-6.0,2.0,-18.0,3.0,3343.49
98.0,35.0,26.0,-25.0,29.0,-19.0,25.0,-26.0,3343.49
16.0,-32.0,1.0,-41.0,-19.0,-25.0,0.0,-45.0,3343.5
36.0,-32.0,4.0,-12.0,-12.0,-21.0,-11.0,-29.0,3343.51
94.0,13.0,34.0,11.0,35.0,-13.0,31.0,-6.0,3343.51
94.0,-16.0,17.0,22.0,-11.0,45.0,8.0,46.0,3343.52
90.0,12.0,12.0,0.0,10.0,11.0,8.0,8.0,3343.53
90.0,4.0,12.0,-3.0,9.0,-4.0,21.0,-8.0,3343.54
90.0,-12.0,-13.0,-6.0,-7.0,-16.0,-14.0,-14.0,3343.55
-108.0,-5.0,-6.0,-18.0,-16.0,-15.0,-10.0,-24.0,3343.58
-91.0,10.0,9.0,7.0,6.0,16.0,7.0,12.0,3343.58
-71.0,0.0,-5.0,-9.0,-5.0,-13.0,1.0,-9.0,3343.59
116.0,-9.0,-2.0,-19.0,-49.0,-18.0,-35.0,-18.0,3343.59
94.0,41.0,42.0,11.0,61.0,-12.0,36.0,0.0,3343.6
94.0,9.0,19.0,12.0,30.0,39.0,15.0,34.0,3343.6
94.0,6.0,-39.0,10.0,-16.0,16.0,-18.0,15.0,3343.61
94.0,-58.0,-36.0,-20.0,-9.0,-47.0,-32.0,-17.0,3343.61
94.0,-19.0,-11.0,-10.0,-2.0,-42.0,12.0,-37.0,3343.62
86.0,13.0,32.0,12.0,32.0,24.0,28.0,25.0,3343.63
98.0,-14.0,-15.0,10.0,-4.0,-6.0,-14.0,8.0,3343.63
102.0,-9.0,-15.0,9.0,-22.0,10.0,-25.0,20.0,3343.64
98.0,-12.0,-16.0,5.0,-14.0,-4.0,-16.0,0.0,3343.64
-68.0,4.0,3.0,-10.0,13.0,-10.0,5.0,-10.0,3343.65
-44.0,4.0,8.0,4.0,11.0,7.0,8.0,2.0,3343.68
-24.0,-48.0,-13.0,-12.0,-17.0,-29.0,-24.0,-45.0,3343.68
94.0,-31.0,-5.0,22.0,-27.0,2.0,-34.0,-3.0,3343.69
-34.0,-23.0,14.0,-26.0,18.0,-34.0,-23.0,-45.0,3343.7
-98.0,-18.0,-14.0,-33.0,-20.0,-14.0,-44.0,-39.0,3343.7
-75.0,-15.0,-52.0,10.0,-21.0,24.0,-45.0,23.0,3343.71
94.0,8.0,14.0,1.0,12.0,5.0,17.0,8.0,3343.71
-93.0,3.0,0.0,9.0,3.0,15.0,8.0,10.0,3343.72
-73.0,15.0,10.0,-10.0,-7.0,-42.0,20.0,-21.0,3343.72
-55.0,1.0,14.0,9.0,29.0,40.0,10.0,19.0,3343.73
98.0,-16.0,-7.0,-12.0,-31.0,-20.0,-61.0,-13.0,3343.74
-65.0,2.0,-12.0,14.0,-26.0,7.0,-22.0,-2.0,3343.74
11.0,-8.0,-9.0,-8.0,-9.0,-21.0,-18.0,-21.0,3343.75
74.0,-3.0,3.0,23.0,1.0,7.0,-2.0,17.0,3343.75
98.0,-12.0,-16.0,8.0,-18.0,8.0,-12.0,4.0,3343.76
108.0,11.0,8.0,-5.0,11.0,-1.0,12.0,-9.0,3343.78
-41.0,7.0,7.0,4.0,11.0,6.0,18.0,8.0,3343.79
94.0,9.0,21.0,17.0,18.0,15.0,38.0,20.0,3343.79
-21.0,-6.0,-2.0,6.0,-8.0,12.0,-5.0,18.0,3343.8
94.0,-5.0,-9.0,7.0,-12.0,-1.0,-19.0,10.0,3343.8
-65.0,1.0,4.0,-12.0,0.0,-32.0,-3.0,-32.0,3343.81
-47.0,-5.0,-15.0,0.0,-32.0,-3.0,-24.0,-11.0,3343.81
-27.0,-16.0,-2.0,-9.0,-37.0,-34.0,-32.0,2.0,3343.82
-116.0,-2.0,1.0,-2.0,44.0,-14.0,35.0,-18.0,3343.83
-98.0,-42.0,0.0,-18.0,-19.0,-20.0,-35.0,-23.0,3343.83
94.0,-12.0,9.0,-30.0,40.0,-28.0,9.0,-9.0,3343.84
4.0,2.0,10.0,7.0,2.0,10.0,5.0,14.0,3343.85
-85.0,-20.0,-3.0,-12.0,-7.0,-15.0,-7.0,-17.0,3343.87
94.0,-23.0,-19.0,3.0,-15.0,11.0,-18.0,22.0,3343.89
4.0,19.0,15.0,-47.0,28.0,-45.0,31.0,-22.0,3343.89
24.0,8.0,10.0,12.0,11.0,15.0,21.0,15.0,3343.9
19.0,-3.0,-8.0,-15.0,-8.0,-23.0,-15.0,-22.0,3343.9
-20.0,-6.0,-10.0,-16.0,-11.0,-20.0,-11.0,-18.0,3343.91
-85.0,12.0,15.0,-9.0,13.0,-11.0,16.0,-13.0,3343.91
-65.0,-14.0,-14.0,2.0,-20.0,0.0,-19.0,-5.0,3343.92
-10.0,-1.0,5.0,18.0,3.0,20.0,-1.0,25.0,3343.93
-87.0,7.0,17.0,27.0,19.0,45.0,17.0,45.0,3343.93
-67.0,-2.0,-2.0,18.0,2.0,21.0,-3.0,23.0,3343.94
39.0,13.0,19.0,-2.0,20.0,-1.0,22.0,-2.0,3343.94
94.0,11.0,19.0,30.0,18.0,53.0,34.0,44.0,3343.95
116.0,-14.0,-13.0,-9.0,-12.0,-15.0,-12.0,-14.0,3343.95
98.0,-15.0,-20.0,-5.0,-17.0,-3.0,-26.0,-4.0,3343.96
-119.0,18.0,15.0,3.0,19.0,-9.0,22.0,-2.0,3343.96
-71.0,-13.0,-1.0,-29.0,-2.0,-18.0,-5.0,-5.0,3343.98
-51.0,29.0,24.0,-7.0,15.0,-3.0,18.0,-1.0,3343.98
94.0,3.0,2.0,-14.0,17.0,-3.0,-2.0,-14.0,3343.99
94.0,-19.0,32.0,24.0,28.0,-5.0,26.0,6.0,3343.99
116.0,-34.0,-11.0,3.0,-17.0,32.0,-7.0,15.0,3344.0
94.0,-8.0,-3.0,-25.0,-18.0,-69.0,-10.0,-38.0,3344.0
-119.0,-8.0,13.0,-11.0,37.0,-1.0,23.0,-17.0,3344.01
-99.0,0.0,25.0,10.0,13.0,37.0,44.0,34.0,3344.01
-93.0,-10.0,-12.0,-10.0,-9.0,-5.0,-14.0,-8.0,3344.02
-73.0,-4.0,-4.0,5.0,-7.0,9.0,0.0,17.0,3344.03
-71.0,-4.0,29.0,-3.0,0.0,-44.0,-22.0,-27.0,3344.03
94.0,33.0,17.0,-8.0,39.0,-21.0,32.0,-25.0,3344.04
98.0,13.0,1.0,19.0,3.0,20.0,-10.0,14.0,3344.04
98.0,-18.0,-4.0,-4.0,-14.0,-9.0,-18.0,7.0,3344.05
-128.0,-3.0,4.0,-17.0,13.0,-14.0,7.0,-20.0,3344.08
-128.0,3.0,5.0,-24.0,-8.0,-17.0,-1.0,-10.0,3344.08
94.0,2.0,-3.0,-13.0,-9.0,-22.0,-9.0,-18.0,3344.09
-64.0,17.0,15.0,-9.0,16.0,-14.0,17.0,-11.0,3344.1
2.0,0.0,2.0,14.0,4.0,17.0,8.0,20.0,3344.1
22.0,-10.0,-13.0,2.0,-14.0,5.0,-20.0,6.0,3344.11
-44.0,8.0,6.0,-6.0,7.0,-17.0,13.0,-21.0,3344.12
84.0,5.0,12.0,2.0,15.0,-5.0,20.0,-7.0,3344.12
104.0,-16.0,-16.0,7.0,-14.0,2.0,-24.0,2.0,3344.13
94.0,9.0,4.0,-45.0,-9.0,-40.0,-22.0,-42.0,3344.13
94.0,9.0,19.0,-6.0,13.0,-6.0,18.0,-8.0,3344.14
-128.0,1.0,7.0,14.0,8.0,13.0,18.0,14.0,3344.14
-128.0,-10.0,-14.0,10.0,-12.0,16.0,-14.0,17.0,3344.15
115.0,-13.0,-17.0,-7.0,-11.0,-15.0,-23.0,-11.0,3344.18
98.0,3.0,6.0,13.0,-1.0,19.0,-4.0,18.0,3344.18
94.0,56.0,39.0,-8.0,37.0,-6.0,47.0,7.0,3344.19
94.0,9.0,0.0,49.0,-21.0,58.0,15.0,64.0,3344.2
115.0,-63.0,-28.0,32.0,-46.0,6.0,-33.0,37.0,3344.2
-128.0,48.0,10.0,-47.0,22.0,-26.0,15.0,-47.0,3344.21
-128.0,10.0,12.0,6.0,17.0,3.0,20.0,12.0,3344.21
20.0,-8.0,-11.0,14.0,0.0,20.0,0.0,25.0,3344.22
94.0,-23.0,12.0,-43.0,-14.0,-73.0,12.0,-47.0,3344.22
94.0,18.0,18.0,-13.0,33.0,14.0,34.0,-16.0,3344.23
98.0,11.0,16.0,4.0,8.0,12.0,14.0,11.0,3344.25
98.0,-10.0,0.0,-16.0,3.0,-17.0,0.0,-20.0,3344.26
98.0,-2.0,-2.0,11.0,-15.0,13.0,-10.0,10.0,3344.26
98.0,-7.0,-21.0,1.0,-13.0,-10.0,-25.0,-4.0,3344.27
98.0,-5.0,6.0,-13.0,7.0,-15.0,14.0,-22.0,3344.27
98.0,-18.0,-20.0,-8.0,-8.0,-8.0,-17.0,-10.0,3344.35
75.0,10.0,14.0,11.0,9.0,12.0,4.0,20.0,3344.37
95.0,9.0,8.0,19.0,1.0,19.0,12.0,18.0,3344.38
98.0,13.0,16.0,6.0,13.0,8.0,14.0,7.0,3344.38
98.0,-1.0,8.0,-13.0,-1.0,-13.0,7.0,-23.0,3344.39
86.0,-23.0,0.0,-48.0,-33.0,-52.0,-56.0,-46.0,3344.4
-108.0,-50.0,-24.0,7.0,-57.0,5.0,-76.0,-33.0,3344.4
-108.0,30.0,35.0,-20.0,28.0,-25.0,40.0,-12.0,3344.41
94.0,5.0,7.0,32.0,-14.0,68.0,-30.0,36.0,3344.41
95.0,-2.0,-10.0,-30.0,-8.0,-41.0,-17.0,-42.0,3344.42
94.0,-37.0,-42.0,13.0,-48.0,25.0,-28.0,2.0,3344.42
94.0,-4.0,-6.0,-21.0,-8.0,-14.0,-17.0,-15.0,3344.43
-126.0,11.0,15.0,-4.0,17.0,-5.0,17.0,0.0,3344.44
98.0,-28.0,-45.0,-27.0,-38.0,-30.0,-54.0,-51.0,3344.44
-51.0,-15.0,-11.0,-8.0,-13.0,-12.0,-9.0,-14.0,3344.47
-93.0,8.0,19.0,-2.0,24.0,2.0,22.0,-2.0,3344.48
-73.0,15.0,11.0,-1.0,17.0,1.0,11.0,-9.0,3344.49
98.0,-10.0,-22.0,10.0,-21.0,-1.0,-20.0,-6.0,3344.49
98.0,-3.0,3.0,-17.0,3.0,-15.0,3.0,-20.0,3344.5
-31.0,6.0,8.0,-13.0,9.0,-17.0,9.0,-19.0,3344.5
-93.0,-33.0,-15.0,3.0,-32.0,-8.0,-22.0,14.0,3344.51
-73.0,22.0,30.0,20.0,8.0,22.0,41.0,34.0,3344.51
94.0,-33.0,-30.0,3.0,-29.0,-23.0,-58.0,1.0,3344.52
94.0,3.0,28.0,-20.0,-11.0,-34.0,-4.0,-17.0,3344.52
-85.0,14.0,15.0,-3.0,16.0,0.0,23.0,-7.0,3344.56
-65.0,15.0,19.0,3.0,12.0,10.0,21.0,4.0,3344.56
98.0,-9.0,-11.0,-6.0,-15.0,-10.0,-8.0,-12.0,3344.57
-116.0,0.0,11.0,-7.0,14.0,-13.0,11.0,-11.0,3344.6
94.0,5.0,8.0,-5.0,9.0,-10.0,13.0,-11.0,3344.61
-98.0,31.0,36.0,2.0,30.0,10.0,29.0,39.0,3344.61
-85.0,27.0,29.0,1.0,19.0,-22.0,32.0,-23.0,3344.62
-65.0,-6.0,-13.0,-21.0,-52.0,-12.0,-32.0,10.0,3344.62
94.0,-3.0,10.0,12.0,-14.0,36.0,3.0,60.0,3344.63
-128.0,9.0,-28.0,-11.0,-35.0,-12.0,-32.0,11.0,3344.63
-61.0,-6.0,24.0,-23.0,-10.0,-44.0,-36.0,-19.0,3344.64
94.0,21.0,10.0,-22.0,4.0,-16.0,18.0,-19.0,3344.65
-71.0,6.0,-7.0,20.0,-5.0,16.0,0.0,14.0,3344.65
98.0,-3.0,-14.0,8.0,-17.0,8.0,-16.0,3.0,3344.67
-50.0,5.0,3.0,14.0,2.0,22.0,-2.0,22.0,3344.69
-128.0,-11.0,-11.0,17.0,-5.0,7.0,-11.0,11.0,3344.7
-46.0,-25.0,-35.0,-10.0,-27.0,23.0,-54.0,-2.0,3344.71
94.0,18.0,17.0,14.0,64.0,-18.0,47.0,25.0,3344.71
94.0,-4.0,5.0,16.0,-10.0,54.0,-33.0,24.0,3344.72
-128.0,-11.0,-2.0,22.0,-6.0,22.0,-13.0,16.0,3344.73
124.0,0.0,-14.0,-9.0,-9.0,-11.0,-11.0,-19.0,3344.73
-84.0,-6.0,-9.0,-11.0,-3.0,-19.0,-4.0,-27.0,3344.74
-64.0,-4.0,9.0,-55.0,10.0,-61.0,-5.0,-32.0,3344.74
-108.0,-27.0,-49.0,-11.0,-55.0,-11.0,-35.0,-1.0,3344.75
-128.0,13.0,17.0,-7.0,19.0,-9.0,22.0,-8.0,3344.75
44.0,12.0,13.0,-6.0,11.0,-16.0,20.0,-12.0,3344.76
124.0,-9.0,-11.0,8.0,-8.0,17.0,-16.0,15.0,3344.77
98.0,11.0,21.0,18.0,5.0,20.0,9.0,14.0,3344.77
98.0,-7.0,-8.0,-11.0,-2.0,-15.0,-4.0,-19.0,3344.78
3.0,3.0,-3.0,-22.0,2.0,-30.0,0.0,-21.0,3344.81
-93.0,17.0,56.0,5.0,61.0,3.0,74.0,-15.0,3344.81
-73.0,-11.0,-24.0,-46.0,-30.0,-31.0,-10.0,-33.0,3344.82
94.0,-14.0,-14.0,9.0,-23.0,10.0,-15.0,8.0,3344.82
94.0,-14.0,-13.0,-4.0,-24.0,-15.0,-25.0,-6.0,3344.83
94.0,-5.0,-1.0,-21.0,-2.0,-20.0,1.0,-27.0,3344.83
-27.0,12.0,20.0,-7.0,20.0,-4.0,19.0,-9.0,3344.84
-7.0,-17.0,-17.0,15.0,-17.0,17.0,-19.0,19.0,3344.85
116.0,16.0,18.0,-5.0,20.0,-2.0,22.0,-4.0,3344.85
-120.0,-12.0,-13.0,15.0,-13.0,19.0,-13.0,19.0,3344.86
120.0,-10.0,-8.0,-20.0,-15.0,-16.0,-13.0,-19.0,3344.86
98.0,12.0,16.0,7.0,14.0,4.0,12.0,4.0,3344.87
-98.0,10.0,5.0,12.0,9.0,13.0,13.0,8.0,3344.87
98.0,11.0,17.0,-2.0,16.0,-8.0,20.0,-6.0,3344.88
90.0,-9.0,-7.0,-16.0,-7.0,-24.0,-1.0,-19.0,3344.88
-85.0,18.0,16.0,10.0,15.0,2.0,15.0,4.0,3344.89
-65.0,-5.0,2.0,11.0,-5.0,18.0,-5.0,23.0,3344.9
-98.0,-11.0,-15.0,5.0,-18.0,-10.0,-16.0,-2.0,3344.9
-83.0,-3.0,-5.0,27.0,7.0,15.0,0.0,11.0,3344.91
-98.0,-17.0,-6.0,32.0,-17.0,30.0,-24.0,42.0,3344.91
94.0,14.0,19.0,51.0,44.0,42.0,37.0,13.0,3344.92
-87.0,-23.0,1.0,39.0,-15.0,35.0,-8.0,59.0,3344.92
-67.0,14.0,51.0,-46.0,23.0,-36.0,30.0,-43.0,3344.93
94.0,1.0,2.0,12.0,10.0,16.0,14.0,22.0,3344.94
86.0,-17.0,-23.0,-1.0,-11.0,9.0,-23.0,18.0,3344.94
-85.0,2.0,0.0,41.0,-15.0,43.0,-12.0,54.0,3344.95
-65.0,31.0,3.0,-53.0,-8.0,-44.0,-8.0,-42.0,3344.95
-98.0,-38.0,-40.0,-30.0,-29.0,-7.0,-61.0,-40.0,3344.96
98.0,-16.0,-9.0,-12.0,-20.0,-13.0,-10.0,-9.0,3344.97
98.0,-14.0,-6.0,12.0,-12.0,11.0,-13.0,17.0,3344.98
98.0,18.0,22.0,7.0,10.0,1.0,13.0,9.0,3344.98
5.0,18.0,11.0,-5.0,11.0,10.0,21.0,6.0,3344.99
25.0,-14.0,-15.0,0.0,-20.0,-7.0,-15.0,-1.0,3344.99
-126.0,11.0,4.0,17.0,-1.0,11.0,-3.0,27.0,3345.0
-31.0,-19.0,-11.0,-15.0,-22.0,-8.0,-14.0,-15.0,3345.0
-51.0,-15.0,-18.0,9.0,-23.0,7.0,-16.0,1.0,3345.01
-108.0,0.0,-9.0,-11.0,-17.0,-14.0,-6.0,-17.0,3345.02
94.0,10.0,17.0,-4.0,14.0,-4.0,27.0,2.0,3345.02
98.0,13.0,15.0,-12.0,5.0,-11.0,22.0,-4.0,3345.06
-128.0,-1.0,4.0,24.0,-1.0,15.0,-11.0,18.0,3345.06
-2.0,-8.0,-2.0,-21.0,-5.0,-28.0,3.0,-12.0,3345.07
-126.0,-10.0,-18.0,0.0,-7.0,2.0,-14.0,-8.0,3345.08
-126.0,0.0,-3.0,23.0,-2.0,20.0,-2.0,16.0,3345.08
-34.0,9.0,8.0,27.0,2.0,17.0,6.0,15.0,3345.09
-82.0,-2.0,3.0,17.0,-8.0,15.0,7.0,18.0,3345.11
94.0,5.0,4.0,14.0,0.0,13.0,-3.0,20.0,3345.12
-128.0,-15.0,-10.0,-5.0,-17.0,-2.0,-22.0,-2.0,3345.12
94.0,-12.0,-12.0,11.0,-11.0,14.0,-14.0,16.0,3345.13
98.0,-5.0,-8.0,16.0,-18.0,9.0,-20.0,13.0,3345.15
-25.0,-5.0,-4.0,-15.0,-10.0,-16.0,-8.0,-24.0,3345.22
-5.0,-28.0,-15.0,15.0,-52.0,28.0,-55.0,4.0,3345.22
94.0,40.0,36.0,19.0,31.0,-1.0,46.0,-23.0,3345.23
-98.0,23.0,0.0,27.0,0.0,26.0,19.0,64.0,3345.23
86.0,38.0,47.0,7.0,43.0,2.0,48.0,-28.0,3345.24
94.0,11.0,5.0,-40.0,16.0,-25.0,3.0,-57.0,3345.24
5.0,59.0,14.0,8.0,74.0,12.0,32.0,23.0,3345.25
25.0,10.0,-15.0,46.0,-31.0,48.0,-2.0,52.0,3345.26
98.0,-1.0,1.0,10.0,-3.0,18.0,3.0,16.0,3345.29
98.0,10.0,6.0,10.0,14.0,15.0,14.0,14.0,3345.31
-98.0,-2.0,-2.0,19.0,1.0,15.0,6.0,27.0,3345.32
-128.0,10.0,12.0,-6.0,16.0,-2.0,13.0,-10.0,3345.32
94.0,3.0,17.0,31.0,22.0,69.0,21.0,40.0,3345.33
94.0,-12.0,-39.0,20.0,-20.0,35.0,-46.0,21.0,3345.34
-93.0,-6.0,-47.0,-39.0,-24.0,-25.0,-39.0,-29.0,3345.34
-98.0,0.0,-14.0,54.0,18.0,61.0,-11.0,24.0,3345.35
-73.0,30.0,57.0,-9.0,50.0,2.0,52.0,3.0,3345.35
94.0,-23.0,-18.0,25.0,-42.0,25.0,-59.0,47.0,3345.36
-51.0,-21.0,-17.0,-36.0,-41.0,-43.0,-38.0,-11.0,3345.36
94.0,-20.0,-24.0,-23.0,-42.0,-37.0,-13.0,-46.0,3345.37
-51.0,24.0,22.0,8.0,23.0,10.0,25.0,7.0,3345.38
-31.0,6.0,7.0,-13.0,15.0,-18.0,12.0,-14.0,3345.38
98.0,-16.0,-16.0,-7.0,-15.0,-13.0,-14.0,-13.0,3345.39
98.0,11.0,6.0,-9.0,12.0,-7.0,8.0,-8.0,3345.39
98.0,9.0,8.0,16.0,3.0,14.0,6.0,19.0,3345.4
-85.0,21.0,8.0,-15.0,14.0,-11.0,15.0,-6.0,3345.4
-65.0,-10.0,-18.0,-9.0,-8.0,-16.0,-16.0,-9.0,3345.41
-27.0,-10.0,-16.0,7.0,-9.0,9.0,-19.0,4.0,3345.42
-7.0,11.0,-23.0,-43.0,9.0,-42.0,40.0,-32.0,3345.43
116.0,-16.0,-29.0,9.0,-20.0,51.0,-5.0,32.0,3345.43
-120.0,3.0,8.0,-33.0,-12.0,-25.0,-19.0,-32.0,3345.44
94.0,-24.0,-17.0,8.0,-2.0,26.0,-31.0,24.0,3345.44
94.0,15.0,12.0,49.0,6.0,57.0,-1.0,35.0,3345.45
94.0,-47.0,-44.0,24.0,-33.0,-20.0,-26.0,24.0,3345.46
25.0,10.0,8.0,15.0,1.0,16.0,-1.0,16.0,3345.48
5.0,-23.0,-15.0,5.0,-16.0,-3.0,-16.0,-9.0,3345.49
98.0,4.0,2.0,-22.0,5.0,-18.0,6.0,-24.0,3345.49
108.0,-23.0,-22.0,2.0,-19.0,-2.0,-22.0,4.0,3345.5
-85.0,16.0,6.0,-21.0,13.0,-8.0,15.0,-10.0,3345.5
-65.0,1.0,8.0,-14.0,20.0,-11.0,20.0,3.0,3345.51
98.0,-9.0,-3.0,-13.0,-4.0,-21.0,0.0,-22.0,3345.52
-108.0,5.0,6.0,-11.0,4.0,-11.0,10.0,-12.0,3345.52
94.0,-6.0,-10.0,10.0,-8.0,12.0,-11.0,11.0,3345.53
94.0,-8.0,-12.0,-6.0,-13.0,-9.0,-20.0,-7.0,3345.53
94.0,2.0,3.0,-13.0,-2.0,-16.0,-2.0,-19.0,3345.54
86.0,5.0,11.0,-1.0,16.0,0.0,16.0,-2.0,3345.54
-110.0,5.0,2.0,-14.0,3.0,-16.0,1.0,-18.0,3345.55
-90.0,0.0,0.0,-18.0,-3.0,-15.0,-2.0,-13.0,3345.55
-128.0,5.0,5.0,-8.0,10.0,-11.0,10.0,-12.0,3345.56
5.0,5.0,10.0,7.0,11.0,9.0,14.0,10.0,3345.57
25.0,-7.0,-7.0,9.0,-10.0,12.0,-10.0,15.0,3345.57
94.0,5.0,0.0,-4.0,0.0,-15.0,1.0,-19.0,3345.58
94.0,-5.0,-1.0,12.0,10.0,9.0,10.0,13.0,3345.62
94.0,1.0,-1.0,8.0,24.0,8.0,6.0,28.0,3345.63
-99.0,-36.0,-27.0,12.0,-14.0,14.0,-29.0,8.0,3345.63
-128.0,4.0,26.0,30.0,9.0,15.0,37.0,45.0,3345.64
-79.0,-22.0,0.0,29.0,-17.0,14.0,-21.0,53.0,3345.65
94.0,10.0,20.0,-28.0,-16.0,-27.0,25.0,-30.0,3345.65
86.0,1.0,38.0,35.0,51.0,18.0,35.0,4.0,3345.66
-93.0,-15.0,-10.0,2.0,-12.0,-6.0,-13.0,-4.0,3345.66
98.0,8.0,10.0,-11.0,9.0,-13.0,16.0,-13.0,3345.67
-34.0,-22.0,-15.0,-12.0,-9.0,-21.0,-19.0,-19.0,3345.67
-14.0,-2.0,-8.0,17.0,-1.0,11.0,-12.0,1.0,3345.68
102.0,14.0,4.0,17.0,7.0,20.0,11.0,13.0,3345.69
124.0,12.0,9.0,23.0,0.0,18.0,0.0,13.0,3345.69
-128.0,4.0,9.0,-28.0,3.0,-15.0,6.0,-13.0,3345.7
94.0,3.0,13.0,-9.0,14.0,-10.0,13.0,-13.0,3345.73
94.0,6.0,9.0,11.0,12.0,11.0,14.0,11.0,3345.74
-126.0,-26.0,-19.0,38.0,-33.0,29.0,-17.0,53.0,3345.74
-93.0,23.0,35.0,11.0,34.0,13.0,48.0,5.0,3345.75
-73.0,-2.0,-16.0,-29.0,-22.0,-44.0,-28.0,-39.0,3345.75
94.0,10.0,28.0,19.0,38.0,10.0,35.0,2.0,3345.76
-34.0,-14.0,-13.0,27.0,-9.0,34.0,-11.0,35.0,3345.77
-14.0,-12.0,-28.0,-12.0,-15.0,-33.0,-44.0,-30.0,3345.77
102.0,14.0,15.0,20.0,32.0,27.0,34.0,22.0,3345.78
94.0,-4.0,-22.0,23.0,-18.0,41.0,-11.0,39.0,3345.78
94.0,2.0,-2.0,-15.0,-2.0,-17.0,-6.0,-15.0,3345.79
125.0,-18.0,-15.0,-19.0,-4.0,-6.0,-10.0,-15.0,3345.79
-111.0,-7.0,-2.0,13.0,3.0,11.0,-6.0,7.0,3345.8
-34.0,22.0,14.0,-5.0,18.0,-7.0,19.0,-17.0,3345.81
-14.0,-15.0,-2.0,-9.0,-5.0,-17.0,-13.0,-23.0,3345.81
98.0,19.0,20.0,3.0,19.0,7.0,11.0,-1.0,3345.82
98.0,10.0,8.0,14.0,0.0,20.0,6.0,13.0,3345.82
-88.0,-8.0,-13.0,-11.0,-2.0,-17.0,-3.0,-14.0,3345.83
36.0,-3.0,-8.0,-11.0,-8.0,-11.0,-12.0,-12.0,3345.83
56.0,4.0,10.0,1.0,11.0,-4.0,16.0,-9.0,3345.84
-98.0,7.0,10.0,-5.0,13.0,-7.0,16.0,-13.0,3345.85
123.0,-5.0,-4.0,-4.0,-14.0,-7.0,-13.0,-13.0,3345.85
-113.0,11.0,14.0,-7.0,14.0,0.0,21.0,-5.0,3345.86
108.0,-11.0,-11.0,5.0,-12.0,7.0,-17.0,7.0,3345.86
5.0,-7.0,-12.0,2.0,-15.0,5.0,-19.0,5.0,3345.87
25.0,-3.0,1.0,-17.0,0.0,-15.0,-1.0,-16.0,3345.87
-90.0,1.0,5.0,8.0,10.0,8.0,11.0,10.0,3345.88
-110.0,-4.0,-2.0,11.0,3.0,17.0,-1.0,18.0,3345.88
94.0,-8.0,-8.0,8.0,-8.0,11.0,-4.0,12.0,3345.89
-68.0,-13.0,-15.0,12.0,-14.0,3.0,-14.0,13.0,3345.9
98.0,8.0,7.0,-11.0,6.0,-11.0,16.0,-12.0,3345.9
-62.0,6.0,11.0,10.0,4.0,13.0,16.0,16.0,3345.93
-50.0,-23.0,-17.0,36.0,-19.0,42.0,-29.0,40.0,3345.94
-30.0,-7.0,-11.0,7.0,-12.0,7.0,-13.0,11.0,3345.94
-34.0,-24.0,-34.0,-9.0,-37.0,-21.0,-37.0,-34.0,3345.95
-14.0,4.0,15.0,-1.0,12.0,-6.0,20.0,-1.0,3345.95
94.0,-32.0,-33.0,13.0,-42.0,23.0,-41.0,26.0,3345.96
94.0,-15.0,-23.0,-27.0,-20.0,-24.0,-21.0,-30.0,3345.96
-10.0,26.0,32.0,-17.0,29.0,-37.0,12.0,-36.0,3345.97
98.0,11.0,16.0,-29.0,-5.0,-43.0,3.0,-42.0,3345.98
-50.0,3.0,-7.0,-24.0,-15.0,-36.0,-6.0,-50.0,3345.98
-65.0,-5.0,-4.0,-15.0,0.0,-16.0,0.0,-16.0,3345.99
-85.0,15.0,7.0,12.0,7.0,10.0,1.0,21.0,3346.0
98.0,-15.0,-11.0,18.0,-15.0,20.0,-14.0,13.0,3346.0
-5.0,15.0,16.0,3.0,14.0,3.0,18.0,1.0,3346.01
-74.0,-13.0,-19.0,8.0,-10.0,4.0,-15.0,-3.0,3346.01
-54.0,-1.0,-3.0,6.0,-5.0,12.0,-12.0,15.0,3346.02
-124.0,11.0,18.0,-7.0,0.0,7.0,14.0,12.0,3346.03
-74.0,8.0,11.0,6.0,16.0,0.0,20.0,4.0,3346.04
-51.0,8.0,11.0,11.0,9.0,8.0,13.0,9.0,3346.05
94.0,9.0,6.0,13.0,7.0,6.0,8.0,9.0,3346.14
125.0,-6.0,-5.0,12.0,-1.0,12.0,2.0,18.0,3346.15
-111.0,3.0,9.0,9.0,7.0,11.0,15.0,3.0,3346.15
-128.0,7.0,17.0,7.0,17.0,6.0,19.0,0.0,3346.16
20.0,7.0,14.0,4.0,10.0,-10.0,8.0,-9.0,3346.18
-92.0,2.0,9.0,-13.0,2.0,-26.0,9.0,-15.0,3346.2
-72.0,9.0,19.0,-18.0,15.0,-15.0,22.0,-15.0,3346.2
98.0,10.0,16.0,-11.0,15.0,-13.0,17.0,-2.0,3346.21
-128.0,14.0,15.0,-9.0,14.0,-12.0,20.0,-9.0,3346.21
-108.0,13.0,12.0,-9.0,8.0,-2.0,14.0,-13.0,3346.22
-128.0,9.0,9.0,2.0,14.0,-1.0,18.0,4.0,3346.23
94.0,-3.0,5.0,11.0,-2.0,9.0,-5.0,21.0,3346.24
94.0,-2.0,2.0,15.0,-5.0,16.0,1.0,12.0,3346.24
94.0,-7.0,-25.0,25.0,-43.0,-20.0,-48.0,-38.0,3346.25
94.0,1.0,1.0,-23.0,6.0,-45.0,2.0,-50.0,3346.25
94.0,35.0,30.0,-17.0,38.0,-22.0,47.0,-7.0,3346.26
94.0,10.0,3.0,14.0,-4.0,7.0,15.0,29.0,3346.27
94.0,-54.0,-23.0,25.0,-9.0,38.0,-10.0,5.0,3346.27
94.0,-24.0,-22.0,-64.0,2.0,-42.0,-42.0,-18.0,3346.28
5.0,-5.0,-6.0,-34.0,9.0,-13.0,-21.0,-33.0,3346.28
25.0,22.0,35.0,9.0,18.0,8.0,39.0,-24.0,3346.29
84.0,-14.0,0.0,-12.0,-1.0,-17.0,-7.0,-14.0,3346.29
125.0,-11.0,-11.0,-11.0,-13.0,-19.0,-13.0,-25.0,3346.3
-111.0,-11.0,-4.0,12.0,-5.0,18.0,-21.0,13.0,3346.31
-34.0,-8.0,-10.0,14.0,-10.0,9.0,-20.0,12.0,3346.31
-108.0,-11.0,-19.0,-7.0,-17.0,-10.0,-8.0,-14.0,3346.32
-126.0,8.0,11.0,2.0,4.0,-2.0,20.0,-11.0,3346.32
98.0,-4.0,-21.0,-6.0,-13.0,-9.0,-20.0,-13.0,3346.33
30.0,-15.0,-9.0,-7.0,-16.0,-4.0,-17.0,-4.0,3346.33
94.0,-7.0,-10.0,1.0,-12.0,1.0,-19.0,6.0,3346.34
2.0,5.0,-7.0,3.0,6.0,21.0,3.0,11.0,3346.35
22.0,5.0,2.0,11.0,8.0,0.0,20.0,12.0,3346.35
-51.0,6.0,8.0,4.0,9.0,6.0,16.0,4.0,3346.36
-126.0,3.0,0.0,19.0,-6.0,16.0,-18.0,16.0,3346.4
74.0,0.0,-5.0,3.0,-14.0,20.0,-16.0,10.0,3346.41
94.0,-13.0,-15.0,5.0,-9.0,6.0,-25.0,4.0,3346.41
94.0,16.0,11.0,-10.0,14.0,-9.0,18.0,-19.0,3346.42
-10.0,-9.0,-15.0,-1.0,-14.0,-1.0,-19.0,2.0,3346.44
-10.0,-13.0,-17.0,8.0,-10.0,14.0,-6.0,12.0,3346.45
-68.0,0.0,-31.0,25.0,-12.0,34.0,-36.0,53.0,3346.46
86.0,21.0,-14.0,-35.0,-6.0,-24.0,-25.0,-35.0,3346.46
108.0,-36.0,-19.0,-10.0,-10.0,-2.0,-21.0,-12.0,3346.47
119.0,-13.0,-29.0,-12.0,-44.0,-22.0,-49.0,-19.0,3346.47
-117.0,-17.0,-12.0,-8.0,-20.0,6.0,-20.0,11.0,3346.48
-126.0,-19.0,-14.0,-8.0,-41.0,3.0,-19.0,30.0,3346.48
74.0,-14.0,-9.0,44.0,5.0,35.0,26.0,2.0,3346.49
74.0,23.0,-18.0,-31.0,-23.0,-44.0,2.0,-21.0,3346.5
98.0,-12.0,-4.0,15.0,-11.0,7.0,-12.0,5.0,3346.5
75.0,-13.0,-23.0,7.0,-16.0,3.0,-10.0,7.0,3346.51
98.0,-2.0,7.0,18.0,2.0,14.0,6.0,16.0,3346.51
98.0,-19.0,-22.0,7.0,-5.0,7.0,-23.0,5.0,3346.52
98.0,10.0,10.0,-17.0,6.0,-22.0,16.0,-20.0,3346.52
98.0,14.0,17.0,16.0,4.0,14.0,6.0,20.0,3346.53
98.0,3.0,-2.0,14.0,-4.0,19.0,-13.0,20.0,3346.54
98.0,-12.0,-9.0,-12.0,-9.0,-20.0,-4.0,-19.0,3346.54
98.0,13.0,20.0,-2.0,18.0,0.0,24.0,-7.0,3346.55
-51.0,13.0,12.0,12.0,2.0,13.0,0.0,13.0,3346.55
-108.0,-21.0,-11.0,-12.0,-16.0,-13.0,-15.0,-14.0,3346.56
37.0,14.0,10.0,-3.0,15.0,-6.0,21.0,-4.0,3346.56
55.0,-7.0,-3.0,3.0,-2.0,9.0,0.0,8.0,3346.57
94.0,7.0,0.0,-9.0,-5.0,-4.0,-6.0,-8.0,3346.57
98.0,-13.0,-17.0,8.0,-15.0,14.0,-11.0,14.0,3346.61
98.0,18.0,10.0,13.0,10.0,18.0,10.0,13.0,3346.61
98.0,-14.0,-17.0,0.0,-20.0,-1.0,-18.0,-1.0,3346.62
2.0,-6.0,2.0,-23.0,2.0,-23.0,1.0,-17.0,3346.63
98.0,-6.0,-8.0,3.0,0.0,17.0,-1.0,7.0,3346.65
2.0,20.0,14.0,19.0,-15.0,-12.0,3.0,-1.0,3346.65
22.0,2.0,-6.0,-17.0,-5.0,-19.0,-26.0,-5.0,3346.66
98.0,23.0,13.0,0.0,19.0,-1.0,16.0,0.0,3346.68
98.0,-2.0,4.0,30.0,-2.0,18.0,3.0,16.0,3346.69
98.0,-12.0,-18.0,-13.0,-9.0,-1.0,-25.0,-4.0,3346.69
74.0,-20.0,-21.0,5.0,-20.0,-13.0,-19.0,7.0,3346.71
94.0,0.0,-2.0,-16.0,2.0,-18.0,6.0,-26.0,3346.72
77.0,-11.0,-13.0,19.0,-11.0,11.0,-24.0,10.0,3346.72
97.0,3.0,-10.0,21.0,-9.0,14.0,-19.0,9.0,3346.73
94.0,-17.0,-17.0,-16.0,-13.0,-12.0,-18.0,-14.0,3346.74
94.0,-16.0,-17.0,-3.0,-9.0,5.0,-20.0,6.0,3346.75
94.0,-6.0,-16.0,-28.0,-16.0,-11.0,7.0,-37.0,3346.76
98.0,19.0,26.0,15.0,31.0,2.0,4.0,-39.0,3346.77
74.0,11.0,3.0,-31.0,-32.0,-37.0,-23.0,-8.0,3346.77
86.0,0.0,3.0,9.0,5.0,11.0,9.0,10.0,3346.78
97.0,-9.0,-4.0,13.0,-2.0,14.0,2.0,13.0,3346.78
74.0,-11.0,-14.0,13.0,-2.0,13.0,3.0,10.0,3346.79
94.0,11.0,13.0,2.0,14.0,5.0,13.0,0.0,3346.79
-110.0,2.0,-15.0,-10.0,-13.0,-22.0,-9.0,-5.0,3346.81
-90.0,6.0,5.0,-7.0,-2.0,-12.0,9.0,-14.0,3346.82
-110.0,10.0,18.0,2.0,13.0,7.0,19.0,-1.0,3346.82
-90.0,3.0,5.0,18.0,6.0,20.0,-2.0,24.0,3346.83
-110.0,6.0,6.0,-4.0,5.0,-2.0,2.0,-11.0,3346.85
-90.0,7.0,1.0,-3.0,4.0,-7.0,-1.0,-7.0,3346.86
-110.0,7.0,15.0,-3.0,13.0,-4.0,8.0,-7.0,3346.87
-90.0,34.0,12.0,-7.0,-24.0,-23.0,0.0,-40.0,3346.87
-65.0,25.0,43.0,7.0,-6.0,-30.0,27.0,-32.0,3346.88
-85.0,-5.0,3.0,-40.0,1.0,-36.0,-24.0,-49.0,3346.88
98.0,-31.0,-36.0,14.0,-2.0,3.0,-20.0,27.0,3346.89
98.0,42.0,26.0,22.0,15.0,-22.0,49.0,-8.0,3346.89
98.0,-1.0,8.0,20.0,-1.0,18.0,-4.0,17.0,3346.9
98.0,21.0,18.0,-5.0,9.0,11.0,22.0,14.0,3346.91
2.0,4.0,8.0,10.0,3.0,20.0,0.0,22.0,3346.92
22.0,-15.0,-17.0,11.0,-11.0,0.0,-17.0,3.0,3346.93
98.0,3.0,5.0,13.0,4.0,14.0,12.0,17.0,3346.99
94.0,9.0,10.0,-10.0,8.0,-14.0,6.0,-17.0,3346.99
94.0,6.0,12.0,2.0,14.0,3.0,18.0,0.0,3347.0
2.0,-9.0,-6.0,9.0,0.0,17.0,0.0,14.0,3347.0
-128.0,12.0,14.0,0.0,15.0,0.0,17.0,-3.0,3347.01
11.0,-4.0,-1.0,12.0,-1.0,15.0,5.0,17.0,3347.01
31.0,-13.0,-11.0,16.0,-12.0,16.0,-10.0,14.0,3347.02
-34.0,1.0,-1.0,-13.0,-2.0,-22.0,-6.0,-19.0,3347.02
-14.0,11.0,12.0,4.0,16.0,-2.0,23.0,-3.0,3347.03
-128.0,1.0,-5.0,-4.0,-8.0,-9.0,-16.0,-6.0,3347.06
-68.0,41.0,4.0,-43.0,10.0,-53.0,6.0,-58.0,3347.07
94.0,-5.0,17.0,57.0,31.0,53.0,16.0,41.0,3347.07
86.0,-49.0,-20.0,25.0,-18.0,54.0,-21.0,37.0,3347.08
-93.0,30.0,0.0,19.0,18.0,11.0,25.0,33.0,3347.08
-73.0,13.0,34.0,-2.0,46.0,0.0,5.0,-42.0,3347.09
108.0,-21.0,26.0,29.0,12.0,45.0,-18.0,40.0,3347.1
-93.0,1.0,-1.0,23.0,-8.0,16.0,-15.0,12.0,3347.1
-73.0,7.0,-4.0,18.0,-4.0,23.0,-3.0,19.0,3347.11
-93.0,4.0,-2.0,-13.0,-1.0,-16.0,-1.0,-18.0,3347.17
-73.0,-16.0,-17.0,2.0,-14.0,10.0,-15.0,12.0,3347.17
-128.0,7.0,9.0,-14.0,6.0,-17.0,6.0,-17.0,3347.18
-128.0,9.0,14.0,3.0,14.0,2.0,17.0,-1.0,3347.18
-11.0,0.0,-7.0,13.0,0.0,11.0,4.0,14.0,3347.19
9.0,8.0,12.0,-13.0,10.0,-17.0,5.0,-18.0,3347.19
-124.0,-5.0,-8.0,-15.0,-12.0,-10.0,-16.0,-19.0,3347.2
-128.0,-11.0,-16.0,-3.0,-17.0,-3.0,-20.0,2.0,3347.2
94.0,15.0,14.0,2.0,18.0,-4.0,18.0,-5.0,3347.21
94.0,-9.0,-7.0,14.0,-8.0,15.0,-5.0,18.0,3347.22
115.0,19.0,6.0,0.0,1.0,-4.0,3.0,-13.0,3347.26
94.0,-30.0,-2.0,19.0,-27.0,-1.0,-10.0,35.0,3347.27
-128.0,-20.0,7.0,-11.0,-40.0,19.0,-23.0,8.0,3347.27
-91.0,7.0,-11.0,-30.0,5.0,-37.0,-20.0,-43.0,3347.28
-71.0,-15.0,-12.0,30.0,-19.0,40.0,-17.0,26.0,3347.29
-128.0,17.0,18.0,22.0,16.0,2.0,30.0,44.0,3347.29
-91.0,-15.0,-37.0,18.0,-36.0,19.0,-17.0,14.0,3347.3
-71.0,1.0,41.0,5.0,48.0,13.0,24.0,2.0,3347.3
-91.0,10.0,7.0,-3.0,15.0,2.0,12.0,1.0,3347.31
-71.0,-4.0,-1.0,-9.0,-12.0,0.0,-23.0,4.0,3347.31
-121.0,-9.0,-9.0,15.0,-15.0,11.0,-8.0,10.0,3347.34
-74.0,-11.0,-9.0,-16.0,-13.0,-19.0,-7.0,-19.0,3347.35
-66.0,14.0,13.0,12.0,5.0,12.0,11.0,16.0,3347.36
-110.0,-7.0,-8.0,18.0,-12.0,14.0,-19.0,19.0,3347.36
94.0,9.0,9.0,-6.0,6.0,-8.0,-3.0,-15.0,3347.37
2.0,-6.0,-2.0,1.0,15.0,11.0,17.0,-3.0,3347.37
22.0,31.0,9.0,-10.0,1.0,-28.0,1.0,-23.0,3347.38
94.0,16.0,13.0,-12.0,-8.0,-15.0,-16.0,-20.0,3347.38
-121.0,-19.0,-5.0,4.0,2.0,-31.0,-21.0,9.0,3347.39
-74.0,-2.0,19.0,-8.0,12.0,-37.0,-1.0,-29.0,3347.39
-66.0,34.0,-11.0,6.0,21.0,-6.0,-20.0,-18.0,3347.4
-110.0,-25.0,-38.0,9.0,8.0,-5.0,-15.0,2.0,3347.41
-64.0,-5.0,-14.0,26.0,23.0,21.0,15.0,-2.0,3347.41
-76.0,-9.0,-15.0,28.0,-9.0,8.0,8.0,2.0,3347.42
98.0,9.0,5.0,17.0,9.0,15.0,6.0,14.0,3347.46
-7.0,7.0,-4.0,-16.0,6.0,-15.0,0.0,-16.0,3347.47
94.0,-9.0,-4.0,8.0,9.0,24.0,12.0,5.0,3347.47
80.0,-18.0,-26.0,-13.0,10.0,9.0,-22.0,-7.0,3347.48
94.0,-28.0,-8.0,-8.0,13.0,30.0,12.0,7.0,3347.49
55.0,-15.0,-7.0,-9.0,-12.0,-21.0,-13.0,-16.0,3347.5
55.0,9.0,6.0,-5.0,7.0,2.0,20.0,-1.0,3347.51
71.0,-15.0,-5.0,-2.0,-11.0,-16.0,2.0,-13.0,3347.52
71.0,-20.0,-27.0,2.0,-17.0,-3.0,-21.0,2.0,3347.53
90.0,9.0,-4.0,-12.0,-12.0,-16.0,1.0,-23.0,3347.54
91.0,-8.0,-8.0,-24.0,0.0,-15.0,-7.0,-15.0,3347.54
94.0,-1.0,-9.0,11.0,-9.0,17.0,3.0,33.0,3347.55
94.0,-11.0,-15.0,-10.0,-8.0,-16.0,-10.0,-16.0,3347.57
86.0,-10.0,0.0,-19.0,-17.0,-18.0,-15.0,-2.0,3347.58
-128.0,-30.0,-15.0,0.0,-44.0,-12.0,-38.0,3.0,3347.58
126.0,8.0,36.0,-22.0,0.0,-22.0,-28.0,-18.0,3347.59
-121.0,-6.0,-51.0,-2.0,-21.0,-8.0,-10.0,-38.0,3347.6
-74.0,11.0,28.0,-29.0,17.0,-15.0,-11.0,-11.0,3347.6
-66.0,9.0,12.0,-7.0,11.0,-11.0,13.0,-12.0,3347.61
-64.0,-12.0,-11.0,12.0,-13.0,15.0,-12.0,14.0,3347.61
-76.0,0.0,-2.0,10.0,3.0,18.0,12.0,17.0,3347.62
108.0,-16.0,-10.0,5.0,-5.0,16.0,-3.0,17.0,3347.62
73.0,-7.0,-11.0,-18.0,-3.0,-19.0,-6.0,-15.0,3347.64
94.0,-2.0,4.0,-6.0,4.0,-4.0,6.0,-6.0,3347.67
-95.0,-10.0,-11.0,3.0,5.0,7.0,-12.0,15.0,3347.68
-115.0,-5.0,-10.0,5.0,-7.0,0.0,-6.0,-11.0,3347.68
73.0,-9.0,-20.0,-2.0,-27.0,26.0,-33.0,44.0,3347.69
93.0,-13.0,-2.0,0.0,4.0,-16.0,10.0,22.0,3347.69
125.0,2.0,2.0,-11.0,6.0,-21.0,1.0,-26.0,3347.71
94.0,-12.0,-3.0,7.0,-1.0,5.0,-10.0,12.0,3347.78
-127.0,-21.0,-8.0,34.0,-10.0,37.0,-20.0,22.0,3347.78
-107.0,-19.0,-32.0,-7.0,-6.0,-4.0,-34.0,-23.0,3347.79
74.0,30.0,11.0,25.0,15.0,-17.0,0.0,-5.0,3347.79
-81.0,-15.0,-12.0,4.0,-13.0,11.0,-6.0,15.0,3347.8
94.0,-4.0,5.0,-23.0,14.0,-23.0,13.0,-23.0,3347.81
-101.0,-29.0,-15.0,8.0,-7.0,1.0,-16.0,-7.0,3347.81
98.0,-3.0,-11.0,5.0,-6.0,14.0,1.0,12.0,3347.82
-34.0,3.0,5.0,-21.0,0.0,-7.0,19.0,-9.0,3347.82
125.0,-10.0,0.0,-13.0,-1.0,-16.0,1.0,-20.0,3347.83
98.0,8.0,13.0,9.0,20.0,3.0,13.0,7.0,3347.83
94.0,-18.0,-13.0,-12.0,-11.0,-10.0,-11.0,-21.0,3347.85
-14.0,10.0,10.0,20.0,8.0,19.0,7.0,20.0,3347.85
-116.0,4.0,10.0,-11.0,18.0,-9.0,6.0,-7.0,3347.86
-10.0,0.0,0.0,4.0,-5.0,3.0,-6.0,8.0,3347.88
86.0,7.0,2.0,2.0,-3.0,7.0,-3.0,11.0,3347.89
124.0,11.0,17.0,-6.0,6.0,-13.0,25.0,-15.0,3347.92
-10.0,-3.0,-6.0,20.0,-5.0,21.0,-11.0,15.0,3347.93
-10.0,9.0,9.0,21.0,3.0,20.0,6.0,16.0,3347.93
98.0,8.0,6.0,-23.0,9.0,-20.0,13.0,-19.0,3347.94
98.0,-6.0,-10.0,18.0,-13.0,12.0,-17.0,11.0,3347.94
-125.0,-2.0,0.0,-11.0,10.0,-20.0,5.0,-17.0,3347.95
108.0,-10.0,-2.0,17.0,-15.0,19.0,-13.0,9.0,3347.96
-125.0,-11.0,-2.0,25.0,-11.0,3.0,-11.0,-4.0,3347.98
94.0,7.0,5.0,12.0,9.0,23.0,9.0,21.0,3348.0
94.0,-12.0,-14.0,-18.0,-9.0,-17.0,-8.0,-26.0,3348.01
94.0,-24.0,-17.0,-7.0,-26.0,-7.0,-24.0,-4.0,3348.01
-102.0,17.0,11.0,18.0,14.0,16.0,11.0,15.0,3348.02
94.0,13.0,16.0,1.0,18.0,3.0,22.0,2.0,3348.02
-108.0,-10.0,-6.0,-1.0,-5.0,-14.0,-4.0,-27.0,3348.03
-82.0,15.0,19.0,-6.0,22.0,-9.0,28.0,-12.0,3348.03
-51.0,15.0,31.0,1.0,27.0,9.0,21.0,19.0,3348.04
94.0,-16.0,-17.0,12.0,-18.0,12.0,-14.0,15.0,3348.04
98.0,12.0,8.0,21.0,6.0,16.0,-7.0,19.0,3348.05
-128.0,12.0,21.0,5.0,11.0,5.0,13.0,4.0,3348.05
75.0,7.0,14.0,9.0,10.0,20.0,-1.0,16.0,3348.06
-128.0,16.0,17.0,4.0,15.0,4.0,15.0,15.0,3348.06
95.0,8.0,10.0,9.0,9.0,20.0,8.0,4.0,3348.07
95.0,-19.0,-19.0,-6.0,-24.0,-17.0,-19.0,-17.0,3348.07
90.0,7.0,14.0,11.0,1.0,20.0,-4.0,17.0,3348.08
108.0,8.0,9.0,-5.0,16.0,0.0,18.0,-1.0,3348.09
86.0,0.0,-7.0,22.0,0.0,26.0,3.0,28.0,3348.09
108.0,19.0,18.0,4.0,18.0,8.0,26.0,-1.0,3348.1
94.0,0.0,-10.0,11.0,-14.0,15.0,-6.0,2.0,3348.1
-74.0,-3.0,-6.0,2.0,-16.0,-5.0,-13.0,-14.0,3348.11
86.0,7.0,11.0,0.0,11.0,-8.0,16.0,-7.0,3348.11
108.0,-1.0,-2.0,-10.0,1.0,-20.0,-4.0,-20.0,3348.12
94.0,5.0,27.0,6.0,25.0,9.0,18.0,3.0,3348.18
20.0,-11.0,-17.0,22.0,2.0,34.0,5.0,39.0,3348.19
-126.0,12.0,19.0,4.0,15.0,5.0,19.0,8.0,3348.2
-126.0,-4.0,-15.0,-32.0,-7.0,-18.0,-8.0,-1.0,3348.2
98.0,-8.0,-6.0,6.0,-4.0,6.0,-13.0,18.0,3348.21
98.0,-14.0,-13.0,-7.0,-13.0,-14.0,-9.0,-15.0,3348.21
94.0,11.0,18.0,-17.0,25.0,-20.0,8.0,-13.0,3348.22
94.0,20.0,20.0,-15.0,20.0,-17.0,19.0,-8.0,3348.22
-125.0,18.0,10.0,-5.0,18.0,0.0,4.0,-6.0,3348.23
-125.0,16.0,18.0,22.0,11.0,22.0,9.0,13.0,3348.23
-105.0,-15.0,-17.0,-13.0,-12.0,-26.0,-19.0,-4.0,3348.24
98.0,7.0,14.0,16.0,4.0,19.0,-1.0,16.0,3348.24
94.0,-17.0,-13.0,-19.0,-12.0,-22.0,-15.0,-13.0,3348.25
-98.0,12.0,12.0,-4.0,6.0,-6.0,17.0,-2.0,3348.26
-98.0,4.0,14.0,-4.0,8.0,-18.0,11.0,-15.0,3348.26
86.0,-12.0,-21.0,-2.0,-26.0,2.0,-21.0,-5.0,3348.27
-34.0,-19.0,-19.0,-12.0,-20.0,-15.0,-18.0,-14.0,3348.28
-93.0,7.0,14.0,5.0,5.0,12.0,27.0,13.0,3348.29
-98.0,-9.0,7.0,-25.0,13.0,-47.0,17.0,-36.0,3348.29
-98.0,-6.0,16.0,-18.0,-19.0,-3.0,-28.0,6.0,3348.3
86.0,-14.0,-13.0,8.0,-8.0,12.0,-7.0,19.0,3348.3
108.0,2.0,4.0,17.0,0.0,15.0,22.0,15.0,3348.31
-127.0,-11.0,13.0,11.0,16.0,52.0,41.0,34.0,3348.32
-107.0,-4.0,-7.0,17.0,-19.0,23.0,-19.0,48.0,3348.32
-34.0,-12.0,-5.0,-14.0,-8.0,-26.0,-8.0,-35.0,3348.33
-98.0,31.0,14.0,-38.0,27.0,-48.0,30.0,-42.0,3348.33
124.0,-14.0,-7.0,-9.0,0.0,-13.0,-14.0,-17.0,3348.34
124.0,-11.0,-10.0,-2.0,-12.0,14.0,-20.0,14.0,3348.34
-95.0,-29.0,-16.0,-3.0,-18.0,3.0,-28.0,-1.0,3348.35
-75.0,-2.0,3.0,-15.0,5.0,-19.0,5.0,-25.0,3348.36
-51.0,10.0,-1.0,-13.0,7.0,-26.0,-2.0,-27.0,3348.36
-51.0,14.0,18.0,-3.0,15.0,-7.0,11.0,-11.0,3348.37
-128.0,-9.0,-4.0,9.0,-3.0,18.0,-9.0,10.0,3348.37
-128.0,-9.0,-10.0,22.0,-14.0,16.0,-15.0,17.0,3348.38
103.0,13.0,-2.0,-11.0,-10.0,-16.0,3.0,-17.0,3348.39
123.0,-21.0,1.0,-26.0,-17.0,-44.0,-38.0,-36.0,3348.4
123.0,5.0,8.0,16.0,10.0,22.0,15.0,19.0,3348.42
-128.0,-19.0,-11.0,6.0,-14.0,13.0,-27.0,11.0,3348.45
108.0,-10.0,-26.0,15.0,-13.0,10.0,-19.0,18.0,3348.46
-128.0,-5.0,-5.0,9.0,-4.0,22.0,-5.0,28.0,3348.47
114.0,-11.0,-7.0,7.0,-10.0,5.0,-15.0,9.0,3348.47
98.0,12.0,3.0,-16.0,7.0,-12.0,12.0,-9.0,3348.48
-65.0,13.0,14.0,11.0,12.0,17.0,2.0,17.0,3348.48
114.0,12.0,11.0,25.0,11.0,11.0,9.0,17.0,3348.49
-45.0,-13.0,-25.0,-4.0,-15.0,-10.0,-19.0,-11.0,3348.49
-98.0,12.0,17.0,8.0,20.0,11.0,11.0,14.0,3348.5
127.0,15.0,10.0,10.0,4.0,18.0,11.0,23.0,3348.5
-109.0,2.0,9.0,12.0,2.0,14.0,-7.0,18.0,3348.51
98.0,-12.0,2.0,-22.0,-3.0,-22.0,-7.0,-28.0,3348.51
-65.0,3.0,9.0,24.0,4.0,26.0,-4.0,17.0,3348.52
-98.0,5.0,12.0,20.0,14.0,17.0,5.0,23.0,3348.52
98.0,13.0,17.0,10.0,9.0,12.0,17.0,11.0,3348.53
124.0,-19.0,-19.0,10.0,-14.0,13.0,-23.0,13.0,3348.53
-98.0,4.0,4.0,-16.0,8.0,-18.0,6.0,-23.0,3348.54
94.0,-23.0,-38.0,-24.0,-32.0,-49.0,-43.0,-34.0,3348.55
-98.0,16.0,13.0,16.0,8.0,11.0,13.0,18.0,3348.55
94.0,-15.0,-17.0,9.0,-19.0,10.0,-11.0,14.0,3348.56
120.0,9.0,13.0,-15.0,18.0,-12.0,14.0,-10.0,3348.56
94.0,-20.0,-30.0,-9.0,-15.0,-5.0,-15.0,-1.0,3348.57
-127.0,0.0,0.0,7.0,-2.0,13.0,-7.0,18.0,3348.57
-107.0,12.0,10.0,16.0,1.0,17.0,2.0,10.0,3348.58
98.0,-13.0,-15.0,-3.0,-11.0,-11.0,-14.0,0.0,3348.58
94.0,8.0,6.0,-10.0,13.0,-10.0,17.0,-2.0,3348.6
120.0,44.0,29.0,14.0,28.0,53.0,37.0,39.0,3348.6
94.0,41.0,46.0,21.0,26.0,31.0,57.0,4.0,3348.61
-127.0,-4.0,3.0,27.0,-5.0,20.0,-17.0,36.0,3348.61
-107.0,-17.0,-14.0,0.0,-18.0,25.0,-31.0,1.0,3348.62
94.0,0.0,18.0,-55.0,-2.0,-49.0,27.0,-59.0,3348.62
-121.0,18.0,47.0,9.0,45.0,18.0,54.0,11.0,3348.63
-101.0,-35.0,-19.0,30.0,-18.0,62.0,-18.0,55.0,3348.64
-95.0,-28.0,2.0,42.0,-15.0,46.0,-15.0,55.0,3348.64
-75.0,-32.0,-28.0,-12.0,-28.0,2.0,-33.0,-8.0,3348.65
124.0,-6.0,-10.0,-21.0,10.0,-12.0,-12.0,-21.0,3348.65
-119.0,1.0,-6.0,24.0,-9.0,25.0,3.0,23.0,3348.66
-128.0,13.0,8.0,-10.0,6.0,-8.0,16.0,0.0,3348.66
90.0,-2.0,3.0,23.0,1.0,27.0,-3.0,12.0,3348.67
126.0,-14.0,-9.0,5.0,-11.0,-4.0,-20.0,4.0,3348.67
94.0,6.0,-1.0,-9.0,-4.0,-10.0,-12.0,-14.0,3348.7
-110.0,5.0,3.0,-21.0,4.0,-25.0,5.0,-19.0,3348.73
98.0,-7.0,-6.0,26.0,-2.0,11.0,-3.0,7.0,3348.77
-98.0,15.0,11.0,-11.0,12.0,-6.0,21.0,-12.0,3348.78
-93.0,-16.0,-16.0,-8.0,-18.0,-6.0,-27.0,-20.0,3348.78
-98.0,-1.0,-7.0,23.0,1.0,16.0,-12.0,18.0,3348.79
-73.0,16.0,18.0,-5.0,15.0,-13.0,22.0,-15.0,3348.79
-108.0,-20.0,-15.0,1.0,-18.0,15.0,-22.0,11.0,3348.8
124.0,-2.0,-3.0,26.0,-3.0,23.0,-2.0,21.0,3348.8
124.0,20.0,17.0,-6.0,23.0,6.0,28.0,6.0,3348.81
100.0,24.0,21.0,2.0,24.0,-4.0,20.0,-2.0,3348.81
-120.0,0.0,5.0,18.0,-4.0,18.0,3.0,23.0,3348.82
-128.0,19.0,21.0,-9.0,24.0,-15.0,17.0,-5.0,3348.82
-98.0,12.0,8.0,0.0,-3.0,-16.0,14.0,-17.0,3348.83
94.0,-4.0,-16.0,-16.0,-40.0,-13.0,-23.0,-14.0,3348.83
94.0,-16.0,-22.0,-11.0,-18.0,-12.0,-22.0,-9.0,3348.86
86.0,-13.0,-20.0,12.0,-16.0,19.0,-22.0,13.0,3348.87
-128.0,-3.0,-2.0,-16.0,2.0,-14.0,1.0,-14.0,3348.88
119.0,1.0,6.0,11.0,7.0,10.0,3.0,11.0,3348.88
-128.0,5.0,4.0,-13.0,9.0,-20.0,5.0,-15.0,3348.89
-117.0,15.0,6.0,-11.0,18.0,-9.0,9.0,-9.0,3348.89
-117.0,8.0,19.0,7.0,21.0,15.0,31.0,9.0,3348.91
-128.0,16.0,12.0,8.0,23.0,4.0,27.0,9.0,3348.91
-79.0,-20.0,-18.0,7.0,-16.0,10.0,-21.0,13.0,3348.92
-123.0,13.0,15.0,-17.0,15.0,-19.0,9.0,-22.0,3348.92
-99.0,19.0,19.0,-5.0,20.0,-19.0,27.0,-19.0,3348.93
113.0,-3.0,-4.0,-16.0,-7.0,-17.0,-12.0,-16.0,3348.93
119.0,-6.0,-4.0,-19.0,-4.0,-25.0,-9.0,-26.0,3348.94
-117.0,-19.0,-22.0,-11.0,-22.0,-7.0,-29.0,-8.0,3348.94
-79.0,-16.0,-20.0,-10.0,-20.0,-9.0,-23.0,-10.0,3348.95
-99.0,15.0,18.0,10.0,18.0,8.0,20.0,6.0,3348.96
98.0,26.0,13.0,-14.0,12.0,-10.0,19.0,-13.0,3348.98
98.0,-2.0,-6.0,24.0,-8.0,13.0,-4.0,15.0,3348.98
94.0,-2.0,6.0,19.0,-3.0,24.0,-5.0,26.0,3349.0
-93.0,-42.0,-51.0,35.0,-51.0,34.0,-36.0,51.0,3349.01
-73.0,58.0,48.0,7.0,58.0,2.0,67.0,33.0,3349.01
94.0,-55.0,-21.0,8.0,-59.0,19.0,-70.0,2.0,3349.02
94.0,-43.0,-20.0,-36.0,-56.0,-52.0,-27.0,-46.0,3349.03
80.0,25.0,69.0,-48.0,42.0,-51.0,17.0,-45.0,3349.03
94.0,27.0,22.0,-44.0,20.0,-19.0,7.0,-59.0,3349.04
-71.0,13.0,8.0,-13.0,24.0,-7.0,20.0,-8.0,3349.04
-51.0,2.0,-5.0,-15.0,0.0,-17.0,2.0,-23.0,3349.05
-93.0,-16.0,-32.0,-4.0,-27.0,11.0,-14.0,2.0,3349.05
-98.0,18.0,25.0,-11.0,20.0,-13.0,22.0,-6.0,3349.11
94.0,-2.0,-9.0,-17.0,-6.0,-20.0,-9.0,-27.0,3349.11
94.0,43.0,44.0,-32.0,80.0,-39.0,35.0,-31.0,3349.12
116.0,12.0,37.0,54.0,50.0,51.0,39.0,66.0,3349.12
100.0,-66.0,-82.0,-10.0,-58.0,21.0,-50.0,-7.0,3349.13
-68.0,-26.0,-53.0,-39.0,-44.0,-39.0,-45.0,-52.0,3349.14
84.0,46.0,45.0,-20.0,11.0,-46.0,23.0,-33.0,3349.14
104.0,-59.0,-48.0,-9.0,-47.0,9.0,-37.0,20.0,3349.15
108.0,-13.0,-24.0,-31.0,-40.0,-66.0,-52.0,-48.0,3349.15
-128.0,-3.0,-7.0,-91.0,-8.0,-59.0,9.0,-37.0,3349.16
98.0,-12.0,-14.0,-10.0,4.0,-11.0,-6.0,-3.0,3349.16
-124.0,9.0,10.0,-20.0,9.0,-21.0,7.0,-22.0,3349.21
94.0,-13.0,-13.0,-19.0,-16.0,-18.0,-16.0,-22.0,3349.22
73.0,13.0,17.0,-14.0,18.0,-18.0,16.0,-18.0,3349.22
93.0,-21.0,-24.0,-10.0,-21.0,-6.0,-21.0,-9.0,3349.23
-128.0,-18.0,-25.0,2.0,-22.0,6.0,-29.0,10.0,3349.24
-128.0,-25.0,-15.0,-7.0,-12.0,-2.0,-27.0,-6.0,3349.24
-118.0,-5.0,-7.0,-20.0,-5.0,-15.0,-9.0,-10.0,3349.3
-98.0,-2.0,-9.0,-13.0,-8.0,-22.0,-8.0,-21.0,3349.31
94.0,-6.0,-12.0,12.0,-7.0,32.0,-5.0,25.0,3349.31
94.0,8.0,9.0,17.0,3.0,5.0,16.0,5.0,3349.32
116.0,15.0,3.0,-14.0,14.0,-13.0,9.0,-14.0,3349.32
100.0,-9.0,-7.0,-19.0,6.0,-20.0,-4.0,-15.0,3349.33
-68.0,-14.0,-5.0,8.0,-6.0,15.0,-10.0,23.0,3349.33
84.0,8.0,11.0,-3.0,7.0,-16.0,8.0,-13.0,3349.34
104.0,17.0,12.0,17.0,11.0,17.0,11.0,11.0,3349.34
108.0,19.0,0.0,-9.0,17.0,-2.0,17.0,-14.0,3349.35
-73.0,-1.0,-4.0,14.0,-5.0,27.0,-4.0,27.0,3349.35
-113.0,-22.0,-19.0,13.0,-18.0,11.0,-16.0,13.0,3349.36
-93.0,-21.0,-12.0,-15.0,-17.0,-6.0,-19.0,-6.0,3349.36
-82.0,15.0,18.0,-5.0,15.0,-15.0,14.0,-7.0,3349.37
94.0,-9.0,-8.0,-15.0,-4.0,-18.0,-3.0,-20.0,3349.4
-128.0,10.0,5.0,-3.0,20.0,-9.0,15.0,-9.0,3349.41
-128.0,-12.0,-13.0,16.0,-24.0,16.0,-19.0,15.0,3349.41
-39.0,24.0,-9.0,-36.0,11.0,-65.0,-9.0,-27.0,3349.42
-39.0,8.0,-18.0,-28.0,-6.0,-49.0,-20.0,-25.0,3349.42
-39.0,3.0,4.0,-22.0,5.0,-20.0,0.0,-21.0,3349.43
-39.0,-19.0,-15.0,-3.0,-18.0,1.0,-31.0,6.0,3349.44
98.0,13.0,14.0,13.0,15.0,2.0,21.0,11.0,3349.44
98.0,-7.0,-14.0,-13.0,0.0,-11.0,-9.0,-22.0,3349.51
94.0,-30.0,-8.0,18.0,-34.0,26.0,-43.0,61.0,3349.52
94.0,2.0,-10.0,-49.0,-11.0,-63.0,6.0,-51.0,3349.53
55.0,36.0,46.0,-10.0,63.0,-22.0,44.0,-24.0,3349.53
75.0,26.0,32.0,-41.0,-3.0,-36.0,26.0,-37.0,3349.54
-93.0,24.0,21.0,-24.0,42.0,3.0,60.0,16.0,3349.54
-73.0,-8.0,-7.0,-29.0,-15.0,-34.0,-9.0,-51.0,3349.55
-93.0,-4.0,-4.0,-13.0,-5.0,-15.0,-4.0,-16.0,3349.55
98.0,-15.0,-18.0,-6.0,-19.0,-3.0,-25.0,-18.0,3349.61
98.0,-6.0,-1.0,-23.0,10.0,-20.0,2.0,-13.0,3349.61
90.0,-5.0,2.0,-12.0,11.0,-16.0,13.0,-17.0,3349.62
86.0,-3.0,-3.0,-10.0,-14.0,-18.0,-9.0,-9.0,3349.62
86.0,-38.0,-24.0,10.0,-31.0,42.0,-43.0,22.0,3349.63
-85.0,13.0,6.0,17.0,9.0,2.0,16.0,6.0,3349.67
94.0,-7.0,9.0,20.0,14.0,37.0,36.0,23.0,3349.72
94.0,17.0,38.0,20.0,41.0,13.0,50.0,10.0,3349.73
98.0,-39.0,-10.0,35.0,-17.0,56.0,-2.0,50.0,3349.73
125.0,-18.0,-14.0,-4.0,-17.0,0.0,-19.0,2.0,3349.74
-111.0,14.0,14.0,4.0,13.0,18.0,16.0,14.0,3349.75
-70.0,-16.0,-21.0,14.0,-17.0,17.0,-10.0,14.0,3349.82
-50.0,-25.0,-21.0,44.0,-17.0,8.0,0.0,40.0,3349.83
94.0,59.0,52.0,0.0,42.0,34.0,33.0,-4.0,3349.84
125.0,5.0,1.0,44.0,10.0,33.0,12.0,74.0,3349.84
-111.0,5.0,34.0,-11.0,33.0,-20.0,29.0,-39.0,3349.85
-107.0,17.0,12.0,-18.0,21.0,-37.0,11.0,-28.0,3349.85
-127.0,-18.0,-32.0,29.0,8.0,9.0,-22.0,38.0,3349.86
-110.0,-44.0,-22.0,-8.0,-63.0,5.0,-27.0,1.0,3349.86
-90.0,-1.0,-37.0,11.0,-64.0,-2.0,-52.0,6.0,3349.87
-61.0,-7.0,-25.0,-37.0,-49.0,-29.0,-19.0,-16.0,3349.88
-39.0,9.0,16.0,17.0,20.0,17.0,15.0,8.0,3349.91
94.0,-15.0,-18.0,-1.0,-21.0,-2.0,-21.0,-2.0,3349.93
94.0,-9.0,-16.0,-14.0,-10.0,-17.0,-18.0,-2.0,3349.93
-68.0,1.0,1.0,-12.0,-1.0,-17.0,-3.0,-26.0,3349.94
-108.0,18.0,42.0,32.0,50.0,13.0,57.0,8.0,3349.94
-67.0,-47.0,-17.0,-14.0,-45.0,-1.0,-18.0,-24.0,3349.95
-87.0,37.0,30.0,-23.0,25.0,-12.0,40.0,-27.0,3349.95
94.0,-46.0,-24.0,-2.0,-31.0,4.0,-36.0,-3.0,3349.96
-39.0,-3.0,-29.0,-47.0,-10.0,-44.0,1.0,-63.0,3349.97
-128.0,-41.0,-27.0,-17.0,-23.0,5.0,-31.0,2.0,3349.97
-96.0,18.0,-5.0,-42.0,-11.0,-51.0,-1.0,-56.0,3349.98
-119.0,-18.0,-21.0,-6.0,-24.0,-3.0,-24.0,-5.0,3350.03
-51.0,11.0,14.0,-12.0,13.0,-15.0,17.0,-20.0,3350.04
94.0,22.0,14.0,0.0,19.0,-10.0,18.0,-7.0,3350.04
-51.0,-16.0,-16.0,-6.0,-21.0,-3.0,-12.0,-5.0,3350.05
-102.0,-11.0,4.0,-14.0,-16.0,-10.0,-24.0,-13.0,3350.13
94.0,15.0,18.0,3.0,15.0,10.0,19.0,8.0,3350.15
-87.0,8.0,10.0,15.0,1.0,18.0,6.0,9.0,3350.16
86.0,-17.0,-17.0,-6.0,-11.0,0.0,-13.0,-16.0,3350.22
-74.0,1.0,0.0,21.0,-2.0,11.0,-1.0,21.0,3350.23
-54.0,-5.0,-11.0,-15.0,-19.0,-13.0,-11.0,-22.0,3350.24
-107.0,-16.0,-31.0,32.0,-21.0,40.0,-45.0,44.0,3350.24
-87.0,-34.0,-14.0,22.0,-13.0,1.0,-15.0,25.0,3350.25
98.0,-33.0,-27.0,1.0,0.0,-10.0,-28.0,-18.0,3350.26
98.0,-42.0,-16.0,23.0,-16.0,41.0,-20.0,25.0,3350.26
115.0,57.0,16.0,9.0,11.0,-1.0,22.0,-7.0,3350.27
20.0,-50.0,-23.0,12.0,-51.0,10.0,-37.0,9.0,3350.27
86.0,38.0,30.0,-19.0,36.0,-27.0,60.0,-27.0,3350.28
-101.0,36.0,18.0,-38.0,13.0,-52.0,14.0,-46.0,3350.29
25.0,-14.0,-6.0,-15.0,-16.0,-15.0,-5.0,-12.0,3350.33
25.0,14.0,15.0,-2.0,19.0,0.0,14.0,-4.0,3350.34
-10.0,-15.0,-15.0,12.0,-17.0,11.0,-19.0,12.0,3350.34
-10.0,3.0,12.0,12.0,7.0,27.0,6.0,22.0,3350.35
-51.0,-12.0,-17.0,-6.0,-17.0,-8.0,-19.0,-4.0,3350.36
90.0,-20.0,-17.0,10.0,-21.0,-11.0,-20.0,-1.0,3350.38
-48.0,1.0,-2.0,13.0,-10.0,8.0,-3.0,29.0,3350.43
-124.0,-7.0,-7.0,13.0,-23.0,20.0,-19.0,12.0,3350.43
-124.0,-12.0,-14.0,2.0,-9.0,-10.0,-18.0,-12.0,3350.44
103.0,-41.0,-42.0,34.0,-57.0,46.0,-29.0,27.0,3350.45
123.0,-19.0,-22.0,15.0,-18.0,13.0,-20.0,7.0,3350.45
98.0,-20.0,-22.0,5.0,-20.0,4.0,-24.0,4.0,3350.46
-107.0,16.0,18.0,-6.0,33.0,-14.0,26.0,-13.0,3350.53
-126.0,22.0,24.0,1.0,24.0,5.0,19.0,4.0,3350.54
-127.0,-41.0,-27.0,-62.0,-37.0,-41.0,-16.0,-67.0,3350.55
-107.0,11.0,47.0,-27.0,13.0,-41.0,37.0,-39.0,3350.55
86.0,5.0,8.0,29.0,8.0,31.0,2.0,54.0,3350.56
-93.0,28.0,32.0,36.0,71.0,50.0,60.0,33.0,3350.56
-73.0,13.0,8.0,-63.0,14.0,-32.0,38.0,-65.0,3350.57
94.0,-5.0,23.0,51.0,25.0,66.0,27.0,70.0,3350.58
108.0,18.0,17.0,4.0,15.0,9.0,14.0,12.0,3350.58
-127.0,8.0,7.0,14.0,7.0,16.0,14.0,23.0,3350.59
-66.0,-5.0,-8.0,23.0,-18.0,-2.0,-19.0,7.0,3350.62
124.0,-11.0,-6.0,27.0,-7.0,29.0,-16.0,28.0,3350.64
-82.0,18.0,17.0,27.0,15.0,15.0,23.0,22.0,3350.65
-128.0,12.0,45.0,31.0,12.0,51.0,-16.0,53.0,3350.65
-62.0,-53.0,-34.0,40.0,-29.0,34.0,-22.0,39.0,3350.66
-66.0,-46.0,-31.0,-27.0,-25.0,-44.0,-33.0,-20.0,3350.67
-46.0,-46.0,-34.0,46.0,-22.0,30.0,-29.0,27.0,3350.67
-117.0,46.0,28.0,-45.0,27.0,-21.0,42.0,-34.0,3350.68
-119.0,-50.0,-54.0,-30.0,-29.0,-25.0,-34.0,-20.0,3350.68
-99.0,24.0,34.0,67.0,7.0,61.0,36.0,47.0,3350.69
125.0,62.0,57.0,-9.0,45.0,-4.0,67.0,-6.0,3350.7
-104.0,-1.0,-4.0,-23.0,2.0,-15.0,-3.0,-18.0,3350.74
94.0,17.0,5.0,12.0,13.0,17.0,12.0,10.0,3350.74
-108.0,52.0,34.0,31.0,33.0,36.0,24.0,37.0,3350.75
98.0,-18.0,-51.0,-14.0,-62.0,-29.0,-55.0,-16.0,3350.75
94.0,3.0,-10.0,57.0,18.0,49.0,7.0,49.0,3350.76
94.0,-59.0,-23.0,6.0,-44.0,25.0,-35.0,39.0,3350.77
94.0,-22.0,-46.0,-11.0,-44.0,-35.0,-36.0,-34.0,3350.77
74.0,-44.0,-32.0,-35.0,-61.0,-15.0,-45.0,1.0,3350.78
-108.0,-20.0,-14.0,-4.0,-16.0,-7.0,-9.0,-7.0,3350.84
98.0,-15.0,-27.0,-9.0,-21.0,-1.0,-17.0,1.0,3350.84
94.0,5.0,17.0,21.0,3.0,30.0,8.0,28.0,3350.85
94.0,-12.0,-12.0,-26.0,-13.0,-17.0,-11.0,-18.0,3350.85
94.0,-4.0,7.0,-21.0,8.0,-24.0,1.0,-25.0,3350.86
94.0,-20.0,-19.0,3.0,-19.0,9.0,-21.0,15.0,3350.86
-10.0,-2.0,-5.0,-16.0,-8.0,-19.0,-13.0,-24.0,3350.87
94.0,-25.0,-20.0,-4.0,-17.0,2.0,-18.0,6.0,3350.87
-93.0,-12.0,-12.0,-15.0,-12.0,-12.0,-14.0,-14.0,3350.88
-73.0,12.0,22.0,-5.0,20.0,-14.0,22.0,-7.0,3350.88
80.0,-24.0,-18.0,-10.0,-17.0,-11.0,-18.0,-8.0,3350.89
-74.0,2.0,8.0,18.0,0.0,24.0,6.0,20.0,3350.97
124.0,-1.0,-8.0,-24.0,3.0,-24.0,-7.0,-22.0,3350.97
-128.0,21.0,9.0,12.0,19.0,5.0,12.0,4.0,3350.99
-34.0,11.0,1.0,12.0,-9.0,11.0,-15.0,18.0,3351.0
-98.0,12.0,7.0,-25.0,5.0,-17.0,14.0,-19.0,3351.04
94.0,-25.0,-18.0,-4.0,-17.0,-2.0,-20.0,-10.0,3351.05
98.0,-6.0,-14.0,4.0,-16.0,-1.0,-22.0,2.0,3351.14
94.0,2.0,4.0,-20.0,-4.0,-31.0,2.0,-17.0,3351.16
-48.0,5.0,4.0,23.0,21.0,24.0,12.0,21.0,3351.16
86.0,-18.0,-16.0,-21.0,-12.0,-1.0,-48.0,-6.0,3351.17
94.0,-29.0,-40.0,21.0,-38.0,31.0,-28.0,-11.0,3351.17
116.0,-28.0,-42.0,-23.0,-22.0,-41.0,-21.0,-11.0,3351.18
86.0,17.0,28.0,-26.0,13.0,-35.0,25.0,-27.0,3351.18
94.0,25.0,0.0,-27.0,31.0,-25.0,4.0,21.0,3351.19
94.0,-9.0,-1.0,13.0,-4.0,17.0,-7.0,23.0,3351.25
116.0,-5.0,-3.0,16.0,3.0,21.0,-3.0,22.0,3351.25
94.0,26.0,28.0,9.0,24.0,1.0,27.0,0.0,3351.26
94.0,-9.0,-13.0,-26.0,-7.0,-29.0,-11.0,-24.0,3351.26
121.0,-7.0,4.0,-17.0,-11.0,-14.0,-13.0,-13.0,3351.27
108.0,27.0,16.0,4.0,26.0,-3.0,15.0,10.0,3351.27
94.0,-2.0,0.0,-24.0,-4.0,-21.0,0.0,-20.0,3351.28
94.0,5.0,9.0,-22.0,9.0,-23.0,10.0,-23.0,3351.28
-91.0,16.0,25.0,5.0,22.0,5.0,21.0,0.0,3351.29
-71.0,-24.0,-15.0,-4.0,-23.0,-9.0,-18.0,-10.0,3351.29
-108.0,15.0,-1.0,-11.0,5.0,-25.0,7.0,-13.0,3351.3
-93.0,-18.0,-13.0,5.0,-15.0,-1.0,-19.0,-4.0,3351.38
-51.0,14.0,8.0,4.0,12.0,12.0,12.0,11.0,3351.39
94.0,11.0,6.0,-20.0,12.0,-16.0,13.0,-18.0,3351.45
-93.0,7.0,13.0,-22.0,26.0,-19.0,4.0,-25.0,3351.46
-51.0,-4.0,-1.0,-25.0,-1.0,-20.0,-7.0,-23.0,3351.46
94.0,23.0,16.0,8.0,24.0,0.0,15.0,6.0,3351.47
98.0,26.0,24.0,-10.0,23.0,-9.0,20.0,-9.0,3351.47
-7.0,-8.0,-26.0,-6.0,-13.0,-10.0,-16.0,-8.0,3351.48
-91.0,-9.0,4.0,-19.0,8.0,-23.0,-3.0,-14.0,3351.48
-93.0,-9.0,-21.0,-15.0,-5.0,-8.0,-6.0,-11.0,3351.49
98.0,-12.0,-6.0,-8.0,-23.0,-8.0,-11.0,-10.0,3351.55
98.0,0.0,7.0,-16.0,10.0,-9.0,16.0,-14.0,3351.56
80.0,-19.0,-16.0,8.0,-17.0,15.0,-16.0,14.0,3351.57
80.0,-20.0,-28.0,-5.0,-27.0,0.0,-31.0,1.0,3351.57
-98.0,3.0,37.0,32.0,-7.0,20.0,13.0,19.0,3351.58
9.0,-3.0,-8.0,9.0,-10.0,17.0,-12.0,14.0,3351.58
90.0,16.0,11.0,10.0,16.0,10.0,12.0,16.0,3351.6
122.0,8.0,5.0,-21.0,2.0,-28.0,12.0,-27.0,3351.66
52.0,8.0,17.0,-12.0,14.0,-14.0,15.0,-13.0,3351.66
-114.0,4.0,2.0,-13.0,10.0,-23.0,4.0,-19.0,3351.67
-73.0,-14.0,-17.0,5.0,-20.0,7.0,-24.0,9.0,3351.68
-46.0,-16.0,-22.0,3.0,-22.0,-1.0,-8.0,-7.0,3351.68
122.0,9.0,16.0,1.0,31.0,1.0,26.0,0.0,3351.69
86.0,-8.0,2.0,26.0,8.0,18.0,1.0,29.0,3351.69
-114.0,1.0,-41.0,19.0,-12.0,5.0,-19.0,1.0,3351.7
-65.0,7.0,21.0,-42.0,-21.0,-3.0,11.0,-28.0,3351.7
122.0,-24.0,-16.0,5.0,-11.0,18.0,-20.0,1.0,3351.84
98.0,-10.0,-12.0,-10.0,-10.0,-13.0,-4.0,-11.0,3351.84
125.0,-12.0,-13.0,-19.0,-3.0,-14.0,-12.0,-18.0,3351.86
94.0,4.0,-7.0,18.0,0.0,25.0,-4.0,16.0,3351.87
-10.0,-7.0,-12.0,-13.0,-5.0,-19.0,-13.0,-25.0,3351.87
94.0,11.0,-7.0,20.0,-16.0,14.0,2.0,20.0,3351.88
94.0,3.0,11.0,6.0,1.0,13.0,14.0,25.0,3351.88
-10.0,-1.0,7.0,14.0,-2.0,20.0,9.0,18.0,3351.89
-114.0,-42.0,-29.0,14.0,-32.0,3.0,-43.0,2.0,3351.89
-114.0,22.0,13.0,-7.0,18.0,-9.0,18.0,-6.0,3351.96
-108.0,7.0,9.0,-11.0,13.0,-20.0,15.0,-12.0,3352.06
94.0,10.0,15.0,4.0,2.0,3.0,25.0,14.0,3352.07
-108.0,17.0,15.0,9.0,15.0,-2.0,16.0,9.0,3352.08
-108.0,-28.0,-53.0,-22.0,-58.0,6.0,-60.0,9.0,3352.08
-108.0,-10.0,23.0,17.0,28.0,-27.0,51.0,-22.0,3352.09
-51.0,-36.0,-28.0,1.0,-45.0,23.0,-35.0,-23.0,3352.09
-68.0,-9.0,-4.0,35.0,-4.0,23.0,-23.0,22.0,3352.1
90.0,-16.0,-14.0,-3.0,-16.0,4.0,-14.0,-6.0,3352.12
-34.0,14.0,15.0,2.0,6.0,8.0,13.0,14.0,3352.15
-98.0,-14.0,-31.0,2.0,-9.0,-6.0,-5.0,-15.0,3352.17
98.0,-4.0,1.0,26.0,-13.0,20.0,-16.0,25.0,3352.17
-98.0,20.0,6.0,-24.0,11.0,-9.0,22.0,-18.0,3352.18
94.0,13.0,18.0,-5.0,21.0,-2.0,23.0,6.0,3352.19
122.0,-44.0,-43.0,-5.0,-36.0,-16.0,-40.0,-15.0,3352.19
-114.0,53.0,48.0,-15.0,46.0,-5.0,47.0,-6.0,3352.2
-34.0,-22.0,-43.0,6.0,-30.0,7.0,-43.0,12.0,3352.2
124.0,-13.0,-15.0,9.0,-20.0,-1.0,-15.0,13.0,3352.27
108.0,14.0,13.0,-6.0,7.0,-10.0,6.0,-10.0,3352.27
-34.0,21.0,24.0,7.0,9.0,-1.0,15.0,-17.0,3352.28
-98.0,3.0,54.0,20.0,26.0,3.0,23.0,-8.0,3352.29
-42.0,1.0,11.0,-9.0,4.0,-17.0,5.0,-15.0,3352.29
-128.0,-5.0,-4.0,13.0,-13.0,12.0,-19.0,3.0,3352.33
-128.0,1.0,2.0,-21.0,3.0,-25.0,6.0,-26.0,3352.38
-51.0,10.0,5.0,-9.0,4.0,-24.0,11.0,-15.0,3352.39
94.0,5.0,31.0,-17.0,46.0,-11.0,42.0,-15.0,3352.4
-98.0,22.0,29.0,27.0,35.0,20.0,20.0,30.0,3352.4
94.0,-12.0,16.0,-17.0,27.0,-8.0,33.0,-28.0,3352.41
-98.0,4.0,45.0,17.0,18.0,18.0,30.0,46.0,3352.41
45.0,16.0,3.0,-13.0,13.0,4.0,26.0,-21.0,3352.42
65.0,-36.0,-31.0,-9.0,-16.0,15.0,-16.0,19.0,3352.42
-10.0,14.0,49.0,-13.0,33.0,-3.0,7.0,-19.0,3352.43
10.0,3.0,28.0,-25.0,12.0,-35.0,-11.0,-32.0,3352.43
94.0,-3.0,5.0,13.0,-1.0,17.0,1.0,16.0,3352.46
124.0,-3.0,-7.0,-20.0,1.0,-13.0,-3.0,-14.0,3352.5
118.0,6.0,10.0,-15.0,11.0,-14.0,8.0,-10.0,3352.56
-34.0,10.0,12.0,19.0,11.0,14.0,17.0,15.0,3352.58
124.0,12.0,13.0,-18.0,17.0,-12.0,15.0,-13.0,3352.58
94.0,-1.0,9.0,17.0,18.0,20.0,3.0,21.0,3352.59
118.0,-9.0,-8.0,17.0,-15.0,10.0,-10.0,13.0,3352.59
94.0,16.0,35.0,34.0,21.0,31.0,44.0,13.0,3352.6
86.0,-28.0,-41.0,41.0,-24.0,24.0,-4.0,63.0,3352.6
94.0,16.0,-20.0,41.0,-7.0,54.0,10.0,32.0,3352.61
118.0,-10.0,-26.0,25.0,-3.0,31.0,-43.0,18.0,3352.61
98.0,16.0,11.0,-11.0,11.0,-7.0,22.0,-12.0,3352.65
-98.0,5.0,3.0,18.0,3.0,14.0,12.0,17.0,3352.68
98.0,-3.0,-3.0,-15.0,-8.0,-12.0,-8.0,-18.0,3352.68
72.0,14.0,6.0,24.0,-5.0,19.0,0.0,20.0,3352.69
92.0,-11.0,-14.0,12.0,-10.0,14.0,-22.0,5.0,3352.7
-34.0,7.0,0.0,17.0,7.0,19.0,7.0,19.0,3352.7
-98.0,-18.0,-22.0,14.0,-26.0,18.0,-10.0,17.0,3352.71
98.0,12.0,9.0,15.0,17.0,15.0,12.0,14.0,3352.71
-68.0,12.0,13.0,-21.0,14.0,-20.0,13.0,-20.0,3352.72
94.0,7.0,10.0,22.0,13.0,20.0,11.0,20.0,3352.72
93.0,3.0,13.0,19.0,11.0,10.0,5.0,22.0,3352.78
-93.0,-17.0,-14.0,-9.0,-9.0,-15.0,-8.0,-11.0,3352.89
-6.0,-21.0,-23.0,8.0,-19.0,7.0,-20.0,7.0,3352.9
-50.0,-17.0,-15.0,10.0,-20.0,17.0,-19.0,19.0,3352.91
-70.0,12.0,21.0,7.0,14.0,7.0,21.0,3.0,3352.91
-93.0,8.0,13.0,13.0,10.0,11.0,22.0,11.0,3352.92
-108.0,7.0,7.0,-13.0,15.0,-9.0,10.0,-14.0,3352.92
-128.0,12.0,-2.0,13.0,8.0,23.0,11.0,18.0,3352.93
-93.0,-19.0,-18.0,4.0,-16.0,8.0,-21.0,9.0,3352.93
-73.0,11.0,6.0,20.0,9.0,17.0,13.0,20.0,3352.94
94.0,-11.0,3.0,14.0,-16.0,23.0,-15.0,11.0,3352.94
-123.0,-8.0,-12.0,15.0,-13.0,9.0,-13.0,11.0,3352.99
-40.0,15.0,19.0,9.0,10.0,-10.0,16.0,-2.0,3353.0
-20.0,-37.0,-25.0,14.0,-17.0,1.0,-37.0,-12.0,3353.0
94.0,8.0,52.0,-18.0,34.0,-30.0,19.0,-23.0,3353.01
-98.0,16.0,6.0,9.0,19.0,16.0,11.0,12.0,3353.17
121.0,3.0,-3.0,-26.0,0.0,-24.0,10.0,-17.0,3353.17
94.0,-9.0,-16.0,13.0,-15.0,18.0,-18.0,17.0,3353.18
-93.0,-20.0,-20.0,-1.0,-18.0,-7.0,-23.0,-1.0,3353.18
98.0,-6.0,17.0,-4.0,13.0,-23.0,13.0,-1.0,3353.19
121.0,11.0,-1.0,18.0,15.0,19.0,11.0,24.0,3353.24
-98.0,13.0,13.0,15.0,17.0,14.0,17.0,15.0,3353.26
102.0,-13.0,-15.0,-22.0,-11.0,-20.0,-18.0,-13.0,3353.26
95.0,19.0,16.0,14.0,16.0,18.0,22.0,12.0,3353.27
-128.0,-14.0,-12.0,14.0,-7.0,18.0,-14.0,5.0,3353.27
-128.0,10.0,0.0,17.0,10.0,16.0,7.0,22.0,3353.28
98.0,-10.0,-16.0,1.0,-14.0,5.0,-21.0,10.0,3353.29
-75.0,-4.0,-8.0,-6.0,-6.0,8.0,-5.0,6.0,3353.31
94.0,-17.0,-19.0,0.0,-21.0,-12.0,-7.0,-3.0,3353.32
-75.0,13.0,14.0,-17.0,21.0,-26.0,19.0,-13.0,3353.32
94.0,-16.0,-12.0,-18.0,-10.0,-15.0,-18.0,-20.0,3353.33
94.0,12.0,18.0,-12.0,16.0,-12.0,20.0,-10.0,3353.34
94.0,19.0,10.0,17.0,16.0,5.0,10.0,11.0,3353.37
