2024-05-27_18-11-03,Audio_logs\2024-05-27_18-11-03.wav
2024-06-19_17-39-35-589,Audio_logs\2024-06-19_17-39-35-589.wav
2024-06-19_17-43-06-617,Audio_logs\2024-06-19_17-43-06-617.wav
2024-06-19_17-46-57-998,Audio_logs\2024-06-19_17-46-57-998.wav
2024-06-19_17-57-40-528,Audio_logs\2024-06-19_17-57-40-528.wav
2024-06-19_17-59-30-772,Audio_logs\2024-06-19_17-59-30-772.wav
2024-06-19_18-01-25-103,Audio_logs\2024-06-19_18-01-25-103.wav
2024-06-19_18-03-22-539,Audio_logs\2024-06-19_18-03-22-539.wav
2024-06-19_18-03-56-67,Audio_logs\2024-06-19_18-03-56-67.wav
2024-06-19_18-06-07-274,Audio_logs\2024-06-19_18-06-07-274.wav
2024-06-19_18-06-47-285,Audio_logs\2024-06-19_18-06-47-285.wav
2024-06-19_20-09-59-22,Audio_logs\2024-06-19_20-09-59-22.wav
2024-06-19_20-16-23-88,Audio_logs\2024-06-19_20-16-23-88.wav
