Subcarrier,Lag,Cross-Correlation
1,-32,-0.8176450458327023
1,-31,-1.6352900916654045
1,-30,-2.4529351374981068
1,-29,-3.270580183330809
1,-28,-4.088225229163511
1,-27,-4.905870274996213
1,-26,-5.7235153208289145
1,-25,-6.541160366661616
1,-24,-7.358805412494318
1,-23,-8.17645045832702
1,-22,-8.994095504159722
1,-21,-9.811740549992424
1,-20,-10.629385595825125
1,-19,-11.447030641657827
1,-18,-12.264675687490529
1,-17,-13.082320733323236
1,-16,-13.899965779155938
1,-15,-14.71761082498864
1,-14,-15.535255870821342
1,-13,-16.352900916654043
1,-12,-17.170545962486745
1,-11,-17.988191008319447
1,-10,-18.80583605415215
1,-9,-19.62348109998485
1,-8,-20.441126145817552
1,-7,-21.258771191650254
1,-6,-22.076416237482956
1,-5,-22.894061283315658
1,-4,-23.71170632914836
1,-3,-24.52935137498106
1,-2,-25.346996420813763
1,-1,-26.164641466646472
1,0,-26.982286512479174
1,1,-26.164641466646472
1,2,-25.346996420813763
1,3,-24.52935137498106
1,4,-23.71170632914836
1,5,-22.894061283315658
1,6,-22.076416237482956
1,7,-21.258771191650254
1,8,-20.441126145817552
1,9,-19.62348109998485
1,10,-18.80583605415215
1,11,-17.988191008319447
1,12,-17.170545962486745
1,13,-16.352900916654043
1,14,-15.535255870821342
1,15,-14.71761082498864
1,16,-13.899965779155938
1,17,-13.082320733323236
1,18,-12.264675687490529
1,19,-11.447030641657827
1,20,-10.629385595825125
1,21,-9.811740549992424
1,22,-8.994095504159722
1,23,-8.17645045832702
1,24,-7.358805412494318
1,25,-6.541160366661616
1,26,-5.7235153208289145
1,27,-4.905870274996213
1,28,-4.088225229163511
1,29,-3.270580183330809
1,30,-2.4529351374981068
1,31,-1.6352900916654045
1,32,-0.8176450458327023
2,-32,0.0
2,-31,0.0
2,-30,0.0
2,-29,0.0
2,-28,0.0
2,-27,0.0
2,-26,0.0
2,-25,0.0
2,-24,0.0
2,-23,0.0
2,-22,0.0
2,-21,0.0
2,-20,0.0
2,-19,0.0
2,-18,0.0
2,-17,0.0
2,-16,0.0
2,-15,0.0
2,-14,0.0
2,-13,0.0
2,-12,0.0
2,-11,0.0
2,-10,0.0
2,-9,0.0
2,-8,0.0
2,-7,0.0
2,-6,0.0
2,-5,0.0
2,-4,0.0
2,-3,0.0
2,-2,0.0
2,-1,0.0
2,0,0.0
2,1,0.0
2,2,0.0
2,3,0.0
2,4,0.0
2,5,0.0
2,6,0.0
2,7,0.0
2,8,0.0
2,9,0.0
2,10,0.0
2,11,0.0
2,12,0.0
2,13,0.0
2,14,0.0
2,15,0.0
2,16,0.0
2,17,0.0
2,18,0.0
2,19,0.0
2,20,0.0
2,21,0.0
2,22,0.0
2,23,0.0
2,24,0.0
2,25,0.0
2,26,0.0
2,27,0.0
2,28,0.0
2,29,0.0
2,30,0.0
2,31,0.0
2,32,0.0
3,-32,0.229696844839896
3,-31,-0.10145616511025268
3,-30,-0.21476282471103972
3,-29,0.7919256777091922
3,-28,2.1895754338250337
3,-27,0.6583654668490968
3,-26,0.46670354087380017
3,-25,0.2107747528006465
3,-24,-0.7004202709441915
3,-23,0.4193978229654872
3,-22,-1.1419887933393538
3,-21,0.44345764176451663
3,-20,1.3298350581174716
3,-19,2.615505728487408
3,-18,1.5626275576499926
3,-17,2.0425194834350675
3,-16,0.863780397915844
3,-15,0.2606435499125631
3,-14,1.6880378453277425
3,-13,1.2393119097917444
3,-12,1.997343499777347
3,-11,2.0178068676412177
3,-10,3.502827166199971
3,-9,2.0573454080422744
3,-8,2.717709333914799
3,-7,1.4743459129216758
3,-6,0.2616230611942465
3,-5,0.3933114962789345
3,-4,0.7237175862251994
3,-3,0.8127704589805054
3,-2,0.029295328636333218
3,-1,1.3440420067981216
3,0,-1.5543122344752192e-15
3,1,-0.22969684483989683
3,2,0.10145616511025213
3,3,0.21476282471103914
3,4,-0.7919256777091928
3,5,-2.189575433825035
3,6,-0.6583654668490981
3,7,-0.46670354087380095
3,8,-0.2107747528006476
3,9,0.7004202709441898
3,10,-0.41939782296548866
3,11,1.141988793339353
3,12,-0.44345764176451763
3,13,-1.329835058117473
3,14,-2.6155057284874097
3,15,-1.5626275576499935
3,16,-2.0425194834350684
3,17,-0.8637803979158454
3,18,-0.26064354991256455
3,19,-1.6880378453277431
3,20,-1.239311909791745
3,21,-1.997343499777348
3,22,-2.0178068676412186
3,23,-3.502827166199972
3,24,-2.0573454080422753
3,25,-2.717709333914801
3,26,-1.4743459129216767
3,27,-0.2616230611942474
3,28,-0.3933114962789356
3,29,-0.7237175862252004
3,30,-0.8127704589805064
3,31,-0.029295328636334217
3,32,-1.3440420067981231
4,-32,0.24313715015455156
4,-31,-0.0650900985099162
4,-30,-0.174021699873024
4,-29,0.8206482954436276
4,-28,2.2341377173897494
4,-27,0.6993438118219237
4,-26,0.5056351871510155
4,-25,0.24469224134547757
4,-24,-0.6613391899663901
4,-23,0.46999909892558045
4,-22,-1.076000093179117
4,-21,0.48348071565957884
4,-20,1.369750793172774
4,-19,2.6405952504404295
4,-18,1.5883062873595328
4,-17,2.0878293519098357
4,-16,0.9008941381725419
4,-15,0.2850205534412815
4,-14,1.7018857020013531
4,-13,1.242486974585408
4,-12,1.9992597007252604
4,-11,2.0253744233417343
4,-10,3.5219197909446205
4,-9,2.0668061044196095
4,-8,2.728076093819742
4,-7,1.4800619893347973
4,-6,0.2766437731435314
4,-5,0.41818660230349247
4,-4,0.7346848700098696
4,-3,0.8272054585751387
4,-2,0.032184194470346594
4,-1,1.3509671493556317
4,0,-4.440892098500626e-16
4,1,-0.24313715015455184
4,2,0.06509009850991543
4,3,0.1740216998730233
4,4,-0.8206482954436282
4,5,-2.23413771738975
4,6,-0.6993438118219246
4,7,-0.5056351871510167
4,8,-0.2446922413454784
4,9,0.6613391899663901
4,10,-0.4699990989255802
4,11,1.076000093179116
4,12,-0.4834807156595802
4,13,-1.369750793172775
4,14,-2.6405952504404295
4,15,-1.5883062873595335
4,16,-2.0878293519098365
4,17,-0.9008941381725419
4,18,-0.2850205534412815
4,19,-1.7018857020013536
4,20,-1.2424869745854084
4,21,-1.9992597007252606
4,22,-2.0253744233417343
4,23,-3.52191979094462
4,24,-2.0668061044196095
4,25,-2.728076093819742
4,26,-1.4800619893347975
4,27,-0.2766437731435314
4,28,-0.4181866023034926
4,29,-0.7346848700098697
4,30,-0.8272054585751388
4,31,-0.032184194470346705
4,32,-1.3509671493556321
5,-32,0.23066234437222566
5,-31,-0.09760203298987635
5,-30,-0.2087670469436778
5,-29,0.7848389145681838
5,-28,2.1897008952578414
5,-27,0.6707229025211607
5,-26,0.4746910353309991
5,-25,0.24203058962775725
5,-24,-0.6670788630848978
5,-23,0.4633402060399694
5,-22,-1.0864151187743292
5,-21,0.4924949715067821
5,-20,1.3775861544133774
5,-19,2.665025982241228
5,-18,1.6095040229430486
5,-17,2.1074383948637774
5,-16,0.9209108507485535
5,-15,0.30226669653699545
5,-14,1.7185151702460875
5,-13,1.2582123514757269
5,-12,2.013668967318116
5,-11,2.0358152884365532
5,-10,3.531828410531517
5,-9,2.0817078532077486
5,-8,2.7197359703175925
5,-7,1.4682814788061143
5,-6,0.26147012949395076
5,-5,0.4010449493449334
5,-4,0.7320712106102347
5,-3,0.8225718457878277
5,-2,0.024590186910319445
5,-1,1.342652538826993
5,0,2.220446049250313e-16
5,1,-0.23066234437222555
5,2,0.09760203298987657
5,3,0.20876704694367798
5,4,-0.7848389145681832
5,5,-2.1897008952578414
5,6,-0.6707229025211611
5,7,-0.4746910353309991
5,8,-0.24203058962775725
5,9,0.6670788630848976
5,10,-0.46334020603996995
5,11,1.086415118774329
5,12,-0.4924949715067817
5,13,-1.3775861544133772
5,14,-2.6650259822412283
5,15,-1.6095040229430488
5,16,-2.1074383948637774
5,17,-0.9209108507485539
5,18,-0.30226669653699534
5,19,-1.7185151702460875
5,20,-1.2582123514757266
5,21,-2.013668967318116
5,22,-2.0358152884365532
5,23,-3.5318284105315163
5,24,-2.081707853207748
5,25,-2.7197359703175916
5,26,-1.4682814788061136
5,27,-0.2614701294939501
5,28,-0.4010449493449326
5,29,-0.732071210610234
5,30,-0.8225718457878269
5,31,-0.024590186910318668
5,32,-1.3426525388269928
6,-32,0.24012609207074745
6,-31,-0.08936203598035666
6,-30,-0.19035868310758752
6,-29,0.791208357018176
6,-28,2.1928832122666577
6,-27,0.6674557016434159
6,-26,0.4618371496981234
6,-25,0.20898176418725112
6,-24,-0.7104523081922
6,-23,0.4093518749061319
6,-22,-1.1490852753359073
6,-21,0.4166555479946019
6,-20,1.3098614845348897
6,-19,2.5910312604860852
6,-18,1.547624299702045
6,-17,2.0239120824149213
6,-16,0.8459940440019889
6,-15,0.23856433880030725
6,-14,1.6618326754680597
6,-13,1.2124179118979663
6,-12,1.9762565010490825
6,-11,2.0082963902853574
6,-10,3.51116495404377
6,-9,2.052655840584059
6,-8,2.7210875693677803
6,-7,1.4672693369440608
6,-6,0.25725030314488384
6,-5,0.3846970527485535
6,-4,0.7087031804114441
6,-3,0.8089564828807775
6,-2,0.022558946864832063
6,-1,1.3417853003531195
6,0,1.1102230246251565e-15
6,1,-0.24012609207074576
6,2,0.0893620359803593
6,3,0.19035868310758874
6,4,-0.7912083570181749
6,5,-2.192883212266656
6,6,-0.6674557016434146
6,7,-0.46183714969812306
6,8,-0.20898176418724979
6,9,0.7104523081922014
6,10,-0.4093518749061307
6,11,1.1490852753359084
6,12,-0.4166555479946007
6,13,-1.3098614845348886
6,14,-2.5910312604860843
6,15,-1.5476242997020442
6,16,-2.0239120824149204
6,17,-0.8459940440019875
6,18,-0.23856433880030603
6,19,-1.6618326754680581
6,20,-1.2124179118979648
6,21,-1.976256501049081
6,22,-2.0082963902853557
6,23,-3.5111649540437675
6,24,-2.0526558405840563
6,25,-2.7210875693677776
6,26,-1.4672693369440586
6,27,-0.2572503031448814
6,28,-0.38469705274855104
6,29,-0.7087031804114415
6,30,-0.8089564828807749
6,31,-0.02255894686482951
6,32,-1.3417853003531184
7,-32,0.2508344513764309
7,-31,-0.06876099914993977
7,-30,-0.18138461319905358
7,-29,0.8119525221434973
7,-28,2.217471478553671
7,-27,0.7002240723995321
7,-26,0.5046755779545324
7,-25,0.2618226072777974
7,-24,-0.6485635841805428
7,-23,0.48320864832004085
7,-22,-1.0892651816751138
7,-21,0.4693732329496543
7,-20,1.352937422525481
7,-19,2.628724903418348
7,-18,1.5662625134045487
7,-17,2.0535968365667836
7,-16,0.8705560594484572
7,-15,0.27262102225446816
7,-14,1.6883032300965914
7,-13,1.248609410326567
7,-12,2.0024018107359387
7,-11,2.0448520819477616
7,-10,3.53506183028541
7,-9,2.0768934487442063
7,-8,2.7348360985909834
7,-7,1.48958691236559
7,-6,0.27414559189085996
7,-5,0.4063634235466479
7,-4,0.7411980258747073
7,-3,0.8301125493070527
7,-2,0.03130025230683098
7,-1,1.3509236404545915
7,0,2.6645352591003757e-15
7,1,-0.2508344513764289
7,2,0.06876099914994072
7,3,0.18138461319905508
7,4,-0.8119525221434964
7,5,-2.21747147855367
7,6,-0.700224072399531
7,7,-0.5046755779545309
7,8,-0.2618226072777967
7,9,0.6485635841805433
7,10,-0.4832086483200402
7,11,1.0892651816751147
7,12,-0.46937323294965305
7,13,-1.3529374225254802
7,14,-2.6287249034183477
7,15,-1.5662625134045476
7,16,-2.0535968365667827
7,17,-0.8705560594484565
7,18,-0.2726210222544678
7,19,-1.688303230096591
7,20,-1.248609410326567
7,21,-2.0024018107359383
7,22,-2.0448520819477607
7,23,-3.535061830285409
7,24,-2.0768934487442055
7,25,-2.7348360985909825
7,26,-1.4895869123655894
7,27,-0.2741455918908593
7,28,-0.40636342354664723
7,29,-0.7411980258747067
7,30,-0.8301125493070521
7,31,-0.03130025230683042
7,32,-1.3509236404545888
8,-32,0.23629798901954097
8,-31,-0.09372895534010045
8,-30,-0.2051090491661654
8,-29,0.7917825684113593
8,-28,2.1998905269823266
8,-27,0.6722193452539815
8,-26,0.47502947350394975
8,-25,0.23862659290867042
8,-24,-0.6904430962289091
8,-23,0.44455935304650007
8,-22,-1.1183499301389483
8,-21,0.4425188250601011
8,-20,1.3298946251245143
8,-19,2.608574986583781
8,-18,1.554482510676987
8,-17,2.046556559109356
8,-16,0.872168134634079
8,-15,0.27292564322045065
8,-14,1.6819114379981488
8,-13,1.2204155055638244
8,-12,1.97832348929665
8,-11,2.005894469453711
8,-10,3.498494843245823
8,-9,2.049623263487224
8,-8,2.711906011712592
8,-7,1.461433759733857
8,-6,0.25472068578541984
8,-5,0.37600537278569446
8,-4,0.7159369103195455
8,-3,0.8105244034256747
8,-2,0.019464455908426714
8,-1,1.3418780449486514
8,0,1.3322676295501878e-15
8,1,-0.23629798901953958
8,2,0.09372895534010195
8,3,0.20510904916616668
8,4,-0.7917825684113577
8,5,-2.1998905269823252
8,6,-0.6722193452539795
8,7,-0.47502947350394753
8,8,-0.2386265929086686
8,9,0.6904430962289108
8,10,-0.44455935304649774
8,11,1.1183499301389497
8,12,-0.44251882506009976
8,13,-1.3298946251245127
8,14,-2.608574986583779
8,15,-1.5544825106769855
8,16,-2.0465565591093537
8,17,-0.8721681346340766
8,18,-0.27292564322044854
8,19,-1.6819114379981468
8,20,-1.2204155055638222
8,21,-1.978323489296648
8,22,-2.0058944694537093
8,23,-3.498494843245821
8,24,-2.049623263487222
8,25,-2.71190601171259
8,26,-1.461433759733855
8,27,-0.25472068578541784
8,28,-0.37600537278569246
8,29,-0.7159369103195435
8,30,-0.8105244034256727
8,31,-0.019464455908424716
8,32,-1.34187804494865
9,-32,0.2414804789133939
9,-31,-0.07957583698493056
9,-30,-0.18615907580606278
9,-29,0.7962801497299752
9,-28,2.210870337320555
9,-27,0.6905940888717017
9,-26,0.4781418603715808
9,-25,0.24639716297283715
9,-24,-0.6787826297856692
9,-23,0.4432557885390467
9,-22,-1.1164666355696606
9,-21,0.44792388587305987
9,-20,1.3439911235764743
9,-19,2.614292749792977
9,-18,1.5639514984568592
9,-17,2.0479336689010754
9,-16,0.8624456333054555
9,-15,0.2560936424470174
9,-14,1.6715626399159071
9,-13,1.2275827671999737
9,-12,1.988465005878843
9,-11,2.0209869617192022
9,-10,3.5201632811750465
9,-9,2.060523752870242
9,-8,2.721323095745208
9,-7,1.4726867480034773
9,-6,0.26955561609030054
9,-5,0.3958952234189682
9,-4,0.7240439315599261
9,-3,0.8276500247935337
9,-2,0.04063305023396879
9,-1,1.3567698422103915
9,0,1.9984014443252818e-15
9,1,-0.24148047891339175
9,2,0.07957583698493331
9,3,0.18615907580606605
9,4,-0.7962801497299727
9,5,-2.210870337320553
9,6,-0.6905940888716997
9,7,-0.4781418603715779
9,8,-0.24639716297283387
9,9,0.6787826297856714
9,10,-0.44325578853904446
9,11,1.1164666355696633
9,12,-0.44792388587305765
9,13,-1.3439911235764725
9,14,-2.6142927497929747
9,15,-1.5639514984568565
9,16,-2.047933668901072
9,17,-0.8624456333054527
9,18,-0.2560936424470146
9,19,-1.6715626399159045
9,20,-1.227582767199971
9,21,-1.9884650058788402
9,22,-2.020986961719199
9,23,-3.5201632811750434
9,24,-2.060523752870239
9,25,-2.721323095745205
9,26,-1.4726867480034742
9,27,-0.26955561609029743
9,28,-0.395895223418965
9,29,-0.7240439315599229
9,30,-0.8276500247935304
9,31,-0.04063305023396557
9,32,-1.3567698422103895
10,-32,0.2311995688815055
10,-31,-0.0985900764343412
10,-30,-0.19586056107973912
10,-29,0.799235161753168
10,-28,2.1999777100049123
10,-27,0.6846736016204678
10,-26,0.47190871595461226
10,-25,0.2171282004952762
10,-24,-0.7012522633709939
10,-23,0.43387127870769415
10,-22,-1.1210001211839216
10,-21,0.4375828217688018
10,-20,1.323582475775364
10,-19,2.607424454262909
10,-18,1.5344872323871561
10,-17,2.0295954336744297
10,-16,0.8501074744993575
10,-15,0.251533743918248
10,-14,1.661075710896216
10,-13,1.2088524219849752
10,-12,1.9817108876495033
10,-11,2.023972707346973
10,-10,3.5175509611197504
10,-9,2.0630697523407573
10,-8,2.7134637695302914
10,-7,1.4706336071359114
10,-6,0.25851716080149534
10,-5,0.37208137518552936
10,-4,0.71087764188392
10,-3,0.8012712233589884
10,-2,0.021477793892949903
10,-1,1.3512956707930779
10,0,-1.5543122344752192e-15
10,1,-0.2311995688815074
10,2,0.09859007643433837
10,3,0.19586056107973682
10,4,-0.7992351617531704
10,5,-2.1999777100049145
10,6,-0.6846736016204696
10,7,-0.47190871595461437
10,8,-0.2171282004952786
10,9,0.7012522633709921
10,10,-0.43387127870769626
10,11,1.1210001211839196
10,12,-0.4375828217688039
10,13,-1.3235824757753663
10,14,-2.6074244542629104
10,15,-1.5344872323871575
10,16,-2.029595433674432
10,17,-0.8501074744993597
10,18,-0.2515337439182501
10,19,-1.6610757108962182
10,20,-1.2088524219849772
10,21,-1.9817108876495053
10,22,-2.0239727073469758
10,23,-3.5175509611197535
10,24,-2.0630697523407595
10,25,-2.713463769530294
10,26,-1.4706336071359143
10,27,-0.258517160801498
10,28,-0.3720813751855322
10,29,-0.7108776418839228
10,30,-0.8012712233589911
10,31,-0.02147779389295268
10,32,-1.3512956707930794
11,-32,0.24762091215322268
11,-31,-0.07599636432357737
11,-30,-0.18986338823846452
11,-29,0.7878246640696068
11,-28,2.201004887295044
11,-27,0.6900049304465272
11,-26,0.49246710273176497
11,-25,0.25516614038431473
11,-24,-0.6558973369356921
11,-23,0.48254979428487277
11,-22,-1.0861820597440426
11,-21,0.4787654908535848
11,-20,1.3666965225048124
11,-19,2.636812654669982
11,-18,1.5818226873733086
11,-17,2.063919745397654
11,-16,0.875496315448894
11,-15,0.2556630036062818
11,-14,1.6679949051422853
11,-13,1.2255479564954617
11,-12,1.983941599056742
11,-11,2.008983141275972
11,-10,3.5051879063611575
11,-9,2.05191984669304
11,-8,2.714514361624217
11,-7,1.4656764464305896
11,-6,0.2614482075928548
11,-5,0.3803226117564232
11,-4,0.7121358719864351
11,-3,0.8048456012402447
11,-2,0.01037395608816516
11,-1,1.3431368049718508
11,0,-1.1102230246251565e-15
11,1,-0.24762091215322402
11,2,0.07599636432357681
11,3,0.1898633882384646
11,4,-0.7878246640696073
11,5,-2.2010048872950447
11,6,-0.6900049304465282
11,7,-0.49246710273176575
11,8,-0.25516614038431507
11,9,0.6558973369356906
11,10,-0.482549794284874
11,11,1.086182059744042
11,12,-0.47876549085358566
11,13,-1.3666965225048133
11,14,-2.636812654669983
11,15,-1.5818226873733097
11,16,-2.063919745397655
11,17,-0.8754963154488951
11,18,-0.25566300360628236
11,19,-1.6679949051422858
11,20,-1.2255479564954623
11,21,-1.9839415990567426
11,22,-2.008983141275973
11,23,-3.505187906361158
11,24,-2.051919846693041
11,25,-2.714514361624218
11,26,-1.4656764464305905
11,27,-0.2614482075928557
11,28,-0.380322611756424
11,29,-0.7121358719864359
11,30,-0.8048456012402455
11,31,-0.010373956088165937
11,32,-1.343136804971852
12,-32,0.24973183493036977
12,-31,-0.08753212193336146
12,-30,-0.19883892327738012
12,-29,0.780052638357082
12,-28,2.176405884503941
12,-27,0.6495162707001487
12,-26,0.45464266148844756
12,-25,0.2200553399522618
12,-24,-0.6874570651271303
12,-23,0.4400629532579141
12,-22,-1.12617474467134
12,-21,0.4392463999633538
12,-20,1.3284925015404898
12,-19,2.5994486789635474
12,-18,1.5378718062730394
12,-17,2.021788352496885
12,-16,0.8372607304135522
12,-15,0.22061651565216855
12,-14,1.6336116999334922
12,-13,1.1941333716978877
12,-12,1.9752594465558464
12,-11,2.002688559415181
12,-10,3.499452360169833
12,-9,2.050409288474217
12,-8,2.70667454241468
12,-7,1.4618075253261529
12,-6,0.2466110776458701
12,-5,0.36775642591429925
12,-4,0.7015759647525953
12,-3,0.7965891586516953
12,-2,0.005523671675566444
12,-1,1.3390487010972132
12,0,-4.440892098500626e-16
12,1,-0.24973183493037077
12,2,0.0875321219333609
12,3,0.19883892327737862
12,4,-0.7800526383570823
12,5,-2.176405884503942
12,6,-0.6495162707001503
12,7,-0.45464266148844845
12,8,-0.220055339952262
12,9,0.6874570651271292
12,10,-0.44006295325791545
12,11,1.1261747446713382
12,12,-0.4392463999633548
12,13,-1.3284925015404905
12,14,-2.5994486789635474
12,15,-1.5378718062730399
12,16,-2.021788352496886
12,17,-0.8372607304135533
12,18,-0.22061651565216933
12,19,-1.6336116999334929
12,20,-1.1941333716978884
12,21,-1.975259446555847
12,22,-2.0026885594151818
12,23,-3.499452360169833
12,24,-2.050409288474218
12,25,-2.7066745424146808
12,26,-1.4618075253261538
12,27,-0.24661107764587076
12,28,-0.3677564259142999
12,29,-0.701575964752596
12,30,-0.796589158651696
12,31,-0.00552367167556711
12,32,-1.3390487010972136
13,-32,0.2684751273494822
13,-31,-0.07380415104398202
13,-30,-0.19777260057293827
13,-29,0.7912398508742058
13,-28,2.1980899484643444
13,-27,0.6790645441320462
13,-26,0.4739473055829985
13,-25,0.22879052273595954
13,-24,-0.6926089375673103
13,-23,0.4451658238653986
13,-22,-1.113243101065737
13,-21,0.4436290088065682
13,-20,1.3212720957452357
13,-19,2.602612193321879
13,-18,1.549318585894994
13,-17,2.0429102526051324
13,-16,0.8665551676253544
13,-15,0.25859491982977856
13,-14,1.6821019431099573
13,-13,1.2351743404784306
13,-12,2.0049676983215536
13,-11,2.019942589968556
13,-10,3.5079862323596673
13,-9,2.0668774779178722
13,-8,2.7329730677897524
13,-7,1.4668137376394186
13,-6,0.25976220703884745
13,-5,0.367138336702778
13,-4,0.692924503735991
13,-3,0.797262575826319
13,-2,0.014723973840943372
13,-1,1.341341481756897
13,0,1.3322676295501878e-15
13,1,-0.26847512734948076
13,2,0.07380415104398264
13,3,0.19777260057293944
13,4,-0.7912398508742051
13,5,-2.1980899484643435
13,6,-0.6790645441320458
13,7,-0.4739473055829977
13,8,-0.22879052273595835
13,9,0.6926089375673126
13,10,-0.44516582386539727
13,11,1.1132431010657378
13,12,-0.4436290088065672
13,13,-1.3212720957452349
13,14,-2.6026121933218787
13,15,-1.5493185858949936
13,16,-2.0429102526051306
13,17,-0.8665551676253518
13,18,-0.25859491982977745
13,19,-1.6821019431099562
13,20,-1.2351743404784292
13,21,-2.0049676983215527
13,22,-2.0199425899685552
13,23,-3.5079862323596664
13,24,-2.0668774779178714
13,25,-2.732973067789752
13,26,-1.4668137376394177
13,27,-0.2597622070388468
13,28,-0.3671383367027773
13,29,-0.6929245037359902
13,30,-0.7972625758263182
13,31,-0.014723973840942595
13,32,-1.3413414817568956
14,-32,0.24552132605063642
14,-31,-0.08355609350640847
14,-30,-0.18873307875284626
14,-29,0.7778728318219303
14,-28,2.17454204952203
14,-27,0.6497931162824939
14,-26,0.46081383053612546
14,-25,0.22053786636810052
14,-24,-0.7054402498918417
14,-23,0.41206557115127107
14,-22,-1.1502627039478213
14,-21,0.4067783786696717
14,-20,1.2832892382577734
14,-19,2.5642704714750684
14,-18,1.5061455382687088
14,-17,1.9978692497251684
14,-16,0.8164470899019498
14,-15,0.20450864213664754
14,-14,1.6279291504581843
14,-13,1.193655845586436
14,-12,1.9584305823309534
14,-11,1.9923804713646833
14,-10,3.4730322787683194
14,-9,2.026349260466679
14,-8,2.712973315580242
14,-7,1.4545277120856823
14,-6,0.24235030141304725
14,-5,0.37028051974104015
14,-4,0.693877266263828
14,-3,0.798645566969015
14,-2,0.01179432498924049
14,-1,1.3555207302540748
14,0,-2.4424906541753444e-15
14,1,-0.24552132605063903
14,2,0.08355609350640636
14,3,0.18873307875284429
14,4,-0.7778728318219326
14,5,-2.1745420495220324
14,6,-0.6497931162824959
14,7,-0.46081383053612734
14,8,-0.2205378663681028
14,9,0.7054402498918393
14,10,-0.4120655711512733
14,11,1.1502627039478195
14,12,-0.4067783786696735
14,13,-1.2832892382577756
14,14,-2.56427047147507
14,15,-1.5061455382687106
14,16,-1.997869249725171
14,17,-0.8164470899019531
14,18,-0.20450864213664932
14,19,-1.6279291504581863
14,20,-1.193655845586438
14,21,-1.9584305823309553
14,22,-1.9923804713646853
14,23,-3.4730322787683203
14,24,-2.026349260466681
14,25,-2.712973315580243
14,26,-1.454527712085684
14,27,-0.24235030141304903
14,28,-0.3702805197410419
14,29,-0.6938772662638297
14,30,-0.7986455669690168
14,31,-0.011794324989242266
14,32,-1.3555207302540773
15,-32,0.2702299228189956
15,-31,-0.05445271524062156
15,-30,-0.15536309902991652
15,-29,0.8148958314554281
15,-28,2.2250285581153952
15,-27,0.7053589125166684
15,-26,0.5013608525724034
15,-25,0.25726951053485203
15,-24,-0.6858020823455829
15,-23,0.4352703704031694
15,-22,-1.123835653128439
15,-21,0.4365204330649459
15,-20,1.3167358907898952
15,-19,2.5853695828001566
15,-18,1.5136941532924602
15,-17,1.9926811990648188
15,-16,0.8003211914417705
15,-15,0.192939459375151
15,-14,1.6091343906469215
15,-13,1.1630014285647847
15,-12,1.935222410125601
15,-11,1.9733592523192078
15,-10,3.464794495102531
15,-9,2.023146072736869
15,-8,2.6915301116798402
15,-7,1.4545158978986703
15,-6,0.2472388318001284
15,-5,0.3793022007912231
15,-4,0.7069200814750294
15,-3,0.8127926577296002
15,-2,0.030598266712103528
15,-1,1.360390722090727
15,0,-1.3322676295501878e-15
15,1,-0.2702299228189968
15,2,0.05445271524061912
15,3,0.15536309902991396
15,4,-0.8148958314554301
15,5,-2.225028558115396
15,6,-0.70535891251667
15,7,-0.5013608525724054
15,8,-0.2572695105348539
15,9,0.6858020823455822
15,10,-0.43527037040317074
15,11,1.1238356531284373
15,12,-0.4365204330649475
15,13,-1.3167358907898965
15,14,-2.5853695828001584
15,15,-1.513694153292462
15,16,-1.9926811990648208
15,17,-0.800321191441772
15,18,-0.19293945937515344
15,19,-1.6091343906469235
15,20,-1.1630014285647872
15,21,-1.9352224101256028
15,22,-1.9733592523192098
15,23,-3.4647944951025327
15,24,-2.0231460727368713
15,25,-2.6915301116798425
15,26,-1.4545158978986723
15,27,-0.2472388318001304
15,28,-0.37930220079122523
15,29,-0.7069200814750315
15,30,-0.8127926577296023
15,31,-0.030598266712105637
15,32,-1.3603907220907283
16,-32,0.26465627585827833
16,-31,-0.06473302555974969
16,-30,-0.17067618260639095
16,-29,0.8144329939253837
16,-28,2.207288820991803
16,-27,0.684654001807508
16,-26,0.47577340131353063
16,-25,0.24645315638267296
16,-24,-0.678625741000281
16,-23,0.455228315436512
16,-22,-1.1049095978011132
16,-21,0.44799270256391943
16,-20,1.3433861982511184
16,-19,2.620788769666775
16,-18,1.563831178843388
16,-17,2.053577617761672
16,-16,0.8735729681683899
16,-15,0.26189655846194826
16,-14,1.6708477942037154
16,-13,1.236476048023223
16,-12,2.0023918162637364
16,-11,2.035293247580957
16,-10,3.519375144911578
16,-9,2.052849683920035
16,-8,2.7150798341784284
16,-7,1.4582080200905376
16,-6,0.2475105214965989
16,-5,0.3742015977165383
16,-4,0.7137334557545791
16,-3,0.8173096094644354
16,-2,0.031075300445343346
16,-1,1.3537499771676762
16,0,-4.440892098500626e-16
16,1,-0.2646562758582789
16,2,0.06473302555974891
16,3,0.17067618260639006
16,4,-0.8144329939253845
16,5,-2.2072888209918045
16,6,-0.6846540018075091
16,7,-0.4757734013135313
16,8,-0.24645315638267395
16,9,0.6786257410002796
16,10,-0.45522831543651265
16,11,1.1049095978011123
16,12,-0.4479927025639201
16,13,-1.3433861982511195
16,14,-2.6207887696667758
16,15,-1.5638311788433883
16,16,-2.0535776177616727
16,17,-0.8735729681683906
16,18,-0.2618965584619495
16,19,-1.6708477942037165
16,20,-1.2364760480232244
16,21,-2.0023918162637377
16,22,-2.0352932475809586
16,23,-3.5193751449115793
16,24,-2.0528496839200363
16,25,-2.7150798341784297
16,26,-1.4582080200905392
16,27,-0.24751052149660047
16,28,-0.3742015977165398
16,29,-0.7137334557545806
16,30,-0.8173096094644369
16,31,-0.03107530044534479
16,32,-1.3537499771676766
17,-32,0.2558755207385363
17,-31,-0.08051538581482837
17,-30,-0.18837406822688058
17,-29,0.7915519115409828
17,-28,2.199710504574573
17,-27,0.6770238491454568
17,-26,0.4800280811441353
17,-25,0.24340652703653579
17,-24,-0.6868899017070949
17,-23,0.4474845734327304
17,-22,-1.1159688870731475
17,-21,0.43958164291815893
17,-20,1.3243053430521061
17,-19,2.6046918997873876
17,-18,1.542911750622825
17,-17,2.02320329564243
17,-16,0.83874461022723
17,-15,0.24079929179489956
17,-14,1.6375426408332403
17,-13,1.1802416136463019
17,-12,1.9570846649611817
17,-11,1.9818994404732981
17,-10,3.4727957946943975
17,-9,2.024407297266129
17,-8,2.698621199914258
17,-7,1.45395671100423
17,-6,0.253747809156891
17,-5,0.3720713321933952
17,-4,0.7144124281638424
17,-3,0.809690257240389
17,-2,0.03947323251346657
17,-1,1.3674922262842983
17,0,1.7763568394002505e-15
17,1,-0.2558755207385355
17,2,0.08051538581482975
17,3,0.18837406822688219
17,4,-0.791551911540982
17,5,-2.1997105045745715
17,6,-0.6770238491454551
17,7,-0.4800280811441341
17,8,-0.24340652703653465
17,9,0.6868899017070964
17,10,-0.4474845734327283
17,11,1.1159688870731488
17,12,-0.4395816429181577
17,13,-1.3243053430521046
17,14,-2.604691899787386
17,15,-1.5429117506228238
17,16,-2.0232032956424293
17,17,-0.8387446102272285
17,18,-0.24079929179489845
17,19,-1.6375426408332392
17,20,-1.1802416136463008
17,21,-1.9570846649611806
17,22,-1.981899440473297
17,23,-3.472795794694396
17,24,-2.0244072972661273
17,25,-2.6986211999142564
17,26,-1.4539567110042282
17,27,-0.2537478091568892
17,28,-0.3720713321933936
17,29,-0.7144124281638409
17,30,-0.8096902572403875
17,31,-0.03947323251346502
17,32,-1.3674922262842966
18,-32,0.2551232443148768
18,-31,-0.06917698304391184
18,-30,-0.15694557586131752
18,-29,0.8176005124017856
18,-28,2.2268158432832825
18,-27,0.6972033451827222
18,-26,0.49874432040559447
18,-25,0.26059729945045207
18,-24,-0.6723136234624058
18,-23,0.45076467894539685
18,-22,-1.1162972937224565
18,-21,0.4252301246741088
18,-20,1.3101888017412553
18,-19,2.5766103827923907
18,-18,1.5120093180223766
18,-17,1.9919009061138129
18,-16,0.8044287072600174
18,-15,0.2043906656678407
18,-14,1.612759277891994
18,-13,1.1853473406184456
18,-12,1.962256002815741
18,-11,1.9859557506013596
18,-10,3.478038735918288
18,-9,2.0262223713148266
18,-8,2.707473638187882
18,-7,1.443244174514621
18,-6,0.23999703234777425
18,-5,0.35735233069850497
18,-4,0.6872441049529344
18,-3,0.8045994033036652
18,-2,0.03201919932605657
18,-1,1.360969116652917
18,0,1.3322676295501878e-15
18,1,-0.2551232443148752
18,2,0.06917698304391307
18,3,0.1569455758613183
18,4,-0.8176005124017849
18,5,-2.226815843283282
18,6,-0.6972033451827215
18,7,-0.4987443204055939
18,8,-0.26059729945045085
18,9,0.672313623462407
18,10,-0.45076467894539585
18,11,1.1162972937224573
18,12,-0.42523012467410826
18,13,-1.310188801741255
18,14,-2.5766103827923903
18,15,-1.5120093180223757
18,16,-1.991900906113812
18,17,-0.8044287072600165
18,18,-0.20439066566784003
18,19,-1.612759277891993
18,20,-1.1853473406184447
18,21,-1.96225600281574
18,22,-1.9859557506013588
18,23,-3.478038735918287
18,24,-2.0262223713148257
18,25,-2.7074736381878806
18,26,-1.4432441745146198
18,27,-0.23999703234777292
18,28,-0.3573523306985038
18,29,-0.6872441049529332
18,30,-0.8045994033036639
18,31,-0.03201919932605524
18,32,-1.3609691166529156
19,-32,0.2728070290902559
19,-31,-0.061641815307885206
19,-30,-0.16287825662890165
19,-29,0.8002726253455787
19,-28,2.198940816747519
19,-27,0.6774339298999126
19,-26,0.4652910926810294
19,-25,0.2338330686945664
19,-24,-0.714194628131883
19,-23,0.4097246124712324
19,-22,-1.1512748999257787
19,-21,0.39916937952132314
19,-20,1.2725580596717185
19,-19,2.5596498329374806
19,-18,1.498788173926161
19,-17,1.9974738556926195
19,-16,0.8258841492033886
19,-15,0.21137878945525734
19,-14,1.6290741387187553
19,-13,1.2007870159336747
19,-12,1.9659148688945383
19,-11,1.9990346856488697
19,-10,3.4807322114497197
19,-9,2.0127866560441596
19,-8,2.697594124379231
19,-7,1.4480470081164811
19,-6,0.24405869240156042
19,-5,0.3764632074248507
19,-4,0.7226582717351436
19,-3,0.8269459310905284
19,-2,0.03956176843415726
19,-1,1.357807943452281
19,0,-4.440892098500626e-16
19,1,-0.2728070290902562
19,2,0.06164181530788415
19,3,0.16287825662890132
19,4,-0.8002726253455793
19,5,-2.1989408167475197
19,6,-0.6774339298999132
19,7,-0.4652910926810305
19,8,-0.233833068694568
19,9,0.7141946281318816
19,10,-0.4097246124712335
19,11,1.1512748999257778
19,12,-0.3991693795213238
19,13,-1.2725580596717192
19,14,-2.559649832937482
19,15,-1.4987881739261621
19,16,-1.997473855692621
19,17,-0.8258841492033904
19,18,-0.21137878945525834
19,19,-1.6290741387187566
19,20,-1.2007870159336758
19,21,-1.9659148688945394
19,22,-1.9990346856488708
19,23,-3.4807322114497206
19,24,-2.0127866560441605
19,25,-2.697594124379232
19,26,-1.448047008116482
19,27,-0.2440586924015613
19,28,-0.3764632074248515
19,29,-0.7226582717351444
19,30,-0.8269459310905292
19,31,-0.03956176843415804
19,32,-1.3578079434522814
20,-32,0.2655917887397939
20,-31,-0.0752380756610514
20,-30,-0.16535288775584822
20,-29,0.7954020336197248
20,-28,2.2034307112854923
20,-27,0.6771735304869402
20,-26,0.44921160713122854
20,-25,0.23248587938734436
20,-24,-0.6987925681674294
20,-23,0.4296045788464
20,-22,-1.1360909743386678
20,-21,0.42483768521628207
20,-20,1.3144459876106112
20,-19,2.592929142529992
20,-18,1.5465326006478144
20,-17,2.0426642655697016
20,-16,0.8833997826423903
20,-15,0.2708860662224081
20,-14,1.6797933799196278
20,-13,1.2296196610626722
20,-12,2.006455414512696
20,-11,2.0326892622474118
20,-10,3.5252873388836434
20,-9,2.0596548830257086
20,-8,2.7366811236486335
20,-7,1.496839743381072
20,-6,0.2885663791827162
20,-5,0.39023029819850485
20,-4,0.7246938881855378
20,-3,0.8263578072013265
20,-2,0.056711164864783004
20,-1,1.3712774483131374
20,0,0.0
20,1,-0.2655917887397945
20,2,0.07523807566105045
20,3,0.165352887755847
20,4,-0.7954020336197256
20,5,-2.2034307112854927
20,6,-0.6771735304869404
20,7,-0.4492116071312289
20,8,-0.23248587938734477
20,9,0.6987925681674292
20,10,-0.42960457884640024
20,11,1.1360909743386673
20,12,-0.4248376852162823
20,13,-1.3144459876106112
20,14,-2.5929291425299925
20,15,-1.546532600647815
20,16,-2.042664265569702
20,17,-0.8833997826423907
20,18,-0.27088606622240885
20,19,-1.6797933799196287
20,20,-1.2296196610626726
20,21,-2.0064554145126965
20,22,-2.032689262247412
20,23,-3.525287338883644
20,24,-2.0596548830257095
20,25,-2.7366811236486344
20,26,-1.4968397433810732
20,27,-0.2885663791827171
20,28,-0.39023029819850574
20,29,-0.7246938881855388
20,30,-0.8263578072013275
20,31,-0.056711164864784
20,32,-1.3712774483131374
21,-32,0.2548977630773959
21,-31,-0.07847734255896471
21,-30,-0.17951496624644936
21,-29,0.7927865625292078
21,-28,2.190856015308883
21,-27,0.6733897186693569
21,-26,0.46366525503384487
21,-25,0.23593528117777368
21,-24,-0.7121596572769078
21,-23,0.4060984094314237
21,-22,-1.1684319762869984
21,-21,0.3795045073218932
21,-20,1.2588201434839215
21,-19,2.544828261163125
21,-18,1.4868938395263103
21,-17,1.9724797590817444
21,-16,0.8016048011855621
21,-15,0.19780519558646548
21,-14,1.6079972721139848
21,-13,1.1763566337939013
21,-12,1.9653958221341568
21,-11,2.003350327225953
21,-10,3.5062806571239475
21,-9,2.050857160435284
21,-8,2.717454004766215
21,-7,1.4659503235013238
21,-6,0.26087413652275737
21,-5,0.3813298902668214
21,-4,0.7224858102591722
21,-3,0.8370837567805264
21,-2,0.0784773425589641
21,-1,1.3830242873061942
21,0,0.0
21,1,-0.25489776307739653
21,2,0.07847734255896555
21,3,0.17951496624645014
21,4,-0.7927865625292075
21,5,-2.190856015308883
21,6,-0.6733897186693562
21,7,-0.4636652550338448
21,8,-0.2359352811777744
21,9,0.7121596572769073
21,10,-0.40609840943142295
21,11,1.1684319762869992
21,12,-0.3795045073218932
21,13,-1.2588201434839206
21,14,-2.5448282611631248
21,15,-1.4868938395263103
21,16,-1.9724797590817449
21,17,-0.8016048011855625
21,18,-0.19780519558646548
21,19,-1.607997272113985
21,20,-1.1763566337939013
21,21,-1.9653958221341572
21,22,-2.0033503272259536
21,23,-3.506280657123948
21,24,-2.0508571604352843
21,25,-2.717454004766215
21,26,-1.465950323501324
21,27,-0.2608741365227578
21,28,-0.3813298902668216
21,29,-0.7224858102591726
21,30,-0.8370837567805267
21,31,-0.07847734255896444
21,32,-1.3830242873061942
22,-32,0.27093213674511535
22,-31,-0.08337869365578843
22,-30,-0.17177585333613662
22,-29,0.7986133716439172
22,-28,2.197014035655247
22,-27,0.6802888859972471
22,-26,0.4763135627313571
22,-25,0.2543607590570163
22,-24,-0.699326006733514
22,-23,0.4235037219839709
22,-22,-1.1554933538025156
22,-21,0.40278277028851917
22,-20,1.2762559758733336
22,-19,2.55265960598249
22,-18,1.5005538674419274
22,-17,1.99747993126763
22,-16,0.8256790070762923
22,-15,0.22492853670409274
22,-14,1.6252930795348306
22,-13,1.1862326155018128
22,-12,1.9665599194377146
22,-11,1.9991924521017737
22,-10,3.486818352088517
22,-9,2.0353156095138147
22,-8,2.7166090313041518
22,-7,1.475824265782873
22,-6,0.26752414385762235
22,-5,0.38689359197745643
22,-4,0.7339068565373575
22,-3,0.8468515649135134
22,-2,0.06199400378713904
22,-1,1.3764101614032742
22,0,-1.9984014443252818e-15
22,1,-0.2709321367451172
22,2,0.08337869365578743
22,3,0.1717758533361351
22,4,-0.7986133716439191
22,5,-2.197014035655249
22,6,-0.6802888859972483
22,7,-0.47631356273135805
22,8,-0.2543607590570176
22,9,0.6993260067335114
22,10,-0.4235037219839729
22,11,1.1554933538025145
22,12,-0.4027827702885203
22,13,-1.2762559758733354
22,14,-2.552659605982492
22,15,-1.500553867441929
22,16,-1.9974799312676315
22,17,-0.8256790070762947
22,18,-0.22492853670409407
22,19,-1.625293079534832
22,20,-1.1862326155018144
22,21,-1.9665599194377161
22,22,-1.9991924521017752
22,23,-3.4868183520885188
22,24,-2.035315609513816
22,25,-2.7166090313041535
22,26,-1.4758242657828744
22,27,-0.2675241438576237
22,28,-0.38689359197745765
22,29,-0.7339068565373588
22,30,-0.8468515649135147
22,31,-0.06199400378714026
22,32,-1.3764101614032762
23,-32,0.26279515723417907
23,-31,-0.07884479888756385
23,-30,-0.17482341238169571
23,-29,0.7941025000204789
23,-28,2.2025293366233245
23,-27,0.6861830183971027
23,-26,0.46621685236721533
23,-25,0.23688907287288782
23,-24,-0.6993871670875959
23,-23,0.41398854226611903
23,-22,-1.1429044572582994
23,-21,0.40268473204118416
23,-20,1.2901222457608212
23,-19,2.5610935623671875
23,-18,1.5028962704619528
23,-17,1.9913359665271584
23,-16,0.8136285385958693
23,-15,0.21608028799808632
23,-14,1.6192050048621958
23,-13,1.1731052150259802
23,-12,1.9670862157315754
23,-11,1.9941803216192504
23,-10,3.4882633699356473
23,-9,2.031286544659851
23,-8,2.722695725916226
23,-7,1.459354795112551
23,-6,0.26290043492172543
23,-5,0.37436722054595833
23,-4,0.7101048376103186
23,-3,0.8215716232345515
23,-2,0.05683349360221812
23,-1,1.3820003377792291
23,0,8.881784197001252e-16
23,1,-0.26279515723417823
23,2,0.0788447988875649
23,3,0.1748234123816963
23,4,-0.7941025000204778
23,5,-2.2025293366233236
23,6,-0.6861830183971016
23,7,-0.4662168523672141
23,8,-0.23688907287288674
23,9,0.6993871670875973
23,10,-0.4139885422661176
23,11,1.1429044572582998
23,12,-0.40268473204118305
23,13,-1.2901222457608197
23,14,-2.561093562367186
23,15,-1.502896270461952
23,16,-1.9913359665271575
23,17,-0.8136285385958675
23,18,-0.21608028799808543
23,19,-1.619205004862195
23,20,-1.173105215025979
23,21,-1.9670862157315745
23,22,-1.9941803216192495
23,23,-3.488263369935646
23,24,-2.0312865446598503
23,25,-2.7226957259162248
23,26,-1.4593547951125498
23,27,-0.2629004349217243
23,28,-0.37436722054595717
23,29,-0.7101048376103175
23,30,-0.8215716232345504
23,31,-0.05683349360221701
23,32,-1.3820003377792283
24,-32,0.2698191511868536
24,-31,-0.05765341861856099
24,-30,-0.16390480588072653
24,-29,0.79917788882749
24,-28,2.202088856831768
24,-27,0.6780482403524861
24,-26,0.4741463168707187
24,-25,0.26176008902602277
24,-24,-0.6865490271240241
24,-23,0.43608726422516575
24,-22,-1.1285302335330485
24,-21,0.411645248436717
24,-20,1.2975303202135327
24,-19,2.582739390366883
24,-18,1.5171890387841223
24,-17,2.006550658823717
24,-16,0.8262609488559665
24,-15,0.22170273921745076
24,-14,1.6193076383579634
24,-13,1.182063834126178
24,-12,1.9700713146619073
24,-11,2.018669283305512
24,-10,3.5073002614862685
24,-9,2.052041943727195
24,-8,2.737401207267168
24,-7,1.4833232131903729
24,-6,0.2794128166870644
24,-5,0.3914819365899813
24,-4,0.7209047246297187
24,-3,0.8258896398199667
24,-2,0.057653418618561214
24,-1,1.3772423804862206
24,0,2.220446049250313e-16
24,1,-0.2698191511868524
24,2,0.05765341861856066
24,3,0.16390480588072642
24,4,-0.7991778888274892
24,5,-2.2020888568317676
24,6,-0.6780482403524855
24,7,-0.47414631687071784
24,8,-0.26176008902602277
24,9,0.6865490271240235
24,10,-0.43608726422516497
24,11,1.1285302335330492
24,12,-0.4116452484367161
24,13,-1.2975303202135318
24,14,-2.582739390366882
24,15,-1.5171890387841214
24,16,-2.006550658823717
24,17,-0.8262609488559667
24,18,-0.22170273921745043
24,19,-1.6193076383579634
24,20,-1.1820638341261778
24,21,-1.970071314661907
24,22,-2.0186692833055115
24,23,-3.507300261486268
24,24,-2.0520419437271946
24,25,-2.7374012072671676
24,26,-1.4833232131903724
24,27,-0.27941281668706397
24,28,-0.3914819365899809
24,29,-0.7209047246297183
24,30,-0.8258896398199663
24,31,-0.05765341861856088
24,32,-1.3772423804862204
25,-32,0.2709174152541502
25,-31,-0.07064778713529335
25,-30,-0.16513807742753658
25,-29,0.7936943254681375
25,-28,2.1969918504004387
25,-27,0.6864977937852221
25,-26,0.46863242041774933
25,-25,0.24227387306204787
25,-24,-0.6995414942286172
25,-23,0.42678022718626096
25,-22,-1.1236779307319607
25,-21,0.42393897924034074
25,-20,1.296999881606498
25,-19,2.5698022419413373
25,-18,1.5020535681464704
25,-17,2.000342176659978
25,-16,0.8200801735095293
25,-15,0.21198301853990797
25,-14,1.621000713507732
25,-13,1.186335841971959
25,-12,1.9861865204818252
25,-11,2.0210850066005954
25,-10,3.4975219354267852
25,-9,2.049819304565763
25,-8,2.7473946739869657
25,-7,1.4782553594334267
25,-6,0.27811659673496747
25,-5,0.37655258785343515
25,-4,0.7081370302320743
25,-3,0.8330192159403831
25,-2,0.05022958089739049
25,-1,1.3790253055558734
25,0,1.5543122344752192e-15
25,1,-0.27091741525414914
25,2,0.07064778713529418
25,3,0.16513807742753728
25,4,-0.7936943254681366
25,5,-2.1969918504004378
25,6,-0.6864977937852215
25,7,-0.46863242041774833
25,8,-0.24227387306204595
25,9,0.6995414942286196
25,10,-0.4267802271862595
25,11,1.1236779307319622
25,12,-0.42393897924033896
25,13,-1.2969998816064963
25,14,-2.5698022419413356
25,15,-1.5020535681464684
25,16,-2.0003421766599754
25,17,-0.8200801735095267
25,18,-0.2119830185399063
25,19,-1.62100071350773
25,20,-1.186335841971957
25,21,-1.986186520481823
25,22,-2.021085006600593
25,23,-3.497521935426784
25,24,-2.049819304565761
25,25,-2.747394673986964
25,26,-1.4782553594334245
25,27,-0.27811659673496547
25,28,-0.37655258785343304
25,29,-0.7081370302320723
25,30,-0.8330192159403811
25,31,-0.05022958089738849
25,32,-1.3790253055558719
26,-32,0.27691229272158935
26,-31,-0.058102027457601235
26,-30,-0.16814992253657998
26,-29,0.7753927745404264
26,-28,2.171432248693333
26,-27,0.645020445095422
26,-26,0.43511060822695213
26,-25,0.21769135710769932
26,-24,-0.73588160569243
26,-23,0.39568198695330925
26,-22,-1.1707040822985395
26,-21,0.36177287155941573
26,-20,1.249075070903636
26,-19,2.527681602491551
26,-18,1.4763311559528036
26,-17,1.9592129253056358
26,-16,0.7841311882974815
26,-15,0.16034579929528248
26,-14,1.5787187272400756
26,-13,1.1618519570710875
26,-12,1.9463724948222811
26,-11,1.9910026146259883
26,-10,3.4749955449003638
26,-9,2.022467951557556
26,-8,2.7303161460106002
26,-7,1.4799817687248975
26,-6,0.26400419388822427
26,-5,0.3733845693543594
26,-4,0.7241810723310518
26,-3,0.8335614477971869
26,-2,0.06029547806887103
26,-1,1.3738955922820848
26,0,6.661338147750939e-16
26,1,-0.276912292721589
26,2,0.05810202745760118
26,3,0.1681499225365808
26,4,-0.7753927745404261
26,5,-2.171432248693333
26,6,-0.645020445095422
26,7,-0.43511060822695224
26,8,-0.2176913571076995
26,9,0.7358816056924302
26,10,-0.3956819869533086
26,11,1.17070408229854
26,12,-0.36177287155941595
26,13,-1.249075070903636
26,14,-2.5276816024915503
26,15,-1.4763311559528034
26,16,-1.9592129253056363
26,17,-0.7841311882974811
26,18,-0.16034579929528214
26,19,-1.5787187272400753
26,20,-1.1618519570710877
26,21,-1.9463724948222814
26,22,-1.9910026146259885
26,23,-3.4749955449003638
26,24,-2.022467951557556
26,25,-2.7303161460106002
26,26,-1.4799817687248977
26,27,-0.2640041938882247
26,28,-0.3733845693543598
26,29,-0.7241810723310521
26,30,-0.8335614477971872
26,31,-0.060295478068871367
26,32,-1.3738955922820841
27,-32,0.28004624255873506
27,-31,-0.06715865949218858
27,-30,-0.1638896012292578
27,-29,0.7994615433024812
27,-28,2.194763632850087
27,-27,0.688494865298515
27,-26,0.46620690711216894
27,-25,0.22816897239584902
27,-24,-0.7137845865562145
27,-23,0.42121620869066856
27,-22,-1.1313501739558218
27,-21,0.4086422118568467
27,-20,1.281921500407007
27,-19,2.568056622620009
27,-18,1.497106827792266
27,-17,1.9898767408476339
27,-16,0.8038637355743077
27,-15,0.201631939957584
27,-14,1.6051858488660793
27,-13,1.1762511987680089
27,-12,1.9739826100253228
27,-11,2.0111044573570425
27,-10,3.4999138701342614
27,-9,2.036870917219997
27,-8,2.7282573825318592
27,-7,1.48608818754986
27,-6,0.2790926607268587
27,-5,0.3847365410976529
27,-4,0.7223143888791792
27,-3,0.8546370657547108
27,-2,0.07508890095446763
27,-1,1.3845288261417985
27,0,4.440892098500626e-16
27,1,-0.2800462425587358
27,2,0.06715865949218713
27,3,0.16388960122925678
27,4,-0.799461543302482
27,5,-2.1947636328500884
27,6,-0.6884948652985162
27,7,-0.46620690711216983
27,8,-0.22816897239584977
27,9,0.7137845865562138
27,10,-0.4212162086906691
27,11,1.1313501739558207
27,12,-0.4086422118568479
27,13,-1.2819215004070084
27,14,-2.5680566226200106
27,15,-1.4971068277922668
27,16,-1.9898767408476346
27,17,-0.8038637355743079
27,18,-0.20163193995758455
27,19,-1.6051858488660793
27,20,-1.1762511987680093
27,21,-1.9739826100253233
27,22,-2.0111044573570425
27,23,-3.4999138701342614
27,24,-2.0368709172199972
27,25,-2.7282573825318592
27,26,-1.4860881875498602
27,27,-0.2790926607268589
27,28,-0.3847365410976532
27,29,-0.7223143888791795
27,30,-0.8546370657547111
27,31,-0.07508890095446796
27,32,-1.384528826141798
28,-32,0.0
28,-31,0.0
28,-30,0.0
28,-29,0.0
28,-28,0.0
28,-27,0.0
28,-26,0.0
28,-25,0.0
28,-24,0.0
28,-23,0.0
28,-22,0.0
28,-21,0.0
28,-20,0.0
28,-19,0.0
28,-18,0.0
28,-17,0.0
28,-16,0.0
28,-15,0.0
28,-14,0.0
28,-13,0.0
28,-12,0.0
28,-11,0.0
28,-10,0.0
28,-9,0.0
28,-8,0.0
28,-7,0.0
28,-6,0.0
28,-5,0.0
28,-4,0.0
28,-3,0.0
28,-2,0.0
28,-1,0.0
28,0,0.0
28,1,0.0
28,2,0.0
28,3,0.0
28,4,0.0
28,5,0.0
28,6,0.0
28,7,0.0
28,8,0.0
28,9,0.0
28,10,0.0
28,11,0.0
28,12,0.0
28,13,0.0
28,14,0.0
28,15,0.0
28,16,0.0
28,17,0.0
28,18,0.0
28,19,0.0
28,20,0.0
28,21,0.0
28,22,0.0
28,23,0.0
28,24,0.0
28,25,0.0
28,26,0.0
28,27,0.0
28,28,0.0
28,29,0.0
28,30,0.0
28,31,0.0
28,32,0.0
29,-32,0.0
29,-31,0.0
29,-30,0.0
29,-29,0.0
29,-28,0.0
29,-27,0.0
29,-26,0.0
29,-25,0.0
29,-24,0.0
29,-23,0.0
29,-22,0.0
29,-21,0.0
29,-20,0.0
29,-19,0.0
29,-18,0.0
29,-17,0.0
29,-16,0.0
29,-15,0.0
29,-14,0.0
29,-13,0.0
29,-12,0.0
29,-11,0.0
29,-10,0.0
29,-9,0.0
29,-8,0.0
29,-7,0.0
29,-6,0.0
29,-5,0.0
29,-4,0.0
29,-3,0.0
29,-2,0.0
29,-1,0.0
29,0,0.0
29,1,0.0
29,2,0.0
29,3,0.0
29,4,0.0
29,5,0.0
29,6,0.0
29,7,0.0
29,8,0.0
29,9,0.0
29,10,0.0
29,11,0.0
29,12,0.0
29,13,0.0
29,14,0.0
29,15,0.0
29,16,0.0
29,17,0.0
29,18,0.0
29,19,0.0
29,20,0.0
29,21,0.0
29,22,0.0
29,23,0.0
29,24,0.0
29,25,0.0
29,26,0.0
29,27,0.0
29,28,0.0
29,29,0.0
29,30,0.0
29,31,0.0
29,32,0.0
30,-32,0.0
30,-31,0.0
30,-30,0.0
30,-29,0.0
30,-28,0.0
30,-27,0.0
30,-26,0.0
30,-25,0.0
30,-24,0.0
30,-23,0.0
30,-22,0.0
30,-21,0.0
30,-20,0.0
30,-19,0.0
30,-18,0.0
30,-17,0.0
30,-16,0.0
30,-15,0.0
30,-14,0.0
30,-13,0.0
30,-12,0.0
30,-11,0.0
30,-10,0.0
30,-9,0.0
30,-8,0.0
30,-7,0.0
30,-6,0.0
30,-5,0.0
30,-4,0.0
30,-3,0.0
30,-2,0.0
30,-1,0.0
30,0,0.0
30,1,0.0
30,2,0.0
30,3,0.0
30,4,0.0
30,5,0.0
30,6,0.0
30,7,0.0
30,8,0.0
30,9,0.0
30,10,0.0
30,11,0.0
30,12,0.0
30,13,0.0
30,14,0.0
30,15,0.0
30,16,0.0
30,17,0.0
30,18,0.0
30,19,0.0
30,20,0.0
30,21,0.0
30,22,0.0
30,23,0.0
30,24,0.0
30,25,0.0
30,26,0.0
30,27,0.0
30,28,0.0
30,29,0.0
30,30,0.0
30,31,0.0
30,32,0.0
31,-32,0.0
31,-31,0.0
31,-30,0.0
31,-29,0.0
31,-28,0.0
31,-27,0.0
31,-26,0.0
31,-25,0.0
31,-24,0.0
31,-23,0.0
31,-22,0.0
31,-21,0.0
31,-20,0.0
31,-19,0.0
31,-18,0.0
31,-17,0.0
31,-16,0.0
31,-15,0.0
31,-14,0.0
31,-13,0.0
31,-12,0.0
31,-11,0.0
31,-10,0.0
31,-9,0.0
31,-8,0.0
31,-7,0.0
31,-6,0.0
31,-5,0.0
31,-4,0.0
31,-3,0.0
31,-2,0.0
31,-1,0.0
31,0,0.0
31,1,0.0
31,2,0.0
31,3,0.0
31,4,0.0
31,5,0.0
31,6,0.0
31,7,0.0
31,8,0.0
31,9,0.0
31,10,0.0
31,11,0.0
31,12,0.0
31,13,0.0
31,14,0.0
31,15,0.0
31,16,0.0
31,17,0.0
31,18,0.0
31,19,0.0
31,20,0.0
31,21,0.0
31,22,0.0
31,23,0.0
31,24,0.0
31,25,0.0
31,26,0.0
31,27,0.0
31,28,0.0
31,29,0.0
31,30,0.0
31,31,0.0
31,32,0.0
32,-32,0.0
32,-31,0.0
32,-30,0.0
32,-29,0.0
32,-28,0.0
32,-27,0.0
32,-26,0.0
32,-25,0.0
32,-24,0.0
32,-23,0.0
32,-22,0.0
32,-21,0.0
32,-20,0.0
32,-19,0.0
32,-18,0.0
32,-17,0.0
32,-16,0.0
32,-15,0.0
32,-14,0.0
32,-13,0.0
32,-12,0.0
32,-11,0.0
32,-10,0.0
32,-9,0.0
32,-8,0.0
32,-7,0.0
32,-6,0.0
32,-5,0.0
32,-4,0.0
32,-3,0.0
32,-2,0.0
32,-1,0.0
32,0,0.0
32,1,0.0
32,2,0.0
32,3,0.0
32,4,0.0
32,5,0.0
32,6,0.0
32,7,0.0
32,8,0.0
32,9,0.0
32,10,0.0
32,11,0.0
32,12,0.0
32,13,0.0
32,14,0.0
32,15,0.0
32,16,0.0
32,17,0.0
32,18,0.0
32,19,0.0
32,20,0.0
32,21,0.0
32,22,0.0
32,23,0.0
32,24,0.0
32,25,0.0
32,26,0.0
32,27,0.0
32,28,0.0
32,29,0.0
32,30,0.0
32,31,0.0
32,32,0.0
33,-32,0.0
33,-31,0.0
33,-30,0.0
33,-29,0.0
33,-28,0.0
33,-27,0.0
33,-26,0.0
33,-25,0.0
33,-24,0.0
33,-23,0.0
33,-22,0.0
33,-21,0.0
33,-20,0.0
33,-19,0.0
33,-18,0.0
33,-17,0.0
33,-16,0.0
33,-15,0.0
33,-14,0.0
33,-13,0.0
33,-12,0.0
33,-11,0.0
33,-10,0.0
33,-9,0.0
33,-8,0.0
33,-7,0.0
33,-6,0.0
33,-5,0.0
33,-4,0.0
33,-3,0.0
33,-2,0.0
33,-1,0.0
33,0,0.0
33,1,0.0
33,2,0.0
33,3,0.0
33,4,0.0
33,5,0.0
33,6,0.0
33,7,0.0
33,8,0.0
33,9,0.0
33,10,0.0
33,11,0.0
33,12,0.0
33,13,0.0
33,14,0.0
33,15,0.0
33,16,0.0
33,17,0.0
33,18,0.0
33,19,0.0
33,20,0.0
33,21,0.0
33,22,0.0
33,23,0.0
33,24,0.0
33,25,0.0
33,26,0.0
33,27,0.0
33,28,0.0
33,29,0.0
33,30,0.0
33,31,0.0
33,32,0.0
34,-32,0.0
34,-31,0.0
34,-30,0.0
34,-29,0.0
34,-28,0.0
34,-27,0.0
34,-26,0.0
34,-25,0.0
34,-24,0.0
34,-23,0.0
34,-22,0.0
34,-21,0.0
34,-20,0.0
34,-19,0.0
34,-18,0.0
34,-17,0.0
34,-16,0.0
34,-15,0.0
34,-14,0.0
34,-13,0.0
34,-12,0.0
34,-11,0.0
34,-10,0.0
34,-9,0.0
34,-8,0.0
34,-7,0.0
34,-6,0.0
34,-5,0.0
34,-4,0.0
34,-3,0.0
34,-2,0.0
34,-1,0.0
34,0,0.0
34,1,0.0
34,2,0.0
34,3,0.0
34,4,0.0
34,5,0.0
34,6,0.0
34,7,0.0
34,8,0.0
34,9,0.0
34,10,0.0
34,11,0.0
34,12,0.0
34,13,0.0
34,14,0.0
34,15,0.0
34,16,0.0
34,17,0.0
34,18,0.0
34,19,0.0
34,20,0.0
34,21,0.0
34,22,0.0
34,23,0.0
34,24,0.0
34,25,0.0
34,26,0.0
34,27,0.0
34,28,0.0
34,29,0.0
34,30,0.0
34,31,0.0
34,32,0.0
35,-32,0.0
35,-31,0.0
35,-30,0.0
35,-29,0.0
35,-28,0.0
35,-27,0.0
35,-26,0.0
35,-25,0.0
35,-24,0.0
35,-23,0.0
35,-22,0.0
35,-21,0.0
35,-20,0.0
35,-19,0.0
35,-18,0.0
35,-17,0.0
35,-16,0.0
35,-15,0.0
35,-14,0.0
35,-13,0.0
35,-12,0.0
35,-11,0.0
35,-10,0.0
35,-9,0.0
35,-8,0.0
35,-7,0.0
35,-6,0.0
35,-5,0.0
35,-4,0.0
35,-3,0.0
35,-2,0.0
35,-1,0.0
35,0,0.0
35,1,0.0
35,2,0.0
35,3,0.0
35,4,0.0
35,5,0.0
35,6,0.0
35,7,0.0
35,8,0.0
35,9,0.0
35,10,0.0
35,11,0.0
35,12,0.0
35,13,0.0
35,14,0.0
35,15,0.0
35,16,0.0
35,17,0.0
35,18,0.0
35,19,0.0
35,20,0.0
35,21,0.0
35,22,0.0
35,23,0.0
35,24,0.0
35,25,0.0
35,26,0.0
35,27,0.0
35,28,0.0
35,29,0.0
35,30,0.0
35,31,0.0
35,32,0.0
36,-32,0.0
36,-31,0.0
36,-30,0.0
36,-29,0.0
36,-28,0.0
36,-27,0.0
36,-26,0.0
36,-25,0.0
36,-24,0.0
36,-23,0.0
36,-22,0.0
36,-21,0.0
36,-20,0.0
36,-19,0.0
36,-18,0.0
36,-17,0.0
36,-16,0.0
36,-15,0.0
36,-14,0.0
36,-13,0.0
36,-12,0.0
36,-11,0.0
36,-10,0.0
36,-9,0.0
36,-8,0.0
36,-7,0.0
36,-6,0.0
36,-5,0.0
36,-4,0.0
36,-3,0.0
36,-2,0.0
36,-1,0.0
36,0,0.0
36,1,0.0
36,2,0.0
36,3,0.0
36,4,0.0
36,5,0.0
36,6,0.0
36,7,0.0
36,8,0.0
36,9,0.0
36,10,0.0
36,11,0.0
36,12,0.0
36,13,0.0
36,14,0.0
36,15,0.0
36,16,0.0
36,17,0.0
36,18,0.0
36,19,0.0
36,20,0.0
36,21,0.0
36,22,0.0
36,23,0.0
36,24,0.0
36,25,0.0
36,26,0.0
36,27,0.0
36,28,0.0
36,29,0.0
36,30,0.0
36,31,0.0
36,32,0.0
37,-32,0.0
37,-31,0.0
37,-30,0.0
37,-29,0.0
37,-28,0.0
37,-27,0.0
37,-26,0.0
37,-25,0.0
37,-24,0.0
37,-23,0.0
37,-22,0.0
37,-21,0.0
37,-20,0.0
37,-19,0.0
37,-18,0.0
37,-17,0.0
37,-16,0.0
37,-15,0.0
37,-14,0.0
37,-13,0.0
37,-12,0.0
37,-11,0.0
37,-10,0.0
37,-9,0.0
37,-8,0.0
37,-7,0.0
37,-6,0.0
37,-5,0.0
37,-4,0.0
37,-3,0.0
37,-2,0.0
37,-1,0.0
37,0,0.0
37,1,0.0
37,2,0.0
37,3,0.0
37,4,0.0
37,5,0.0
37,6,0.0
37,7,0.0
37,8,0.0
37,9,0.0
37,10,0.0
37,11,0.0
37,12,0.0
37,13,0.0
37,14,0.0
37,15,0.0
37,16,0.0
37,17,0.0
37,18,0.0
37,19,0.0
37,20,0.0
37,21,0.0
37,22,0.0
37,23,0.0
37,24,0.0
37,25,0.0
37,26,0.0
37,27,0.0
37,28,0.0
37,29,0.0
37,30,0.0
37,31,0.0
37,32,0.0
38,-32,0.0
38,-31,0.0
38,-30,0.0
38,-29,0.0
38,-28,0.0
38,-27,0.0
38,-26,0.0
38,-25,0.0
38,-24,0.0
38,-23,0.0
38,-22,0.0
38,-21,0.0
38,-20,0.0
38,-19,0.0
38,-18,0.0
38,-17,0.0
38,-16,0.0
38,-15,0.0
38,-14,0.0
38,-13,0.0
38,-12,0.0
38,-11,0.0
38,-10,0.0
38,-9,0.0
38,-8,0.0
38,-7,0.0
38,-6,0.0
38,-5,0.0
38,-4,0.0
38,-3,0.0
38,-2,0.0
38,-1,0.0
38,0,0.0
38,1,0.0
38,2,0.0
38,3,0.0
38,4,0.0
38,5,0.0
38,6,0.0
38,7,0.0
38,8,0.0
38,9,0.0
38,10,0.0
38,11,0.0
38,12,0.0
38,13,0.0
38,14,0.0
38,15,0.0
38,16,0.0
38,17,0.0
38,18,0.0
38,19,0.0
38,20,0.0
38,21,0.0
38,22,0.0
38,23,0.0
38,24,0.0
38,25,0.0
38,26,0.0
38,27,0.0
38,28,0.0
38,29,0.0
38,30,0.0
38,31,0.0
38,32,0.0
39,-32,0.19241752159615003
39,-31,-0.1394377370216047
39,-30,-0.2606644127689277
39,-29,0.7561207631754712
39,-28,2.204963294918229
39,-27,0.6681446168267302
39,-26,0.48461583919292595
39,-25,0.2121582589016704
39,-24,-0.6544599340720568
39,-23,0.47277494032702616
39,-22,-1.0428473431774092
39,-21,0.5731767527229217
39,-20,1.4724184813847672
39,-19,2.762667095487095
39,-18,1.7060819581236542
39,-17,2.1754639637621747
39,-16,0.9427907073539747
39,-15,0.3384984455817862
39,-14,1.7873409773245443
39,-13,1.3260370289525798
39,-12,2.0538382730510225
39,-11,2.0680205806921665
39,-10,3.5571952426073894
39,-9,2.163685288929374
39,-8,2.769374203201396
39,-7,1.497222767724877
39,-6,0.3097036753505218
39,-5,0.420192764037583
39,-4,0.7312419837483846
39,-3,0.780013104341255
39,-2,-0.054423051741897766
39,-1,1.2774896030602467
39,0,1.1102230246251565e-15
39,1,-0.19241752159614922
39,2,0.13943773702160533
39,3,0.2606644127689284
39,4,-0.75612076317547
39,5,-2.204963294918228
39,6,-0.6681446168267293
39,7,-0.4846158391929254
39,8,-0.21215825890166928
39,9,0.6544599340720569
39,10,-0.4727749403270258
39,11,1.0428473431774103
39,12,-0.5731767527229206
39,13,-1.4724184813847663
39,14,-2.762667095487094
39,15,-1.7060819581236533
39,16,-2.1754639637621738
39,17,-0.9427907073539741
39,18,-0.33849844558178543
39,19,-1.7873409773245437
39,20,-1.3260370289525787
39,21,-2.0538382730510216
39,22,-2.068020580692166
39,23,-3.5571952426073885
39,24,-2.163685288929374
39,25,-2.7693742032013953
39,26,-1.4972227677248766
39,27,-0.3097036753505211
39,28,-0.42019276403758243
39,29,-0.7312419837483839
39,30,-0.7800131043412544
39,31,0.05442305174189843
39,32,-1.2774896030602456
40,-32,0.20868041511492258
40,-31,-0.09825571941813793
40,-30,-0.22705727849429705
40,-29,0.8012524281800202
40,-28,2.2169520610035303
40,-27,0.6916740616497961
40,-26,0.5037795691239408
40,-25,0.24569004884427148
40,-24,-0.6324326300092216
40,-23,0.4784089269205438
40,-22,-1.027404197943759
40,-21,0.5719505911804839
40,-20,1.4823452610965897
40,-19,2.778037999233665
40,-18,1.7199554218974387
40,-17,2.193590662690239
40,-16,0.9684209183761792
40,-15,0.3487130263522814
40,-14,1.7809806484986908
40,-13,1.3041803331407444
40,-12,2.053744238661337
40,-11,2.0845761975959025
40,-10,3.5944363750022106
40,-9,2.1716671807418173
40,-8,2.79513367512105
40,-7,1.5300957856227424
40,-6,0.34810182672834444
40,-5,0.4737383112393573
40,-4,0.7688550634814648
40,-3,0.8018418089685095
40,-2,-0.04597781597022088
40,-1,1.287189966597841
40,0,4.440892098500626e-16
40,1,-0.20868041511492175
40,2,0.09825571941813771
40,3,0.22705727849429658
40,4,-0.80125242818002
40,5,-2.2169520610035303
40,6,-0.6916740616497966
40,7,-0.5037795691239414
40,8,-0.24569004884427192
40,9,0.6324326300092211
40,10,-0.4784089269205448
40,11,1.027404197943758
40,12,-0.5719505911804845
40,13,-1.48234526109659
40,14,-2.778037999233666
40,15,-1.71995542189744
40,16,-2.19359066269024
40,17,-0.96842091837618
40,18,-0.34871302635228163
40,19,-1.7809806484986908
40,20,-1.3041803331407442
40,21,-2.053744238661337
40,22,-2.0845761975959025
40,23,-3.5944363750022106
40,24,-2.1716671807418173
40,25,-2.7951336751210496
40,26,-1.5300957856227424
40,27,-0.34810182672834433
40,28,-0.47373831123935717
40,29,-0.7688550634814646
40,30,-0.8018418089685093
40,31,0.0459778159702211
40,32,-1.2871899665978406
41,-32,0.18239808514600866
41,-31,-0.14518723650153478
41,-30,-0.2564177233145865
41,-29,0.7718756120590764
41,-28,2.210971367423009
41,-27,0.6681410933145373
41,-26,0.4770268805668603
41,-25,0.192584537634505
41,-24,-0.6680607656881389
41,-23,0.43711457486740646
41,-22,-1.0810242583608525
41,-21,0.5341344889882449
41,-20,1.4303675183320774
41,-19,2.7313019038379514
41,-18,1.6729061269392644
41,-17,2.151105020343583
41,-16,0.9341417419671745
41,-15,0.3305565878109963
41,-14,1.7595449472605496
41,-13,1.3161958160003246
41,-12,2.0554804523580197
41,-11,2.072819097970068
41,-10,3.568062136715174
41,-9,2.1633932324647613
41,-8,2.7854477741416637
41,-7,1.528528896800094
41,-6,0.3339631786690629
41,-5,0.4388276665105423
41,-4,0.7456313156370036
41,-3,0.7951093875130354
41,-2,-0.035046817305281364
41,-1,1.2996817936617768
41,0,1.9984014443252818e-15
41,1,-0.18239808514600675
41,2,0.1451872365015361
41,3,0.2564177233145879
41,4,-0.7718756120590746
41,5,-2.2109713674230074
41,6,-0.6681410933145355
41,7,-0.47702688056685894
41,8,-0.19258453763450367
41,9,0.6680607656881394
41,10,-0.43711457486740524
41,11,1.0810242583608536
41,12,-0.5341344889882434
41,13,-1.4303675183320759
41,14,-2.7313019038379496
41,15,-1.6729061269392627
41,16,-2.151105020343582
41,17,-0.9341417419671738
41,18,-0.33055658781099506
41,19,-1.7595449472605478
41,20,-1.3161958160003229
41,21,-2.055480452358019
41,22,-2.0728190979700667
41,23,-3.568062136715173
41,24,-2.1633932324647605
41,25,-2.7854477741416623
41,26,-1.5285288968000927
41,27,-0.33396317866906156
41,28,-0.43882766651054095
41,29,-0.7456313156370022
41,30,-0.7951093875130341
41,31,0.035046817305282696
41,32,-1.2996817936617748
42,-32,0.20507339418023957
42,-31,-0.10724672087242837
42,-30,-0.21997267020613634
42,-29,0.8157659539220107
42,-28,2.259813563038865
42,-27,0.7384356126701175
42,-26,0.5401276007958817
42,-25,0.27717051795613407
42,-24,-0.5919113582877764
42,-23,0.5084763368058824
42,-22,-0.989215502277881
42,-21,0.6221022233324416
42,-20,1.5369402733496345
42,-19,2.8334503784629455
42,-18,1.7662509671130477
42,-17,2.238498430566027
42,-16,1.0124371870668334
42,-15,0.4008926112696576
42,-14,1.8256943822357556
42,-13,1.3522441228227557
42,-12,2.0860619527575497
42,-11,2.094689430335029
42,-10,3.592326605748855
42,-9,2.178211319944756
42,-8,2.794581454415655
42,-7,1.5284904469542673
42,-6,0.3248683377234205
42,-5,0.45166115845049537
42,-4,0.7521952362859163
42,-3,0.7949260929069204
42,-2,-0.04361009141500283
42,-1,1.2867569675053536
42,0,-2.4424906541753444e-15
42,1,-0.20507339418024184
42,2,0.10724672087242704
42,3,0.21997267020613576
42,4,-0.815765953922012
42,5,-2.2598135630388674
42,6,-0.7384356126701191
42,7,-0.540127600795883
42,8,-0.27717051795613545
42,9,0.5919113582877746
42,10,-0.5084763368058839
42,11,0.9892155022778797
42,12,-0.6221022233324434
42,13,-1.5369402733496365
42,14,-2.833450378462948
42,15,-1.76625096711305
42,16,-2.238498430566028
42,17,-1.0124371870668343
42,18,-0.40089261126965847
42,19,-1.825694382235757
42,20,-1.3522441228227566
42,21,-2.086061952757551
42,22,-2.0946894303350305
42,23,-3.5923266057488554
42,24,-2.178211319944757
42,25,-2.7945814544156553
42,26,-1.5284904469542684
42,27,-0.3248683377234216
42,28,-0.45166115845049637
42,29,-0.7521952362859172
42,30,-0.7949260929069213
42,31,0.04361009141500194
42,32,-1.286756967505356
43,-32,0.22471844727987172
43,-31,-0.1049893497085358
43,-30,-0.22650895035232202
43,-29,0.790406958705104
43,-28,2.228876413136873
43,-27,0.6893641163912583
43,-26,0.5098216171114138
43,-25,0.25183685681737517
43,-24,-0.6259040185054494
43,-23,0.4915061985094482
43,-22,-1.0178399218842074
43,-21,0.5882451434079699
43,-20,1.496411962909002
43,-19,2.787039176438525
43,-18,1.709074660589935
43,-17,2.1737367281173876
43,-16,0.9779717708444267
43,-15,0.3843855337804186
43,-14,1.8137164705869875
43,-13,1.353212970265063
43,-12,2.1103845675406494
43,-11,2.1104690478177788
43,-10,3.602638757136152
43,-9,2.2059537039477046
43,-8,2.8261184740355936
43,-7,1.5488515539316032
43,-6,0.3530865966586423
43,-5,0.47158048914732265
43,-4,0.7879921552852398
43,-3,0.8222504547155807
43,-2,-0.026578533023881024
43,-1,1.2979755654340823
43,0,-1.1102230246251565e-15
43,1,-0.22471844727987245
43,2,0.10498934970853546
43,3,0.22650895035232188
43,4,-0.7904069587051047
43,5,-2.2288764131368732
43,6,-0.6893641163912584
43,7,-0.5098216171114136
43,8,-0.25183685681737566
43,9,0.625904018505449
43,10,-0.49150619850944866
43,11,1.017839921884207
43,12,-0.5882451434079703
43,13,-1.4964119629090025
43,14,-2.787039176438526
43,15,-1.7090746605899358
43,16,-2.1737367281173876
43,17,-0.9779717708444271
43,18,-0.38438553378041895
43,19,-1.813716470586988
43,20,-1.3532129702650637
43,21,-2.11038456754065
43,22,-2.1104690478177788
43,23,-3.602638757136152
43,24,-2.2059537039477046
43,25,-2.826118474035594
43,26,-1.5488515539316032
43,27,-0.3530865966586423
43,28,-0.47158048914732276
43,29,-0.78799215528524
43,30,-0.8222504547155809
43,31,0.0265785330238808
43,32,-1.2979755654340834
44,-32,0.20321513297223198
44,-31,-0.11173642713246812
44,-30,-0.23585760492940044
44,-29,0.797180773322358
44,-28,2.226974415959377
44,-27,0.7051131154756789
44,-26,0.5259159387277725
44,-25,0.2604695546573397
44,-24,-0.6227716616933752
44,-23,0.486192532386307
44,-22,-1.0384826654903458
44,-21,0.5588066219834604
44,-20,1.4522107273679108
44,-19,2.752075384809263
44,-18,1.7031305168456228
44,-17,2.1919073516790406
44,-16,0.9847856198808416
44,-15,0.37028174640988243
44,-14,1.7909434120512746
44,-13,1.3439351834171027
44,-12,2.0946142697113452
44,-11,2.114071047577933
44,-10,3.603342761272768
44,-9,2.1848160910357555
44,-8,2.796890727229583
44,-7,1.53216349215222
44,-6,0.325041760354021
44,-5,0.45438867977823216
44,-4,0.7674939543080874
44,-3,0.8202753988926016
44,-2,-0.00821884846821852
44,-1,1.322332738356529
44,0,1.7763568394002505e-15
44,1,-0.2032151329722316
44,2,0.11173642713246945
44,3,0.2358576049294019
44,4,-0.7971807733223567
44,5,-2.2269744159593756
44,6,-0.7051131154756776
44,7,-0.5259159387277721
44,8,-0.260469554657339
44,9,0.6227716616933772
44,10,-0.48619253238630544
44,11,1.0384826654903465
44,12,-0.5588066219834595
44,13,-1.4522107273679092
44,14,-2.7520753848092614
44,15,-1.7031305168456217
44,16,-2.19190735167904
44,17,-0.9847856198808396
44,18,-0.37028174640988243
44,19,-1.7909434120512742
44,20,-1.3439351834171023
44,21,-2.094614269711345
44,22,-2.1140710475779327
44,23,-3.603342761272767
44,24,-2.1848160910357546
44,25,-2.7968907272295827
44,26,-1.5321634921522194
44,27,-0.3250417603540203
44,28,-0.4543886797782315
44,29,-0.7674939543080866
44,30,-0.8202753988926008
44,31,0.008218848468219297
44,32,-1.3223327383565273
45,-32,0.19763244549065764
45,-31,-0.1301484434013532
45,-30,-0.23062734615653063
45,-29,0.7823773305897566
45,-28,2.2113068292519005
45,-27,0.6819840120348073
45,-26,0.505373159988745
45,-25,0.2482595666449381
45,-24,-0.6374463115784688
45,-23,0.4689170947009791
45,-22,-1.0642224337639614
45,-21,0.5234833069971325
45,-20,1.436460472299081
45,-19,2.7436441324866987
45,-18,1.6783673177612586
45,-17,2.1607419303937614
45,-16,0.9520850427651635
45,-15,0.35964627876868605
45,-14,1.7803370711427882
45,-13,1.329612233764808
45,-12,2.0746508180526604
45,-11,2.1173378159871343
45,-10,3.627757452418204
45,-9,2.2083023382654563
45,-8,2.8234137390049923
45,-7,1.5573166703713823
45,-6,0.3486597827427844
45,-5,0.47263600937961087
45,-4,0.7798432222522482
45,-3,0.8225302201867222
45,-2,-0.008585807601461215
45,-1,1.3031114960774266
45,0,-4.440892098500626e-16
45,1,-0.19763244549065817
45,2,0.13014844340135312
45,3,0.23062734615653024
45,4,-0.7823773305897572
45,5,-2.2113068292519014
45,6,-0.6819840120348077
45,7,-0.5053731599887454
45,8,-0.24825956664493898
45,9,0.6374463115784677
45,10,-0.46891709470097953
45,11,1.0642224337639603
45,12,-0.5234833069971332
45,13,-1.4364604722990817
45,14,-2.7436441324866996
45,15,-1.6783673177612595
45,16,-2.1607419303937623
45,17,-0.9520850427651646
45,18,-0.35964627876868693
45,19,-1.7803370711427895
45,20,-1.329612233764809
45,21,-2.074650818052662
45,22,-2.1173378159871357
45,23,-3.6277574524182055
45,24,-2.208302338265457
45,25,-2.8234137390049936
45,26,-1.5573166703713832
45,27,-0.3486597827427853
45,28,-0.4726360093796118
45,29,-0.7798432222522491
45,30,-0.8225302201867232
45,31,0.008585807601460216
45,32,-1.303111496077427
46,-32,0.3051651497330389
46,-31,0.08374598627452337
46,-30,0.08089335667529321
46,-29,1.214167098545075
46,-28,2.749390054275523
46,-27,1.310789872994207
46,-26,1.2285891387879524
46,-25,1.0770148187902768
46,-24,0.2851522020639534
46,-23,1.5096264306973985
46,-22,0.06719913384416443
46,-21,-1.4914883451151577
46,-20,-0.48822165625043135
46,-19,0.8926500664853549
46,-18,-0.07126181524850816
46,-17,0.5213077929157398
46,-16,-0.5794920834028287
46,-15,-1.091921863049794
46,-14,0.427533278560549
46,-13,0.07047132650978077
46,-12,0.9124324375654662
46,-11,1.045678772688693
46,-10,2.6298603280613886
46,-9,1.3131032089914363
46,-8,2.0335447057664977
46,-7,0.8588878243357252
46,-6,-0.24191205198284327
46,-5,-0.030967474489627472
46,-4,0.3924501743651938
46,-3,0.5580022387175319
46,-2,-0.18185397803768522
46,-1,1.2283105595065664
46,0,-8.881784197001252e-16
46,1,-0.3051651497330399
46,2,-0.08374598627452423
46,3,-0.08089335667529429
46,4,-1.2141670985450759
46,5,-2.749390054275524
46,6,-1.3107898729942078
46,7,-1.228589138787953
46,8,-1.0770148187902773
46,9,-0.28515220206395353
46,10,-1.5096264306973985
46,11,-0.06719913384416465
46,12,1.4914883451151568
46,13,0.4882216562504307
46,14,-0.8926500664853552
46,15,0.07126181524850761
46,16,-0.5213077929157399
46,17,0.5794920834028292
46,18,1.0919218630497927
46,19,-0.42753327856054957
46,20,-0.07047132650978138
46,21,-0.9124324375654669
46,22,-1.0456787726886936
46,23,-2.629860328061389
46,24,-1.3131032089914372
46,25,-2.033544705766498
46,26,-0.8588878243357261
46,27,0.2419120519828426
46,28,0.030967474489626667
46,29,-0.3924501743651946
46,30,-0.5580022387175326
46,31,0.18185397803768444
46,32,-1.2283105595065673
47,-32,0.3182600393703781
47,-31,0.08538575920066133
47,-30,0.07427934074726995
47,-29,1.1873004111377377
47,-28,2.7218250268076263
47,-27,1.284592757142362
47,-26,1.1976852690973412
47,-25,1.045095371008308
47,-24,0.2665741630973827
47,-23,1.4827978922684228
47,-22,0.044431601116345254
47,-21,-1.5298015333941661
47,-20,-0.5352756190711722
47,-19,0.8530304830656888
47,-18,-0.10111738196566722
47,-17,0.473024251959437
47,-16,-0.6261363185818902
47,-15,-1.1272832915760223
47,-14,0.39285460848322495
47,-13,0.042017737615375306
47,-12,0.9023105544334703
47,-11,1.020864905127383
47,-10,2.626544035640692
47,-9,1.2959041389233925
47,-8,2.014857340058538
47,-7,0.8434542349439422
47,-6,-0.255706335597385
47,-5,-0.030682846232848865
47,-4,0.3851811347929852
47,-3,0.5343074921940686
47,-2,-0.19222149280988066
47,-1,1.2229500437031864
47,0,2.220446049250313e-16
47,1,-0.31826003937037806
47,2,-0.08538575920066083
47,3,-0.0742793407472695
47,4,-1.1873004111377374
47,5,-2.7218250268076254
47,6,-1.2845927571423614
47,7,-1.1976852690973405
47,8,-1.0450953710083075
47,9,-0.2665741630973829
47,10,-1.4827978922684226
47,11,-0.04443160111634459
47,12,1.5298015333941664
47,13,0.5352756190711718
47,14,-0.8530304830656885
47,15,0.10111738196566811
47,16,-0.47302425195943676
47,17,0.6261363185818896
47,18,1.127283291576023
47,19,-0.39285460848322484
47,20,-0.042017737615375195
47,21,-0.90231055443347
47,22,-1.0208649051273826
47,23,-2.6265440356406913
47,24,-1.2959041389233923
47,25,-2.014857340058538
47,26,-0.8434542349439422
47,27,0.255706335597385
47,28,0.03068284623284878
47,29,-0.3851811347929852
47,30,-0.5343074921940686
47,31,0.19222149280988066
47,32,-1.2229500437031862
48,-32,0.3071537209687107
48,-31,0.09539004338044518
48,-30,0.07337961851805402
48,-29,1.1958251041460424
48,-28,2.7184963158984274
48,-27,1.2924636742919837
48,-26,1.219505253072925
48,-25,1.0560982542206088
48,-24,0.26714442128020743
48,-23,1.490745826060279
48,-22,0.042352217008432946
48,-21,-1.541824779751873
48,-20,-0.5335073038762899
48,-19,0.8430352084638899
48,-18,-0.11365693234074259
48,-17,0.45799276573717307
48,-16,-0.6303635673555775
48,-15,-1.1421135413626766
48,-14,0.373698457218564
48,-13,0.012166257975452455
48,-12,0.8610198149866706
48,-11,0.9938779602765462
48,-10,2.5876599805041307
48,-9,1.2710171922347673
48,-8,2.005872005616368
48,-7,0.8242776015624862
48,-6,-0.2640787315302644
48,-5,-0.050104290399857226
48,-4,0.3545934194044047
48,-3,0.5186939268164121
48,-2,-0.22075870610081538
48,-1,1.2163754666376891
48,0,-2.220446049250313e-15
48,1,-0.3071537209687132
48,2,-0.09539004338044754
48,3,-0.07337961851805619
48,4,-1.195825104146045
48,5,-2.7184963158984297
48,6,-1.2924636742919857
48,7,-1.2195052530729271
48,8,-1.056098254220611
48,9,-0.26714442128020943
48,10,-1.4907458260602806
48,11,-0.04235221700843517
48,12,1.5418247797518698
48,13,0.5335073038762874
48,14,-0.8430352084638919
48,15,0.11365693234074081
48,16,-0.4579927657371752
48,17,0.6303635673555756
48,18,1.1421135413626748
48,19,-0.373698457218566
48,20,-0.012166257975454675
48,21,-0.8610198149866728
48,22,-0.9938779602765486
48,23,-2.587659980504133
48,24,-1.2710171922347697
48,25,-2.00587200561637
48,26,-0.8242776015624886
48,27,0.26407873153026196
48,28,0.050104290399854756
48,29,-0.35459341940440714
48,30,-0.5186939268164146
48,31,0.22075870610081294
48,32,-1.2163754666376914
49,-32,0.3180998775231408
49,-31,0.1037832657394524
49,-30,0.0956239974486622
49,-29,1.208795351383986
49,-28,2.723190785522601
49,-27,1.302195741778707
49,-26,1.2217759235167418
49,-25,1.0715697207765194
49,-24,0.2946836063551761
49,-23,1.5272005669503443
49,-22,0.08774185210838414
49,-21,-1.4888188439247665
49,-20,-0.4975976100977759
49,-19,0.8843504404127343
49,-18,-0.08680219416586266
49,-17,0.48706950041769903
49,-16,-0.6371681544705996
49,-15,-1.140014708785833
49,-14,0.3917953017717144
49,-13,0.03406317848203877
49,-12,0.8729601348835335
49,-11,0.9940756451008744
49,-10,2.583088085168978
49,-9,1.273919621774671
49,-8,2.004372673765286
49,-7,0.8235255388399003
49,-6,-0.28677859870031996
49,-5,-0.060547997212835186
49,-4,0.3510225315439589
49,-3,0.5034583372535849
49,-2,-0.22537780870916768
49,-1,1.2134691231944417
49,0,6.661338147750939e-16
49,1,-0.3180998775231392
49,2,-0.10378326573945151
49,3,-0.09562399744866146
49,4,-1.208795351383985
49,5,-2.7231907855225996
49,6,-1.302195741778706
49,7,-1.2217759235167411
49,8,-1.071569720776518
49,9,-0.2946836063551742
49,10,-1.5272005669503426
49,11,-0.08774185210838303
49,12,1.4888188439247678
49,13,0.49759761009777703
49,14,-0.8843504404127334
49,15,0.08680219416586366
49,16,-0.4870695004176977
49,17,0.6371681544706012
49,18,1.140014708785834
49,19,-0.3917953017717134
49,20,-0.03406317848203755
49,21,-0.8729601348835323
49,22,-0.994075645100873
49,23,-2.583088085168977
49,24,-1.27391962177467
49,25,-2.0043726737652845
49,26,-0.8235255388398992
49,27,0.2867785987003211
49,28,0.06054799721283621
49,29,-0.3510225315439579
49,30,-0.5034583372535839
49,31,0.22537780870916868
49,32,-1.213469123194441
50,-32,0.33194979303464245
50,-31,0.11224042114504171
50,-30,0.099236707308607
50,-29,1.2107172479343953
50,-28,2.720218312159627
50,-27,1.289877319151386
50,-26,1.2079760456012478
50,-25,1.0604301471399866
50,-24,0.27879401816802374
50,-23,1.5010831822599535
50,-22,0.06032589393676924
50,-21,-1.5191178800893805
50,-20,-0.5215385384678424
50,-19,0.8625094125213899
50,-18,-0.10437182964623015
50,-17,0.47325583311455566
50,-16,-0.6394468484853871
50,-15,-1.1601375473299143
50,-14,0.3662968727533933
50,-13,0.019228616586094538
50,-12,0.8739984646800485
50,-11,1.0075331673872188
50,-10,2.588160714970738
50,-9,1.262682622967009
50,-8,1.9845856783881368
50,-7,0.816286071295764
50,-6,-0.29641661030417876
50,-5,-0.06437710828005952
50,-4,0.3565059588487002
50,-3,0.5201027710275956
50,-2,-0.21240671082920182
50,-1,1.215522909937158
50,0,6.661338147750939e-16
50,1,-0.33194979303464134
50,2,-0.11224042114504207
50,3,-0.09923670730860734
50,4,-1.210717247934396
50,5,-2.720218312159628
50,6,-1.2898773191513864
50,7,-1.207976045601248
50,8,-1.060430147139987
50,9,-0.2787940181680246
50,10,-1.5010831822599542
50,11,-0.06032589393676924
50,12,1.5191178800893803
50,13,0.5215385384678419
50,14,-0.8625094125213899
50,15,0.10437182964623015
50,16,-0.473255833114556
50,17,0.6394468484853861
50,18,1.1601375473299138
50,19,-0.36629687275339395
50,20,-0.01922861658609487
50,21,-0.8739984646800492
50,22,-1.0075331673872192
50,23,-2.588160714970739
50,24,-1.2626826229670098
50,25,-1.984585678388137
50,26,-0.8162860712957647
50,27,0.2964166103041781
50,28,0.06437710828005883
50,29,-0.35650595884870073
50,30,-0.5201027710275963
50,31,0.21240671082920115
50,32,-1.2155229099371574
51,-32,0.3104837015316467
51,-31,0.07998929158169316
51,-30,0.06510862354623455
51,-29,1.1684832922821233
51,-28,2.7005553063790426
51,-27,1.2767136106447143
51,-26,1.1897705695306717
51,-25,1.0332325353521732
51,-24,0.2504952831505788
51,-23,1.4728882493647233
51,-22,0.030633519746763316
51,-21,-1.5483471844500465
51,-20,-0.5430206667126789
51,-19,0.8517561574669508
51,-18,-0.10083034278286274
51,-17,0.47651349837534096
51,-16,-0.6374893710020939
51,-15,-1.1457006291997631
51,-14,0.3751645661189169
51,-13,0.027256484809721038
51,-12,0.8819091520667586
51,-11,0.9959487222832977
51,-10,2.573859467601742
51,-9,1.2615376642079612
51,-8,2.0097696508592824
51,-7,0.8431666098207704
51,-6,-0.27083625955666446
51,-5,-0.05196987960341343
51,-4,0.35172812688141514
51,-3,0.5223089169046116
51,-2,-0.21127214918514658
51,-1,1.2168849217258702
51,0,-8.881784197001252e-16
51,1,-0.3104837015316484
51,2,-0.07998929158169377
51,3,-0.06510862354623503
51,4,-1.1684832922821236
51,5,-2.700555306379043
51,6,-1.2767136106447148
51,7,-1.1897705695306717
51,8,-1.0332325353521732
51,9,-0.2504952831505789
51,10,-1.4728882493647237
51,11,-0.030633519746763982
51,12,1.548347184450046
51,13,0.5430206667126785
51,14,-0.8517561574669512
51,15,0.10083034278286229
51,16,-0.47651349837534096
51,17,0.6374893710020937
51,18,1.1457006291997627
51,19,-0.37516456611891735
51,20,-0.027256484809721204
51,21,-0.881909152066759
51,22,-0.9959487222832979
51,23,-2.5738594676017423
51,24,-1.2615376642079612
51,25,-2.009769650859283
51,26,-0.8431666098207709
51,27,0.27083625955666424
51,28,0.05196987960341293
51,29,-0.3517281268814155
51,30,-0.522308916904612
51,31,0.21127214918514614
51,32,-1.216884921725871
52,-32,0.3268571108015984
52,-31,0.10231717118195291
52,-30,0.08438467580108827
52,-29,1.2023230435212025
52,-28,2.728442394022582
52,-27,1.3018279304499512
52,-26,1.215030611237918
52,-25,1.0626198574027639
52,-24,0.2764201537319966
52,-23,1.4931936010859133
52,-22,0.07189157260687562
52,-21,-1.5117367069977439
52,-20,-0.5117961936319185
52,-19,0.8666591827934379
52,-18,-0.08293462154780029
52,-17,0.4894836279677228
52,-16,-0.6276253258688897
52,-15,-1.1324627998838153
52,-14,0.3883113923435959
52,-13,0.036473081554304454
52,-12,0.8859018354833494
52,-11,0.9907378752875885
52,-10,2.5860064825255926
52,-9,1.2562232160725497
52,-8,2.003360887542454
52,-7,0.8306814244526772
52,-6,-0.28642752938393534
52,-5,-0.05943323836798467
52,-4,0.35631489090610546
52,-3,0.5148990118331844
52,-2,-0.20243586800641444
52,-1,1.2198803283257207
52,0,-1.3322676295501878e-15
52,1,-0.32685711080159985
52,2,-0.10231717118195349
52,3,-0.0843846758010891
52,4,-1.2023230435212033
52,5,-2.728442394022583
52,6,-1.3018279304499516
52,7,-1.2150306112379181
52,8,-1.0626198574027645
52,9,-0.2764201537319977
52,10,-1.4931936010859137
52,11,-0.07189157260687606
52,12,1.511736706997743
52,13,0.5117961936319182
52,14,-0.8666591827934378
52,15,0.08293462154780018
52,16,-0.48948362796772393
52,17,0.6276253258688884
52,18,1.1324627998838146
52,19,-0.3883113923435968
52,20,-0.03647308155430529
52,21,-0.8859018354833503
52,22,-0.9907378752875893
52,23,-2.586006482525593
52,24,-1.2562232160725504
52,25,-2.0033608875424544
52,26,-0.8306814244526779
52,27,0.2864275293839347
52,28,0.059433238367983865
52,29,-0.35631489090610613
52,30,-0.5148990118331851
52,31,0.20243586800641378
52,32,-1.219880328325722
53,-32,0.3293529117229983
53,-31,0.10682297605916874
53,-30,0.09108251184917604
53,-29,1.2122136462685227
53,-28,2.7418853828807594
53,-27,1.3162218603696183
53,-26,1.2271953711836134
53,-25,1.0768581692314132
53,-24,0.29217363079931924
53,-23,1.5122269214549686
53,-22,0.06815396835634369
53,-21,-1.5126182030472535
53,-20,-0.50958888255098
53,-19,0.8594565160553298
53,-18,-0.08876607803981151
53,-17,0.48636431895892485
53,-16,-0.6295210103889899
53,-15,-1.1397332775476403
53,-14,0.3845885915494962
53,-13,0.019064454450042845
53,-12,0.8714494102372312
53,-11,1.0023067798269316
53,-10,2.6011886956980836
53,-9,1.287023241899672
53,-8,2.006487531221536
53,-7,0.8525410989608557
53,-6,-0.263344230387059
53,-5,-0.033942120521410546
53,-4,0.3675764230245977
53,-3,0.5285080914360872
53,-2,-0.20702988039050385
53,-1,1.2187472484306845
53,0,2.220446049250313e-16
53,1,-0.32935291172299896
53,2,-0.10682297605916857
53,3,-0.09108251184917626
53,4,-1.2122136462685222
53,5,-2.741885382880759
53,6,-1.316221860369618
53,7,-1.227195371183613
53,8,-1.0768581692314128
53,9,-0.29217363079931824
53,10,-1.5122269214549677
53,11,-0.06815396835634302
53,12,1.5126182030472541
53,13,0.5095888825509802
53,14,-0.8594565160553294
53,15,0.08876607803981185
53,16,-0.4863643189589246
53,17,0.6295210103889908
53,18,1.1397332775476403
53,19,-0.3845885915494961
53,20,-0.0190644544500429
53,21,-0.8714494102372312
53,22,-1.0023067798269316
53,23,-2.6011886956980828
53,24,-1.2870232418996717
53,25,-2.006487531221536
53,26,-0.8525410989608553
53,27,0.26334423038705945
53,28,0.03394212052141099
53,29,-0.36757642302459737
53,30,-0.5285080914360869
53,31,0.20702988039050418
53,32,-1.2187472484306843
54,-32,0.31567416609978277
54,-31,0.09334242643083224
54,-30,0.07780617113166298
54,-29,1.1872428278361769
54,-28,2.6948729725278
54,-27,1.2613835178716266
54,-26,1.1769197626332606
54,-25,1.0022325473172797
54,-24,0.21772985884295548
54,-23,1.4380232921729819
54,-22,0.008451888170879052
54,-21,-1.5760796321482573
54,-20,-0.5805936715215665
54,-19,0.8015288428435425
54,-18,-0.1682994592169268
54,-17,0.42899301342265495
54,-16,-0.6661606168704817
54,-15,-1.1690449988050067
54,-14,0.35552586032886935
54,-13,0.005779891117022762
54,-12,0.8572687917000401
54,-11,0.9883346328955942
54,-10,2.589511267155629
54,-9,1.2609302828813886
54,-8,1.9858837229983255
54,-7,0.8145495273504133
54,-6,-0.3011635825228629
54,-5,-0.07155013561901613
54,-4,0.346988940528545
54,-3,0.5081299550305978
54,-2,-0.2074452335045298
54,-1,1.2185780199210523
54,0,-2.4424906541753444e-15
54,1,-0.31567416609978505
54,2,-0.09334242643083401
54,3,-0.07780617113166466
54,4,-1.1872428278361782
54,5,-2.6948729725278016
54,6,-1.2613835178716277
54,7,-1.1769197626332621
54,8,-1.002232547317281
54,9,-0.2177298588429568
54,10,-1.438023292172983
54,11,-0.008451888170880162
54,12,1.5760796321482557
54,13,0.5805936715215649
54,14,-0.8015288428435439
54,15,0.16829945921692513
54,16,-0.4289930134226567
54,17,0.6661606168704801
54,18,1.1690449988050047
54,19,-0.3555258603288709
54,20,-0.00577989111702415
54,21,-0.8572687917000419
54,22,-0.9883346328955955
54,23,-2.589511267155631
54,24,-1.26093028288139
54,25,-1.9858837229983264
54,26,-0.8145495273504146
54,27,0.3011635825228616
54,28,0.07155013561901491
54,29,-0.34698894052854623
54,30,-0.5081299550305991
54,31,0.20744523350452848
54,32,-1.2185780199210547
55,-32,0.3213126297599284
55,-31,0.10371574216802368
55,-30,0.10090813185636108
55,-29,1.2120798693691168
55,-28,2.7281004950975607
55,-27,1.3011860984456654
55,-26,1.2029566112522139
55,-25,1.0335192171565928
55,-24,0.24108579696107235
55,-23,1.470820729340216
55,-22,0.037625940117849144
55,-21,-1.547812013041572
55,-20,-0.564622152232279
55,-19,0.8263499240143115
55,-18,-0.1331378133475274
55,-17,0.45401453523710944
55,-16,-0.643712448824548
55,-15,-1.1513365824278297
55,-14,0.3757292798278029
55,-13,0.025640561420036623
55,-12,0.8643360029737048
55,-11,0.9899556652239386
55,-10,2.573848946491492
55,-9,1.2419245932383074
55,-8,1.9728870722591771
55,-7,0.8050795600614924
55,-6,-0.2926474240001651
55,-5,-0.07195581198775225
55,-4,0.34221468951679734
55,-3,0.5166713626373475
55,-2,-0.2020884764535128
55,-1,1.2326237590679505
55,0,0.0
55,1,-0.321312629759928
55,2,-0.10371574216802326
55,3,-0.10090813185636094
55,4,-1.2120798693691164
55,5,-2.72810049509756
55,6,-1.301186098445665
55,7,-1.202956611252214
55,8,-1.0335192171565928
55,9,-0.24108579696107146
55,10,-1.4708207293402156
55,11,-0.03762594011784959
55,12,1.5478120130415722
55,13,0.5646221522322796
55,14,-0.8263499240143111
55,15,0.13313781334752695
55,16,-0.45401453523710966
55,17,0.6437124488245485
55,18,1.1513365824278297
55,19,-0.3757292798278026
55,20,-0.025640561420036345
55,21,-0.8643360029737044
55,22,-0.9899556652239383
55,23,-2.573848946491492
55,24,-1.241924593238307
55,25,-1.9728870722591771
55,26,-0.8050795600614922
55,27,0.2926474240001653
55,28,0.07195581198775258
55,29,-0.342214689516797
55,30,-0.5166713626373471
55,31,0.20208847645351313
55,32,-1.2326237590679505
56,-32,0.3171476259626423
56,-31,0.09747988559175877
56,-30,0.07959329462508455
56,-29,1.1907681137587247
56,-28,2.697579568400201
56,-27,1.2677596373936486
56,-26,1.177612264978547
56,-25,1.0253796932401624
56,-24,0.23910523166087538
56,-23,1.462732016499424
56,-22,0.01037864295008295
56,-21,-1.5710972154851905
56,-20,-0.5768293791942668
56,-19,0.8135292314515689
56,-18,-0.13313069155565393
56,-17,0.4522252484604863
56,-16,-0.6540690514045155
56,-15,-1.1547452179914397
56,-14,0.36755698530689385
56,-13,0.006983527056714456
56,-12,0.85635665057656
56,-11,0.9617836608923058
56,-10,2.5614518852843022
56,-9,1.2341919365790246
56,-8,1.9807924837723956
56,-7,0.832807543134467
56,-6,-0.27912119905752064
56,-5,-0.04946396376441553
56,-4,0.3584993596808056
56,-3,0.5175950669409592
56,-2,-0.19811786660537667
56,-1,1.2276842616539105
56,0,-1.1102230246251565e-15
56,1,-0.3171476259626438
56,2,-0.09747988559176002
56,3,-0.07959329462508591
56,4,-1.1907681137587256
56,5,-2.6975795684002017
56,6,-1.2677596373936495
56,7,-1.1776122649785485
56,8,-1.0253796932401638
56,9,-0.23910523166087705
56,10,-1.4627320164994255
56,11,-0.010378642950084283
56,12,1.571097215485189
56,13,0.5768293791942656
56,14,-0.8135292314515701
56,15,0.1331306915556525
56,16,-0.45222524846048784
56,17,0.6540690514045133
56,18,1.1547452179914381
56,19,-0.3675569853068954
56,20,-0.006983527056715788
56,21,-0.8563566505765616
56,22,-0.9617836608923074
56,23,-2.5614518852843036
56,24,-1.2341919365790261
56,25,-1.9807924837723971
56,26,-0.8328075431344686
56,27,0.2791211990575191
56,28,0.04946396376441409
56,29,-0.35849935968080704
56,30,-0.5175950669409608
56,31,0.19811786660537511
56,32,-1.2276842616539116
57,-32,0.22420728376576404
57,-31,-0.08889466524820161
57,-30,-0.2000298275878332
57,-29,0.8189351489073877
57,-28,2.2404731025950193
57,-27,0.7161056312502863
57,-26,0.5379933463882383
57,-25,0.29238860589826937
57,-24,-0.6115123990393856
57,-23,0.5044235326148887
57,-22,-1.0267113736584863
57,-21,0.54878723627881
57,-20,1.450737676310882
57,-19,2.7403752427880264
57,-18,1.6783931305281796
57,-17,2.161833046659197
57,-16,0.9556492218371073
57,-15,0.34890178631731394
57,-14,1.7793723813439923
57,-13,1.3252350821590657
57,-12,2.08215750728052
57,-11,2.114229324336304
57,-10,3.5999955497447154
57,-9,2.165449497915946
57,-8,2.7947082049582717
57,-7,1.5358091072201532
57,-6,0.32962528239806343
57,-5,0.4576488860196765
57,-4,0.7727554170853086
57,-3,0.8329103209067017
57,-2,0.023306820550073826
57,-1,1.3367628791136026
57,0,-1.1102230246251565e-15
57,1,-0.22420728376576537
57,2,0.08889466524820056
57,3,0.20002982758783205
57,4,-0.818935148907388
57,5,-2.2404731025950193
57,6,-0.7161056312502873
57,7,-0.5379933463882389
57,8,-0.29238860589826987
57,9,0.6115123990393847
57,10,-0.5044235326148898
57,11,1.0267113736584854
57,12,-0.5487872362788109
57,13,-1.4507376763108824
57,14,-2.7403752427880272
57,15,-1.6783931305281807
57,16,-2.161833046659197
57,17,-0.955649221837108
57,18,-0.3489017863173147
57,19,-1.779372381343993
57,20,-1.3252350821590664
57,21,-2.0821575072805203
57,22,-2.1142293243363044
57,23,-3.5999955497447163
57,24,-2.1654494979159464
57,25,-2.7947082049582725
57,26,-1.5358091072201538
57,27,-0.3296252823980643
57,28,-0.45764888601967724
57,29,-0.7727554170853094
57,30,-0.8329103209067025
57,31,-0.023306820550074603
57,32,-1.3367628791136037
58,-32,0.23496311752213503
58,-31,-0.07485761803682292
58,-30,-0.18055770312616354
58,-29,0.8305589652753762
58,-28,2.2546756516861866
58,-27,0.7273152282097015
58,-26,0.530147299280802
58,-25,0.26407829960531365
58,-24,-0.6363022347539831
58,-23,0.5000757871854582
58,-22,-1.0499186745659765
58,-21,0.528096318327087
58,-20,1.4265601800985683
58,-19,2.6982782989101874
58,-18,1.6398806756637567
58,-17,2.1377145527859756
58,-16,0.9546986186540491
58,-15,0.35135131481311943
58,-14,1.7617629868176712
58,-13,1.3099466139625688
58,-12,2.0470828842661675
58,-11,2.0822961290384785
58,-10,3.5742834013983407
58,-9,2.131689415823855
58,-8,2.763847706564902
58,-7,1.5086128437216666
58,-6,0.30110153405410833
58,-5,0.4322277075975315
58,-4,0.7522691346543185
58,-3,0.8155540933261399
58,-2,0.006398478491040471
58,-1,1.333067111561114
58,0,4.440892098500626e-16
58,1,-0.23496311752213384
58,2,0.07485761803682278
58,3,0.18055770312616337
58,4,-0.8305589652753769
58,5,-2.2546756516861866
58,6,-0.7273152282097017
58,7,-0.5301472992808023
58,8,-0.2640782996053139
58,9,0.6363022347539831
58,10,-0.5000757871854584
58,11,1.0499186745659768
58,12,-0.5280963183270868
58,13,-1.4265601800985683
58,14,-2.6982782989101874
58,15,-1.6398806756637567
58,16,-2.1377145527859764
58,17,-0.9546986186540498
58,18,-0.35135131481311976
58,19,-1.761762986817672
58,20,-1.3099466139625697
58,21,-2.0470828842661684
58,22,-2.0822961290384794
58,23,-3.5742834013983416
58,24,-2.1316894158238555
58,25,-2.763847706564902
58,26,-1.508612843721667
58,27,-0.3011015340541088
58,28,-0.43222770759753204
58,29,-0.752269134654319
58,30,-0.8155540933261404
58,31,-0.006398478491040915
58,32,-1.3330671115611135
59,-32,0.2290530694474732
59,-31,-0.09579845530228667
59,-30,-0.18900979977316187
59,-29,0.8150512674968802
59,-28,2.223462150238091
59,-27,0.6996457246042227
59,-26,0.511094709370632
59,-25,0.2600286742961965
59,-24,-0.6499859257185128
59,-23,0.48121614782794886
59,-22,-1.0746826335162383
59,-21,0.4934329115738634
59,-20,1.3826053462150485
59,-19,2.666617447047984
59,-18,1.6246185631576917
59,-17,2.10466413604446
59,-16,0.9187758616970847
59,-15,0.31006067552966676
59,-14,1.7325220054777715
59,-13,1.2802832656145868
59,-12,2.0296296170698516
59,-11,2.0595779946539086
59,-10,3.5598093577649954
59,-9,2.1123972793079355
59,-8,2.7579762076470775
59,-7,1.5046867584500485
59,-6,0.3003085024828742
59,-5,0.42377945943990314
59,-4,0.741201459092455
59,-3,0.8189091888359363
59,-2,0.0054113372289325
59,-1,1.333705734846864
59,0,4.440892098500626e-16
59,1,-0.2290530694474735
59,2,0.09579845530228637
59,3,0.18900979977316146
59,4,-0.8150512674968803
59,5,-2.223462150238091
59,6,-0.6996457246042224
59,7,-0.5110947093706313
59,8,-0.26002867429619636
59,9,0.6499859257185125
59,10,-0.4812161478279491
59,11,1.0746826335162378
59,12,-0.4934329115738636
59,13,-1.3826053462150487
59,14,-2.666617447047984
59,15,-1.6246185631576913
59,16,-2.1046641360444593
59,17,-0.9187758616970845
59,18,-0.3100606755296669
59,19,-1.7325220054777717
59,20,-1.2802832656145868
59,21,-2.029629617069852
59,22,-2.0595779946539086
59,23,-3.559809357764996
59,24,-2.1123972793079364
59,25,-2.7579762076470784
59,26,-1.5046867584500492
59,27,-0.30030850248287466
59,28,-0.4237794594399038
59,29,-0.7412014590924556
59,30,-0.8189091888359369
59,31,-0.005411337228933055
59,32,-1.3337057348468635
60,-32,0.22297188644902147
60,-31,-0.08688500433766458
60,-30,-0.20005769284243333
60,-29,0.8114111741662018
60,-28,2.23561304316149
60,-27,0.7064662008721372
60,-26,0.5066658438016851
60,-25,0.2690907663312669
60,-24,-0.6363258614120317
60,-23,0.48808301027558776
60,-22,-1.067158600608396
60,-21,0.5098521592180925
60,-20,1.4061294315933694
60,-19,2.698287564698001
60,-18,1.6376822407195335
60,-17,2.1237537813834964
60,-16,0.9394983973941178
60,-15,0.34351311327812106
60,-14,1.752469184465651
60,-13,1.3037979731268574
60,-12,2.0609087707803435
60,-11,2.0923754601842504
60,-10,3.5840113463006773
60,-9,2.137542518381687
60,-8,2.772211548328656
60,-7,1.5194752386850006
60,-6,0.31668111488481165
60,-5,0.43809621984269453
60,-4,0.7473258572129897
60,-3,0.8246459590232487
60,-2,0.011718438014556298
60,-1,1.3286847037597402
60,0,-8.881784197001252e-16
60,1,-0.2229718864490211
60,2,0.0868850043376641
60,3,0.20005769284243247
60,4,-0.8114111741662018
60,5,-2.2356130431614902
60,6,-0.7064662008721374
60,7,-0.5066658438016844
60,8,-0.2690907663312663
60,9,0.6363258614120313
60,10,-0.4880830102755884
60,11,1.067158600608396
60,12,-0.5098521592180922
60,13,-1.40612943159337
60,14,-2.698287564698002
60,15,-1.6376822407195337
60,16,-2.1237537813834964
60,17,-0.9394983973941184
60,18,-0.34351311327812084
60,19,-1.752469184465651
60,20,-1.3037979731268574
60,21,-2.0609087707803435
60,22,-2.0923754601842504
60,23,-3.584011346300677
60,24,-2.1375425183816867
60,25,-2.772211548328655
60,26,-1.5194752386850006
60,27,-0.31668111488481165
60,28,-0.43809621984269453
60,29,-0.7473258572129897
60,30,-0.8246459590232487
60,31,-0.011718438014556298
60,32,-1.3286847037597411
61,-32,0.23256276976289228
61,-31,-0.08022446219999688
61,-30,-0.19261136721872382
61,-29,0.8092449039507291
61,-28,2.2139623174594076
61,-27,0.6993030499822934
61,-26,0.4967899158332406
61,-25,0.2564273867267147
61,-24,-0.6530969081757527
61,-23,0.47121693547699195
61,-22,-1.0894169422285573
61,-21,0.48926271964770907
61,-20,1.3849939844427537
61,-19,2.6773887028702212
61,-18,1.6330284562096702
61,-17,2.117743078420255
61,-16,0.9288288078181166
61,-15,0.32934755263016147
61,-14,1.7387710999122312
61,-13,1.2868951337721146
61,-12,2.043184814067993
61,-11,2.0723959042143005
61,-10,3.5646627111451537
61,-9,2.113016642733071
61,-8,2.7698985881583873
61,-7,1.5123680161065525
61,-6,0.3048783575813887
61,-5,0.43137132491990227
61,-4,0.7527112061291557
61,-3,0.8332295632392342
61,-2,0.016377211186279883
61,-1,1.3336291039495887
61,0,2.220446049250313e-16
61,1,-0.2325627697628918
61,2,0.08022446219999924
61,3,0.19261136721872574
61,4,-0.8092449039507275
61,5,-2.213962317459406
61,6,-0.699303049982291
61,7,-0.49678991583323895
61,8,-0.25642738672671306
61,9,0.6530969081757549
61,10,-0.4712169354769895
61,11,1.089416942228559
61,12,-0.4892627196477075
61,13,-1.3849939844427515
61,14,-2.6773887028702186
61,15,-1.6330284562096682
61,16,-2.1177430784202538
61,17,-0.9288288078181153
61,18,-0.32934755263015947
61,19,-1.7387710999122297
61,20,-1.286895133772113
61,21,-2.043184814067992
61,22,-2.072395904214299
61,23,-3.564662711145152
61,24,-2.1130166427330703
61,25,-2.7698985881583855
61,26,-1.512368016106551
61,27,-0.30487835758138715
61,28,-0.4313713249199007
61,29,-0.7527112061291541
61,30,-0.8332295632392327
61,31,-0.01637721118627833
61,32,-1.3336291039495884
62,-32,0.24101554754559004
62,-31,-0.07019209868245144
62,-30,-0.1814659463047127
62,-29,0.8189094442898103
62,-28,2.2212081237669294
62,-27,0.69114428175326
62,-26,0.49652709570358683
62,-25,0.2575755489329192
62,-24,-0.6489799671397125
62,-23,0.49112909438886176
62,-22,-1.048077298399903
62,-21,0.5277786484754132
62,-20,1.4173687126504118
62,-19,2.688071128812302
62,-18,1.634372315167974
62,-17,2.1307432610103767
62,-16,0.9269160392950828
62,-15,0.31908626605146495
62,-14,1.734006187000388
62,-13,1.284033602653902
62,-12,2.039414076959165
62,-11,2.066372627938707
62,-10,3.5560168874327918
62,-9,2.1196888865090884
62,-8,2.775893045353521
62,-7,1.5072546299665528
62,-6,0.2996508159836775
62,-5,0.41956174285161985
62,-4,0.7436914384897906
62,-3,0.8195230487657839
62,-2,0.0035490009381394794
62,-1,1.3296730167910629
62,0,2.220446049250313e-15
62,1,-0.24101554754558752
62,2,0.0701920986824538
62,3,0.1814659463047148
62,4,-0.8189094442898082
62,5,-2.2212081237669272
62,6,-0.6911442817532585
62,7,-0.49652709570358544
62,8,-0.2575755489329179
62,9,0.6489799671397147
62,10,-0.49112909438885977
62,11,1.048077298399905
62,12,-0.5277786484754108
62,13,-1.417368712650409
62,14,-2.6880711288123003
62,15,-1.6343723151679728
62,16,-2.130743261010376
62,17,-0.9269160392950813
62,18,-0.31908626605146306
62,19,-1.7340061870003862
62,20,-1.2840336026539005
62,21,-2.0394140769591633
62,22,-2.0663726279387054
62,23,-3.5560168874327895
62,24,-2.119688886509086
62,25,-2.7758930453535187
62,26,-1.507254629966551
62,27,-0.2996508159836757
62,28,-0.41956174285161807
62,29,-0.7436914384897887
62,30,-0.819523048765782
62,31,-0.003549000938137592
62,32,-1.3296730167910606
63,-32,0.2302434824503377
63,-31,-0.08653559789661586
63,-30,-0.19063051699638545
63,-29,0.7990963040893325
63,-28,2.2054586173409985
63,-27,0.6703651106214725
63,-26,0.48343176589649334
63,-25,0.2335807303827643
63,-24,-0.6670953188212516
63,-23,0.45676257898924
63,-22,-1.0823899193725792
63,-21,0.4904025318520071
63,-20,1.394324458322294
63,-19,2.6753272101452428
63,-18,1.6333136345990622
63,-17,2.121957244933873
63,-16,0.919129644004891
63,-15,0.30441294353761794
63,-14,1.7232623110974727
63,-13,1.2757148114052532
63,-12,2.031583869448867
63,-11,2.0567090854301466
63,-10,3.54691569316827
63,-9,2.1160736964350484
63,-8,2.760131195412429
63,-7,1.4824196143348736
63,-6,0.2795920134058918
63,-5,0.41402353525944435
63,-4,0.7251080999774664
63,-3,0.8182061941475448
63,-2,0.004072633470503351
63,-1,1.3373970425410358
63,0,2.220446049250313e-16
63,1,-0.23024348245033677
63,2,0.08653559789661514
63,3,0.1906305169963849
63,4,-0.7990963040893329
63,5,-2.205458617340999
63,6,-0.6703651106214732
63,7,-0.48343176589649417
63,8,-0.23358073038276506
63,9,0.6670953188212512
63,10,-0.4567625789892408
63,11,1.0823899193725788
63,12,-0.4904025318520078
63,13,-1.394324458322295
63,14,-2.6753272101452437
63,15,-1.6333136345990629
63,16,-2.1219572449338733
63,17,-0.9191296440048919
63,18,-0.30441294353761905
63,19,-1.7232623110974732
63,20,-1.275714811405254
63,21,-2.031583869448868
63,22,-2.056709085430147
63,23,-3.5469156931682706
63,24,-2.1160736964350484
63,25,-2.760131195412429
63,26,-1.4824196143348738
63,27,-0.2795920134058918
63,28,-0.41402353525944435
63,29,-0.7251080999774665
63,30,-0.8182061941475449
63,31,-0.004072633470503462
63,32,-1.3373970425410355
64,-32,0.23271137013667892
64,-31,-0.08838123876634202
64,-30,-0.20086122183396443
64,-29,0.8014981420195977
64,-28,2.201714913922987
64,-27,0.6848572910869821
64,-26,0.5107435070808282
64,-25,0.27372203240146636
64,-24,-0.6363400095561149
64,-23,0.487252107714504
64,-22,-1.064729206497707
64,-21,0.4991032355759
64,-20,1.3909529234459477
64,-19,2.6845419227432314
64,-18,1.628805106386024
64,-17,2.1126570034562038
64,-16,0.9063931025396561
64,-15,0.28533278466191403
64,-14,1.7167464904037069
64,-13,1.282059973352015
64,-12,2.029896833825884
64,-11,2.065248917247339
64,-10,3.5680085216728608
64,-9,2.150183792060079
64,-8,2.7794637209841113
64,-7,1.4999513186877147
64,-6,0.293687417771167
64,-5,0.41442374927367565
64,-4,0.7382487199199708
64,-3,0.8182585689072364
64,-2,-0.0036576536780910107
64,-1,1.324394627528596
64,0,2.220446049250313e-16
64,1,-0.2327113701366792
64,2,0.08838123876634096
64,3,0.20086122183396338
64,4,-0.8014981420195978
64,5,-2.201714913922988
64,6,-0.6848572910869829
64,7,-0.5107435070808285
64,8,-0.2737220324014664
64,9,0.6363400095561149
64,10,-0.48725210771450456
64,11,1.064729206497706
64,12,-0.49910323557590086
64,13,-1.3909529234459488
64,14,-2.6845419227432323
64,15,-1.6288051063860245
64,16,-2.112657003456203
64,17,-0.906393102539655
64,18,-0.2853327846619138
64,19,-1.7167464904037064
64,20,-1.2820599733520148
64,21,-2.029896833825884
64,22,-2.065248917247339
64,23,-3.568008521672861
64,24,-2.150183792060079
64,25,-2.7794637209841113
64,26,-1.4999513186877145
64,27,-0.293687417771167
64,28,-0.41442374927367553
64,29,-0.7382487199199708
64,30,-0.8182585689072364
64,31,0.0036576536780910107
64,32,-1.3243946275285958
