type,role,mac,rssi,rate,sig_mode,mcs,bandwidth,smoothing,not_sounding,aggregation,stbc,fec_coding,sgi,noise_floor,ampdu_cnt,channel,secondary_channel,local_timestamp,ant,sig_len,rx_state,real_time_set,real_timestamp,len,CSI_DATA
CSI_DATA,PASSIVE,CE:B0:0F:77:01:9B,-50,11,0,0,0,0,0,0,0,0,0,-96,0,11,0,20308015,0,292,0,0,20.4756,128,[36 65 18 0 -23 -15 -23 -15 -24 -15 -24 -14 -24 -14 -24 -14 -24 -14 -23 -15 -22 -15 -21 -15 -20 -14 -19 -14 -18 -13 -17 -13 -17 -12 -17 -11 -17 -11 -17 -11 -17 -11 -18 -12 -17 -13 -17 -14 -16 -15 -14 -16 -12 -16 0 0 0 0 0 0 0 0 0 0 0 0 0 0 0 0 0 0 0 0 0 0 -12 -11 -12 -12 -12 -12 -13 -12 -14 -12 -15 -13 -15 -14 -16 -15 -15 -16 -15 -16 -15 -17 -15 -17 -14 -17 -15 -17 -15 -16 -15 -16 -16 -16 -17 -16 -18 -16 -19 -16 -21 -17 -21 -17 -22 -17 -23 -18 -23 -18 -23 -18 ]
CSI_DATA,PASSIVE,CE:B0:0F:77:01:9B,-50,11,0,0,0,0,0,0,0,0,0,-96,0,11,0,20308861,0,292,0,0,20.4828,128,[36 65 18 0 -26 6 -27 7 -26 7 -27 8 -26 8 -26 8 -27 7 -26 6 -25 5 -25 5 -24 4 -24 4 -22 4 -21 3 -21 3 -19 4 -19 4 -20 5 -20 5 -20 5 -21 3 -21 2 -21 1 -21 -1 -20 -3 0 0 0 0 0 0 0 0 0 0 0 0 0 0 0 0 0 0 0 0 0 0 -16 2 -17 2 -16 2 -17 2 -18 2 -20 2 -20 2 -22 2 -22 1 -22 1 -22 0 -22 0 -22 0 -22 0 -23 0 -22 0 -23 1 -23 2 -24 3 -25 4 -26 4 -27 4 -27 4 -28 5 -29 5 -29 6 ]
CSI_DATA,PASSIVE,CE:B0:0F:77:01:9B,-49,11,0,0,0,0,0,0,0,0,0,-96,0,11,0,20310175,0,292,0,0,20.4882,128,[36 65 18 0 19 -13 20 -14 19 -15 20 -16 19 -16 19 -15 19 -15 19 -15 18 -14 19 -13 18 -12 17 -11 17 -11 15 -10 15 -10 13 -10 14 -11 13 -11 14 -12 14 -12 15 -11 15 -10 16 -9 17 -7 17 -5 0 0 0 0 0 0 0 0 0 0 0 0 0 0 0 0 0 0 0 0 0 0 13 -6 13 -6 13 -6 14 -7 14 -7 16 -7 16 -7 17 -7 18 -6 18 -6 19 -6 18 -6 18 -6 18 -6 19 -7 18 -7 19 -8 18 -8 20 -10 20 -11 20 -12 21 -12 21 -11 22 -12 22 -12 22 -13 ]
CSI_DATA,PASSIVE,CE:B0:0F:77:01:9B,-50,11,0,0,0,0,0,0,0,0,0,-96,0,11,0,20312416,0,292,0,0,20.4938,128,[36 65 18 0 21 16 22 15 22 14 22 13 23 14 23 14 22 13 22 14 21 14 20 14 19 13 17 13 16 12 16 11 16 10 16 9 16 8 17 8 17 8 17 9 17 10 17 11 16 12 14 13 12 14 0 0 0 0 0 0 0 0 0 0 0 0 0 0 0 0 0 0 0 0 0 0 9 12 9 12 10 13 10 13 11 14 11 15 12 16 12 16 11 17 12 17 11 18 11 17 11 17 12 17 12 17 13 17 14 17 15 17 16 17 17 18 18 18 18 18 19 18 20 18 20 18 20 18 ]
CSI_DATA,PASSIVE,CE:B0:0F:77:01:9B,-50,11,0,0,0,0,0,0,0,0,0,-96,0,11,0,20313622,0,292,0,0,20.499,128,[36 65 18 0 25 -3 25 -4 26 -5 26 -5 26 -5 26 -5 26 -5 26 -4 25 -4 24 -3 23 -2 22 -2 21 -2 19 -2 19 -3 18 -3 18 -4 18 -5 19 -5 19 -4 20 -4 20 -2 20 0 20 2 19 3 0 0 0 0 0 0 0 0 0 0 0 0 0 0 0 0 0 0 0 0 0 0 15 1 16 2 16 1 16 2 17 2 18 2 19 2 20 3 20 3 20 3 20 4 20 4 20 4 20 3 21 3 21 2 21 2 23 1 24 1 24 0 25 0 26 0 26 0 27 0 27 -1 27 -1 ]
CSI_DATA,PASSIVE,CE:B0:0F:77:01:9B,-50,11,0,0,0,0,0,0,0,0,0,-96,0,11,0,20314261,0,292,0,0,20.5041,128,[36 65 18 0 24 0 24 -1 24 -2 24 -2 24 -2 24 -2 24 -1 23 -1 23 -1 22 0 21 0 20 1 18 1 18 0 17 0 16 -1 16 -2 16 -2 17 -3 18 -2 18 -2 19 0 18 1 17 3 17 5 0 0 0 0 0 0 0 0 0 0 0 0 0 0 0 0 0 0 0 0 0 0 13 4 13 4 14 4 14 4 15 4 15 5 16 5 16 6 16 6 17 6 17 7 17 6 17 6 17 6 18 5 18 5 18 4 20 5 21 4 21 4 22 4 23 4 23 3 23 3 23 3 24 3 ]
CSI_DATA,PASSIVE,CE:B0:0F:77:01:9B,-50,11,0,0,0,0,0,0,0,0,0,-96,0,11,0,20315485,0,292,0,0,20.509,128,[36 65 18 0 9 22 11 22 12 21 12 21 12 21 12 21 12 21 11 21 10 20 9 20 8 19 8 18 8 17 8 16 8 15 8 14 9 14 10 14 10 14 10 15 9 16 8 17 7 17 5 17 3 17 0 0 0 0 0 0 0 0 0 0 0 0 0 0 0 0 0 0 0 0 0 0 1 14 1 14 1 14 1 15 1 15 1 16 1 17 1 17 1 18 0 18 0 18 1 18 1 18 1 18 2 19 2 19 3 19 4 20 4 21 5 21 5 22 6 22 6 23 7 22 7 22 7 22 ]
CSI_DATA,PASSIVE,CE:B0:0F:77:01:9B,-50,11,0,0,0,0,0,0,0,0,0,-96,0,11,0,20316412,0,292,0,0,20.5139,128,[36 65 18 0 22 -8 23 -9 23 -8 24 -9 24 -8 23 -9 23 -8 22 -7 22 -7 21 -6 20 -6 19 -5 18 -5 17 -5 17 -6 16 -6 16 -6 16 -7 17 -7 18 -6 18 -6 19 -4 18 -2 18 -1 18 1 0 0 0 0 0 0 0 0 0 0 0 0 0 0 0 0 0 0 0 0 0 0 14 -2 14 -1 14 -2 15 -2 16 -2 16 -1 17 -1 17 -1 18 0 18 0 18 0 18 0 18 -1 19 -1 19 -2 19 -2 20 -2 20 -3 21 -3 22 -3 22 -3 23 -4 24 -4 24 -4 24 -5 25 -6 ]
CSI_DATA,PASSIVE,CE:B0:0F:77:01:9B,-50,11,0,0,0,0,0,0,0,0,0,-96,0,11,0,20317240,0,292,0,0,20.5192,128,[36 65 18 0 -25 -2 -26 -1 -25 -1 -26 -1 -26 -1 -25 -2 -25 -2 -25 -2 -23 -3 -23 -2 -22 -3 -21 -2 -20 -2 -18 -3 -18 -2 -17 0 -17 0 -18 0 -19 0 -20 -1 -20 -2 -19 -2 -19 -4 -18 -6 -17 -7 0 0 0 0 0 0 0 0 0 0 0 0 0 0 0 0 0 0 0 0 0 0 -14 -6 -14 -6 -14 -6 -15 -6 -15 -6 -17 -7 -16 -7 -17 -7 -17 -8 -17 -8 -18 -8 -18 -7 -18 -7 -19 -8 -19 -7 -19 -7 -21 -7 -20 -7 -22 -6 -22 -7 -23 -6 -23 -7 -23 -6 -24 -5 -24 -5 -25 -4 ]
CSI_DATA,PASSIVE,CE:B0:0F:77:01:9B,-50,11,0,0,0,0,0,0,0,0,0,-96,0,11,0,20318226,0,292,0,0,20.525,128,[36 65 18 0 -27 0 -28 1 -28 1 -28 2 -28 1 -28 1 -28 1 -28 0 -26 -1 -25 -1 -24 -1 -24 -1 -22 -1 -21 0 -20 0 -19 1 -20 2 -20 2 -21 2 -21 1 -22 0 -22 -1 -21 -3 -21 -5 -20 -7 0 0 0 0 0 0 0 0 0 0 0 0 0 0 0 0 0 0 0 0 0 0 -16 -4 -16 -5 -16 -5 -17 -5 -18 -5 -19 -5 -19 -5 -20 -6 -20 -7 -20 -6 -20 -7 -21 -6 -21 -6 -21 -6 -22 -6 -22 -6 -23 -5 -24 -5 -24 -5 -25 -5 -26 -5 -27 -4 -27 -4 -27 -4 -28 -3 -28 -2 ]
CSI_DATA,PASSIVE,CE:B0:0F:77:01:9B,-50,11,0,0,0,0,0,0,0,0,0,-96,0,11,0,20319107,0,292,0,0,20.5307,128,[36 65 18 0 25 -9 25 -9 26 -10 26 -10 26 -10 26 -10 27 -9 26 -8 25 -8 24 -7 23 -6 22 -6 20 -5 19 -5 18 -6 18 -7 18 -7 18 -7 19 -8 20 -7 21 -6 21 -5 21 -3 21 -1 19 1 0 0 0 0 0 0 0 0 0 0 0 0 0 0 0 0 0 0 0 0 0 0 16 -2 16 -2 16 -2 17 -2 18 -2 18 -2 19 -2 20 -2 21 -1 20 -1 21 -1 21 -1 21 -1 21 -2 22 -2 22 -2 23 -3 24 -3 24 -4 25 -4 26 -4 26 -4 26 -5 27 -5 27 -6 26 -7 ]
CSI_DATA,PASSIVE,7C:21:4A:A1:EA:28,-44,11,1,5,0,1,1,0,0,0,0,-96,0,11,0,25526227,0,228,0,0,25.6925,256,[-28 64 14 0 18 15 18 15 18 14 18 14 18 13 18 13 18 13 17 12 17 11 17 11 17 11 17 10 16 10 17 10 16 10 16 10 17 9 16 9 15 9 15 9 14 9 13 9 13 9 12 9 12 9 0 0 0 0 0 0 0 0 0 0 0 0 0 0 0 0 0 0 0 0 0 0 16 10 15 10 15 11 15 11 15 12 16 13 16 13 17 14 17 15 17 15 17 16 16 16 17 16 17 17 17 17 16 16 17 16 17 17 17 16 17 16 17 16 18 15 18 16 18 16 19 16 19 15 ]
CSI_DATA,PASSIVE,7C:21:4A:A1:EA:28,-43,11,1,5,0,1,1,0,0,0,0,-96,0,11,0,25526325,0,228,0,0,25.6978,256,[-28 64 14 0 21 -17 20 -16 21 -16 20 -16 19 -15 19 -16 19 -16 18 -16 18 -15 17 -15 17 -16 16 -16 15 -15 16 -16 15 -15 15 -15 15 -15 15 -14 15 -13 14 -13 14 -13 14 -12 13 -11 13 -11 13 -10 0 0 0 0 0 0 0 0 0 0 0 0 0 0 0 0 0 0 0 0 0 0 14 -15 14 -15 15 -15 16 -14 17 -15 17 -15 18 -15 19 -15 20 -15 21 -15 21 -15 22 -14 22 -14 22 -14 22 -14 22 -14 22 -14 22 -14 22 -15 22 -15 21 -15 22 -15 22 -15 22 -15 22 -16 22 -16 ]
CSI_DATA,PASSIVE,7C:21:4A:A1:EA:28,-43,11,1,5,0,1,1,0,0,0,0,-96,0,11,0,25526419,0,228,0,0,25.7037,256,[-28 64 14 0 25 -10 23 -9 26 -10 23 -9 23 -9 23 -9 23 -9 21 -9 22 -10 21 -9 20 -10 20 -10 19 -9 20 -11 18 -10 20 -10 18 -9 18 -9 18 -8 18 -8 17 -7 17 -7 16 -6 16 -6 15 -5 0 0 0 0 0 0 0 0 0 0 0 0 0 0 0 0 0 0 0 0 0 0 18 -11 17 -10 19 -11 18 -9 20 -10 20 -9 22 -10 22 -9 23 -9 25 -9 25 -8 25 -8 25 -8 25 -7 24 -7 26 -8 24 -7 26 -8 24 -8 25 -8 25 -8 25 -9 26 -8 25 -8 25 -8 25 -9 ]
CSI_DATA,PASSIVE,7C:21:4A:A1:EA:28,-43,11,1,5,0,1,1,0,0,0,0,-96,0,11,0,25526515,0,228,0,0,25.7092,256,[-28 64 14 0 14 19 14 19 14 18 14 18 14 17 14 17 14 16 14 16 14 15 14 15 14 14 15 14 14 14 14 14 14 14 14 13 14 13 13 13 12 13 12 12 11 12 11 11 10 11 10 11 9 11 0 0 0 0 0 0 0 0 0 0 0 0 0 0 0 0 0 0 0 0 0 0 13 13 12 13 12 14 12 15 12 15 13 16 12 16 13 18 13 18 13 19 13 19 13 19 13 20 13 20 13 21 12 20 12 20 13 20 13 20 12 20 13 19 13 20 13 19 14 19 14 20 15 19 ]
CSI_DATA,PASSIVE,7C:21:4A:A1:EA:28,-43,11,1,5,0,1,1,0,0,0,0,-96,0,11,0,25526611,0,228,0,0,25.7145,256,[-28 64 14 0 -10 24 -10 25 -9 24 -10 24 -8 24 -9 24 -8 23 -8 23 -7 22 -7 22 -7 22 -6 21 -6 21 -6 21 -6 21 -5 21 -6 21 -6 20 -6 19 -6 19 -6 17 -6 17 -7 16 -7 16 -7 15 0 0 0 0 0 0 0 0 0 0 0 0 0 0 0 0 0 0 0 0 0 0 -4 20 -5 20 -6 20 -6 21 -6 21 -7 22 -8 22 -8 23 -9 24 -10 23 -11 24 -11 24 -12 24 -12 24 -12 24 -12 23 -12 24 -11 24 -12 25 -11 25 -10 24 -10 25 -11 24 -11 25 -11 25 -10 26 ]
CSI_DATA,PASSIVE,7C:21:4A:A1:EA:28,-43,11,1,0,0,1,1,0,0,0,0,-96,0,11,0,25526764,0,224,0,0,25.72,256,[-32 0 14 0 0 26 0 25 0 26 0 25 0 25 0 24 0 24 1 23 1 23 1 22 1 22 1 22 2 21 2 21 2 21 2 21 2 20 2 20 1 19 1 19 0 18 0 18 0 17 0 16 -1 16 0 0 0 0 0 0 0 0 0 0 0 0 0 0 0 0 0 0 0 0 0 0 3 20 2 20 1 21 1 21 1 22 0 22 0 23 0 24 -1 24 -1 25 -2 25 -3 25 -3 25 -3 25 -3 25 -3 26 -3 25 -3 26 -2 26 -2 26 -2 25 -2 26 -2 26 -2 26 -2 27 -1 27 ]
CSI_DATA,PASSIVE,7C:21:4A:A1:EA:28,-36,11,0,0,0,0,0,0,0,0,0,-96,0,11,0,25533165,0,30,0,0,25.725,128,[30 -32 1 0 -16 25 -15 25 -14 24 -14 25 -13 25 -13 24 -13 24 -12 24 -11 24 -11 24 -11 24 -10 24 -11 25 -10 23 -11 24 -10 23 -11 24 -11 23 -11 22 -11 22 -11 20 -10 19 -11 19 -12 19 -12 17 0 0 0 0 0 0 0 0 0 0 0 0 0 0 0 0 0 0 0 0 0 0 -11 17 -12 18 -12 18 -13 18 -13 18 -14 19 -14 19 -14 19 -15 20 -15 20 -17 20 -17 21 -16 20 -17 21 -17 21 -17 21 -16 21 -16 21 -16 22 -16 22 -15 22 -15 23 -15 23 -14 24 -15 25 -14 25 ]
CSI_DATA,PASSIVE,7C:21:4A:A1:EA:28,-37,11,0,0,0,0,0,0,0,0,0,-96,0,11,0,25552229,0,30,0,0,25.7308,128,[30 -32 1 0 22 -4 22 -4 22 -4 22 -4 22 -4 22 -4 21 -4 21 -5 21 -5 20 -5 21 -5 20 -5 21 -5 20 -5 20 -4 20 -5 20 -4 20 -3 19 -3 19 -3 18 -2 17 -2 17 -1 17 -1 16 0 0 0 0 0 0 0 0 0 0 0 0 0 0 0 0 0 0 0 0 0 0 0 15 -5 16 -5 16 -4 16 -4 17 -4 17 -3 18 -4 18 -3 19 -3 19 -3 20 -3 20 -3 20 -3 21 -3 21 -2 21 -2 20 -2 20 -3 21 -3 21 -3 21 -4 22 -3 22 -3 22 -4 23 -4 23 -5 ]
CSI_DATA,PASSIVE,7C:21:4A:A1:EA:28,-40,11,1,5,0,1,1,0,0,0,0,-96,0,11,0,25557099,0,228,0,0,25.7361,256,[-28 64 14 0 -24 -9 -24 -9 -24 -9 -24 -9 -23 -8 -24 -8 -23 -8 -23 -7 -22 -8 -22 -7 -22 -7 -22 -7 -22 -6 -21 -7 -22 -7 -22 -7 -21 -7 -21 -8 -20 -8 -20 -8 -19 -9 -18 -8 -18 -8 -17 -9 -16 -9 0 0 0 0 0 0 0 0 0 0 0 0 0 0 0 0 0 0 0 0 0 0 -18 -4 -18 -6 -19 -5 -18 -6 -19 -6 -19 -7 -20 -7 -20 -7 -21 -8 -21 -9 -21 -9 -22 -10 -22 -10 -21 -10 -21 -10 -21 -10 -21 -10 -22 -9 -22 -9 -22 -9 -22 -9 -22 -9 -22 -9 -23 -9 -24 -9 -25 -8 ]
CSI_DATA,PASSIVE,7C:21:4A:A1:EA:28,-40,11,1,5,0,1,1,0,0,0,0,-96,0,11,0,25557196,0,228,0,0,25.7421,256,[-28 64 14 0 -24 17 -23 18 -22 16 -22 17 -21 17 -21 17 -20 17 -20 17 -20 17 -19 17 -19 18 -19 18 -19 18 -18 18 -19 17 -18 18 -18 17 -19 16 -18 16 -18 15 -18 14 -17 14 -17 13 -17 13 -17 12 0 0 0 0 0 0 0 0 0 0 0 0 0 0 0 0 0 0 0 0 0 0 -16 12 -17 11 -18 11 -18 11 -19 11 -19 12 -20 11 -21 12 -21 12 -22 12 -22 12 -22 12 -22 12 -23 12 -23 12 -23 12 -22 13 -23 13 -22 14 -23 14 -22 15 -22 15 -22 16 -22 16 -23 17 -22 16 ]
CSI_DATA,PASSIVE,7C:21:4A:A1:EA:28,-39,11,1,5,0,1,1,0,0,0,0,-96,0,11,0,25557290,0,228,0,0,25.748,256,[-28 64 14 0 15 -21 15 -20 16 -20 15 -21 14 -20 14 -20 15 -20 14 -20 13 -21 12 -20 12 -20 12 -20 12 -20 12 -20 12 -20 13 -19 13 -19 13 -19 12 -18 12 -18 12 -17 12 -16 12 -15 12 -15 13 -14 0 0 0 0 0 0 0 0 0 0 0 0 0 0 0 0 0 0 0 0 0 0 10 -15 11 -15 12 -16 12 -15 13 -15 13 -16 14 -16 14 -16 15 -17 16 -17 16 -17 16 -16 17 -16 17 -16 17 -16 16 -17 16 -17 16 -18 16 -18 16 -18 16 -19 15 -19 16 -19 16 -19 16 -20 17 -20 ]
CSI_DATA,PASSIVE,7C:21:4A:A1:EA:28,-39,11,1,5,0,1,1,0,0,0,0,-96,0,11,0,25557387,0,228,0,0,25.7539,256,[-28 64 14 0 -21 -16 -21 -16 -20 -17 -21 -16 -21 -15 -21 -16 -20 -14 -20 -14 -20 -14 -20 -14 -21 -14 -21 -13 -21 -13 -20 -13 -20 -13 -20 -13 -20 -13 -19 -13 -18 -13 -18 -13 -17 -13 -17 -13 -16 -13 -15 -13 -14 -14 0 0 0 0 0 0 0 0 0 0 0 0 0 0 0 0 0 0 0 0 0 0 -15 -12 -15 -13 -15 -13 -15 -14 -15 -14 -15 -14 -16 -15 -16 -16 -17 -16 -16 -17 -16 -18 -16 -18 -16 -17 -17 -18 -16 -18 -17 -18 -17 -18 -18 -17 -18 -17 -18 -17 -18 -16 -19 -17 -19 -17 -19 -17 -20 -17 -21 -18 ]
CSI_DATA,PASSIVE,7C:21:4A:A1:EA:28,-39,11,1,5,0,1,1,0,0,0,0,-96,0,11,0,25557482,0,228,0,0,25.7602,256,[-28 64 14 0 0 -27 0 -26 1 -26 0 -26 0 -26 0 -25 0 -25 -1 -25 -1 -25 -1 -24 -2 -25 -2 -24 -2 -24 -1 -24 -1 -24 -1 -24 -1 -23 -1 -24 0 -23 0 -22 1 -22 0 -21 1 -20 2 -19 2 -19 0 0 0 0 0 0 0 0 0 0 0 0 0 0 0 0 0 0 0 0 0 0 -1 -19 0 -19 1 -20 1 -20 1 -20 1 -22 1 -21 1 -22 2 -23 3 -23 3 -24 3 -23 3 -23 3 -24 4 -24 3 -24 3 -24 3 -24 2 -25 2 -25 1 -24 1 -26 1 -25 2 -26 1 -27 1 -28 ]
CSI_DATA,PASSIVE,7C:21:4A:A1:EA:28,-39,11,1,0,0,1,1,0,0,0,0,-96,0,11,0,25557636,0,224,0,0,25.766,256,[-32 0 14 0 5 -26 4 -25 5 -25 5 -25 5 -25 5 -24 4 -24 4 -24 4 -24 3 -23 3 -24 3 -24 3 -23 3 -23 3 -23 4 -22 5 -23 4 -22 5 -21 5 -21 6 -21 5 -19 5 -19 6 -18 6 -18 0 0 0 0 0 0 0 0 0 0 0 0 0 0 0 0 0 0 0 0 0 0 1 -19 2 -19 3 -19 3 -20 4 -20 4 -21 4 -20 5 -21 6 -21 6 -22 6 -22 6 -23 6 -22 7 -22 7 -23 7 -22 7 -23 6 -23 6 -24 6 -24 5 -24 5 -24 6 -24 6 -24 6 -25 5 -26 ]
CSI_DATA,PASSIVE,7C:21:4A:A1:EA:28,-37,11,0,0,0,0,0,0,0,0,0,-96,0,11,0,25568083,0,30,0,0,25.7713,128,[30 -32 1 0 26 -11 26 -11 24 -10 25 -12 25 -12 24 -12 23 -12 23 -12 22 -13 23 -13 23 -13 22 -12 22 -13 22 -12 22 -12 22 -12 22 -12 22 -11 21 -10 21 -10 21 -9 20 -9 20 -8 19 -7 19 -7 0 0 0 0 0 0 0 0 0 0 0 0 0 0 0 0 0 0 0 0 0 0 17 -8 18 -8 18 -8 19 -8 19 -7 20 -8 20 -7 21 -8 22 -8 23 -8 23 -7 23 -8 23 -8 24 -7 24 -8 24 -7 24 -8 24 -8 24 -9 24 -9 24 -9 24 -10 24 -10 25 -11 26 -11 25 -11 ]
CSI_DATA,PASSIVE,7C:21:4A:A1:EA:28,-38,11,0,0,0,0,0,0,0,0,0,-96,0,11,0,45002981,0,30,0,0,45.1693,128,[30 -32 1 0 6 -30 5 -30 6 -29 5 -29 4 -29 4 -28 3 -28 3 -28 3 -28 2 -28 2 -28 2 -28 1 -28 2 -27 2 -27 1 -27 2 -27 2 -26 2 -25 3 -24 3 -24 2 -23 3 -23 4 -21 3 -22 0 0 0 0 0 0 0 0 0 0 0 0 0 0 0 0 0 0 0 0 0 0 3 -21 4 -22 5 -23 5 -22 6 -23 6 -24 7 -24 6 -25 7 -26 8 -26 8 -26 9 -27 9 -26 9 -26 9 -26 9 -26 8 -26 8 -27 7 -27 8 -28 6 -27 6 -28 6 -28 6 -29 6 -29 6 -29 ]
CSI_DATA,PASSIVE,7C:21:4A:A1:EA:28,-41,11,0,0,0,0,0,0,0,0,0,-96,0,11,0,45003161,0,30,0,0,45.1747,128,[30 -32 1 0 -28 -5 -27 -5 -27 -5 -27 -5 -27 -4 -27 -4 -26 -4 -26 -4 -25 -4 -25 -4 -25 -3 -25 -3 -24 -3 -24 -3 -24 -3 -24 -3 -23 -3 -22 -3 -22 -4 -21 -4 -21 -4 -20 -4 -19 -5 -19 -5 -18 -6 0 0 0 0 0 0 0 0 0 0 0 0 0 0 0 0 0 0 0 0 0 0 -17 -3 -17 -3 -18 -3 -18 -4 -18 -4 -19 -4 -20 -4 -21 -5 -21 -5 -22 -6 -22 -6 -23 -7 -22 -7 -23 -7 -23 -7 -24 -7 -23 -7 -24 -6 -24 -7 -25 -6 -25 -5 -25 -6 -25 -6 -25 -6 -27 -7 -27 -6 ]
CSI_DATA,PASSIVE,7C:21:4A:A1:EA:28,-38,11,0,0,0,0,0,0,0,0,0,-96,0,11,0,45003377,0,30,0,0,45.1806,128,[30 -32 1 0 -27 7 -27 7 -25 6 -26 7 -25 7 -25 7 -25 7 -24 7 -24 8 -23 8 -24 9 -23 9 -24 9 -22 8 -23 8 -22 8 -23 8 -22 6 -22 6 -21 6 -21 5 -20 5 -20 5 -20 4 -19 3 0 0 0 0 0 0 0 0 0 0 0 0 0 0 0 0 0 0 0 0 0 0 -18 7 -20 6 -20 5 -20 5 -20 5 -21 5 -22 5 -23 4 -24 4 -24 4 -24 4 -25 4 -24 4 -25 4 -25 3 -26 3 -25 4 -25 4 -26 4 -26 5 -25 5 -25 5 -25 6 -25 6 -27 7 -27 8 ]
CSI_DATA,PASSIVE,7C:21:4A:A1:EA:28,-41,11,0,0,0,0,0,0,0,0,0,-96,0,11,0,45003593,0,30,0,0,45.1859,128,[30 -32 1 0 -22 17 -21 17 -21 16 -21 17 -20 17 -20 17 -19 16 -19 16 -19 16 -19 16 -18 16 -18 16 -18 16 -17 16 -17 15 -17 16 -17 15 -17 15 -16 14 -16 14 -16 13 -16 12 -16 11 -16 11 -15 10 0 0 0 0 0 0 0 0 0 0 0 0 0 0 0 0 0 0 0 0 0 0 -13 10 -14 10 -15 10 -15 10 -15 10 -16 11 -17 11 -17 11 -18 12 -18 12 -19 11 -20 12 -20 12 -21 12 -20 12 -21 12 -20 12 -20 13 -21 14 -21 14 -20 14 -21 14 -20 14 -21 14 -22 15 -22 16 ]
CSI_DATA,PASSIVE,7C:21:4A:A1:EA:28,-38,11,0,0,0,0,0,0,0,0,0,-96,0,11,0,45003765,0,30,0,0,45.1917,128,[30 -32 1 0 24 -13 25 -13 23 -11 24 -13 23 -13 23 -13 22 -13 21 -13 21 -13 21 -14 20 -14 20 -14 21 -15 19 -13 21 -13 20 -13 19 -13 19 -12 19 -11 18 -11 19 -10 17 -10 17 -9 17 -9 17 -8 0 0 0 0 0 0 0 0 0 0 0 0 0 0 0 0 0 0 0 0 0 0 16 -10 18 -10 18 -10 19 -10 18 -9 20 -10 20 -9 21 -9 22 -9 21 -10 22 -9 23 -9 23 -9 23 -9 24 -9 23 -9 23 -9 22 -9 24 -11 24 -10 23 -11 23 -11 23 -11 23 -12 25 -13 24 -13 ]
CSI_DATA,PASSIVE,7C:21:4A:A1:EA:28,-41,11,0,0,0,0,0,0,0,0,0,-96,0,11,0,45003936,0,30,0,0,45.1974,128,[30 -32 1 0 26 3 26 3 25 4 26 3 25 2 25 3 24 2 24 2 24 1 24 2 24 1 23 1 24 1 22 1 23 2 22 1 22 2 21 2 21 2 20 2 20 3 19 2 18 3 18 3 17 4 0 0 0 0 0 0 0 0 0 0 0 0 0 0 0 0 0 0 0 0 0 0 15 1 16 1 17 1 17 2 17 2 18 3 18 3 20 3 20 4 20 3 21 4 22 5 21 4 22 5 23 5 22 6 23 5 22 5 24 5 24 5 23 4 24 4 23 4 24 4 25 4 26 4 ]
CSI_DATA,PASSIVE,7C:21:4A:A1:EA:28,-38,11,0,0,0,0,0,0,0,0,0,-96,0,11,0,45004134,0,30,0,0,45.2021,128,[30 -32 1 0 20 13 20 13 20 12 19 12 20 12 20 11 20 11 20 11 20 10 19 9 19 9 19 9 20 9 19 9 19 9 19 8 19 9 17 9 17 9 17 9 16 9 15 9 15 9 14 9 14 9 0 0 0 0 0 0 0 0 0 0 0 0 0 0 0 0 0 0 0 0 0 0 15 8 15 9 15 10 15 10 15 10 16 11 16 11 17 12 16 13 16 13 17 13 17 14 16 14 17 14 17 14 17 14 17 14 17 13 18 13 19 14 18 13 18 13 18 13 20 12 21 13 20 12 ]
CSI_DATA,PASSIVE,7C:21:4A:A1:EA:28,-41,11,0,0,0,0,0,0,0,0,0,-96,0,11,0,45004324,0,30,0,0,45.2072,128,[30 -32 1 0 25 7 24 7 24 7 25 6 24 6 24 6 24 6 23 5 24 6 23 5 23 4 22 5 22 5 22 4 22 5 21 5 21 5 21 5 20 5 20 5 19 5 18 5 17 6 17 6 16 6 0 0 0 0 0 0 0 0 0 0 0 0 0 0 0 0 0 0 0 0 0 0 15 3 15 4 16 4 16 5 16 5 17 5 18 6 18 6 19 7 19 7 20 8 20 8 20 8 21 8 21 8 21 9 21 8 21 8 22 8 23 8 22 7 23 7 23 7 23 8 24 8 25 7 ]
CSI_DATA,PASSIVE,7C:21:4A:A1:EA:28,-38,11,0,0,0,0,0,0,0,0,0,-96,0,11,0,45004503,0,30,0,0,45.212,128,[30 -32 1 0 -1 -29 -1 -28 -1 -27 -1 -28 -2 -28 -2 -27 -2 -26 -2 -26 -2 -26 -3 -27 -3 -26 -3 -26 -3 -26 -4 -25 -3 -24 -3 -24 -2 -25 -2 -24 -1 -23 -1 -23 -1 -22 -1 -22 0 -21 0 -20 0 -20 0 0 0 0 0 0 0 0 0 0 0 0 0 0 0 0 0 0 0 0 0 0 -2 -21 -1 -21 -1 -22 -1 -22 0 -22 0 -23 1 -23 1 -24 1 -24 2 -25 2 -26 2 -27 2 -25 2 -26 2 -26 2 -26 2 -26 2 -26 1 -27 2 -27 1 -27 1 -27 0 -27 0 -28 0 -29 -1 -27 ]
CSI_DATA,PASSIVE,7C:21:4A:A1:EA:28,-42,11,0,0,0,0,0,0,0,0,0,-96,0,11,0,45004675,0,30,0,0,45.2176,128,[30 -32 1 0 16 -25 16 -24 16 -23 16 -24 16 -24 16 -23 15 -23 15 -23 14 -23 14 -23 13 -23 13 -23 13 -23 13 -22 13 -22 13 -21 13 -21 13 -20 13 -20 13 -19 12 -18 12 -17 13 -17 13 -16 13 -15 0 0 0 0 0 0 0 0 0 0 0 0 0 0 0 0 0 0 0 0 0 0 9 -16 9 -16 10 -16 11 -16 11 -16 12 -17 12 -17 13 -18 14 -18 14 -19 15 -19 16 -20 16 -19 16 -20 16 -20 17 -20 16 -20 16 -20 16 -21 17 -21 16 -21 16 -22 16 -21 16 -22 17 -23 17 -24 ]
CSI_DATA,PASSIVE,7C:21:4A:A1:EA:28,-37,11,0,0,0,0,0,0,0,0,0,-96,0,11,0,45046376,0,30,0,0,45.2234,128,[30 -32 1 0 -25 -10 -24 -10 -24 -10 -24 -9 -24 -8 -24 -9 -23 -8 -23 -8 -23 -7 -24 -7 -23 -7 -23 -7 -23 -7 -23 -6 -22 -7 -22 -6 -22 -7 -21 -7 -21 -8 -21 -8 -20 -7 -19 -7 -18 -7 -18 -8 -18 -8 0 0 0 0 0 0 0 0 0 0 0 0 0 0 0 0 0 0 0 0 0 0 -18 -6 -19 -7 -19 -7 -19 -8 -18 -8 -19 -8 -20 -9 -21 -10 -21 -10 -21 -11 -21 -11 -22 -12 -21 -12 -22 -12 -22 -12 -21 -12 -22 -12 -22 -11 -22 -11 -22 -11 -22 -11 -23 -11 -23 -10 -24 -10 -25 -10 -25 -9 ]
CSI_DATA,PASSIVE,7C:21:4A:A1:EA:28,-38,11,0,0,0,0,0,0,0,0,0,-96,0,11,0,45075138,0,30,0,0,45.2414,128,[30 -32 1 0 -26 15 -23 14 -23 13 -23 14 -22 14 -22 15 -21 14 -21 14 -21 15 -21 15 -20 14 -20 14 -19 15 -19 15 -19 14 -19 14 -19 13 -18 13 -19 13 -18 12 -18 11 -18 11 -17 10 -18 10 -17 9 0 0 0 0 0 0 0 0 0 0 0 0 0 0 0 0 0 0 0 0 0 0 -17 11 -18 10 -19 11 -18 10 -20 10 -20 11 -21 11 -21 11 -22 11 -22 11 -23 10 -24 10 -22 10 -23 10 -23 10 -24 10 -23 10 -23 10 -23 11 -24 12 -22 12 -23 12 -23 12 -23 13 -24 13 -23 13 ]
CSI_DATA,PASSIVE,7C:21:4A:A1:EA:28,-42,11,0,0,0,0,0,0,0,0,0,-96,0,11,0,45075319,0,30,0,0,45.2473,128,[30 -32 1 0 10 22 10 21 11 22 11 21 11 21 11 21 11 20 11 20 11 20 11 20 11 19 10 19 10 18 11 18 10 18 11 19 10 18 10 17 10 17 9 17 8 16 7 17 6 16 6 16 5 15 0 0 0 0 0 0 0 0 0 0 0 0 0 0 0 0 0 0 0 0 0 0 7 14 7 14 7 16 6 15 6 16 6 16 7 17 7 17 7 19 7 19 6 20 7 21 6 20 7 21 7 20 7 22 7 20 8 21 8 21 8 21 9 20 9 21 9 21 9 22 10 23 11 21 ]
CSI_DATA,PASSIVE,7C:21:4A:A1:EA:28,-38,11,0,0,0,0,0,0,0,0,0,-96,0,11,0,45075535,0,30,0,0,45.2523,128,[30 -32 1 0 23 13 23 13 22 12 23 12 23 11 22 12 22 11 22 10 22 11 22 10 22 10 22 9 23 9 21 9 21 9 21 9 21 10 20 10 20 10 19 10 17 10 16 10 16 10 16 10 15 10 0 0 0 0 0 0 0 0 0 0 0 0 0 0 0 0 0 0 0 0 0 0 18 7 18 8 18 9 19 9 18 9 19 10 20 10 20 11 21 12 20 12 21 13 21 14 20 14 21 14 21 13 21 14 21 14 21 13 22 14 22 14 22 12 22 13 21 13 23 13 24 13 25 12 ]
CSI_DATA,PASSIVE,7C:21:4A:A1:EA:28,-37,11,0,0,0,0,0,0,0,0,0,-96,0,11,0,45114627,0,30,0,0,45.2809,128,[30 -32 1 0 26 -6 25 -5 25 -6 24 -6 23 -7 24 -6 23 -6 23 -7 23 -7 22 -7 23 -7 21 -8 22 -8 21 -7 21 -7 22 -7 21 -6 20 -6 20 -6 20 -5 19 -5 18 -4 19 -4 18 -4 18 -2 0 0 0 0 0 0 0 0 0 0 0 0 0 0 0 0 0 0 0 0 0 0 18 -5 18 -5 19 -5 19 -5 19 -4 20 -3 21 -4 21 -4 22 -3 22 -3 23 -2 23 -2 23 -3 23 -2 23 -2 24 -2 23 -3 23 -4 24 -4 24 -4 23 -4 24 -4 23 -4 24 -5 25 -4 26 -5 ]
CSI_DATA,PASSIVE,7C:21:4A:A1:EA:28,-43,11,0,0,0,0,0,0,0,0,0,-96,0,11,0,45114826,0,30,0,0,45.2863,128,[30 -32 1 0 -23 -14 -23 -14 -22 -13 -23 -13 -23 -13 -22 -13 -22 -12 -22 -12 -22 -12 -22 -11 -22 -11 -22 -11 -22 -11 -21 -11 -20 -11 -20 -10 -20 -11 -19 -11 -19 -11 -18 -11 -17 -11 -16 -11 -16 -11 -16 -11 -15 -11 0 0 0 0 0 0 0 0 0 0 0 0 0 0 0 0 0 0 0 0 0 0 -15 -8 -15 -9 -15 -9 -15 -10 -15 -10 -16 -11 -16 -11 -17 -11 -17 -12 -18 -12 -18 -13 -19 -13 -18 -13 -19 -13 -19 -14 -19 -14 -20 -14 -19 -14 -20 -14 -20 -14 -20 -13 -21 -14 -21 -13 -21 -13 -23 -14 -23 -13 ]
CSI_DATA,PASSIVE,7C:21:4A:A1:EA:28,-37,11,0,0,0,0,0,0,0,0,0,-96,0,11,0,45114997,0,30,0,0,45.2927,128,[30 -32 1 0 -20 -19 -19 -18 -18 -18 -19 -18 -19 -17 -19 -17 -19 -17 -19 -17 -19 -16 -19 -15 -20 -14 -20 -15 -20 -14 -18 -15 -19 -15 -18 -14 -17 -14 -17 -15 -16 -15 -16 -14 -15 -15 -15 -14 -14 -14 -14 -14 -13 -14 0 0 0 0 0 0 0 0 0 0 0 0 0 0 0 0 0 0 0 0 0 0 -15 -13 -14 -13 -15 -14 -15 -15 -15 -15 -15 -16 -15 -16 -16 -17 -15 -18 -16 -18 -16 -18 -17 -19 -16 -18 -16 -19 -16 -19 -16 -20 -15 -19 -16 -19 -17 -19 -16 -19 -17 -18 -17 -19 -17 -19 -18 -18 -19 -19 -19 -18 ]
CSI_DATA,PASSIVE,7C:21:4A:A1:EA:28,-43,11,0,0,0,0,0,0,0,0,0,-96,0,11,0,45115168,0,30,0,0,45.2991,128,[30 -32 1 0 13 22 13 22 12 21 13 21 14 21 13 20 14 20 13 20 13 19 13 19 13 19 13 18 13 18 13 18 13 18 13 17 13 17 12 17 12 17 11 16 10 16 9 16 9 16 8 16 8 15 0 0 0 0 0 0 0 0 0 0 0 0 0 0 0 0 0 0 0 0 0 0 7 13 7 14 7 15 7 15 7 15 8 16 8 17 8 17 8 19 8 18 8 19 8 20 8 20 8 21 9 20 9 21 9 20 10 20 10 21 10 22 11 20 11 21 11 21 11 21 12 22 12 22 ]
CSI_DATA,PASSIVE,7C:21:4A:A1:EA:28,-37,11,0,0,0,0,0,0,0,0,0,-96,0,11,0,45115366,0,30,0,0,45.3041,128,[30 -32 1 0 2 -31 2 -30 2 -29 2 -29 1 -28 1 -28 0 -28 0 -28 -1 -28 -2 -28 -2 -27 -2 -27 -2 -27 -1 -26 -1 -26 -2 -26 -1 -25 -1 -26 0 -25 0 -24 1 -23 0 -23 -1 -22 1 -22 1 -21 0 0 0 0 0 0 0 0 0 0 0 0 0 0 0 0 0 0 0 0 0 0 1 -21 2 -22 2 -23 3 -22 3 -23 4 -24 5 -24 4 -26 5 -25 5 -26 4 -26 5 -27 5 -27 5 -27 6 -26 6 -27 5 -27 5 -27 5 -27 5 -28 4 -27 4 -28 2 -28 2 -29 2 -29 2 -29 ]
CSI_DATA,PASSIVE,7C:21:4A:A1:EA:28,-43,11,0,0,0,0,0,0,0,0,0,-96,0,11,0,45115564,0,30,0,0,45.3097,128,[30 -32 1 0 -11 24 -10 24 -9 23 -9 24 -9 23 -9 23 -8 23 -9 23 -7 22 -7 23 -6 23 -6 22 -7 22 -7 21 -7 21 -7 21 -7 20 -7 20 -7 19 -7 19 -8 18 -7 17 -7 17 -7 16 -8 15 0 0 0 0 0 0 0 0 0 0 0 0 0 0 0 0 0 0 0 0 0 0 -5 15 -6 15 -7 15 -7 16 -7 16 -8 17 -9 16 -8 18 -9 18 -9 19 -9 19 -9 20 -9 20 -10 20 -10 20 -11 21 -10 21 -10 20 -10 22 -11 21 -10 22 -10 22 -9 22 -9 23 -9 24 -8 24 ]
CSI_DATA,PASSIVE,7C:21:4A:A1:EA:28,-37,11,0,0,0,0,0,0,0,0,0,-96,0,11,0,45115735,0,30,0,0,45.3151,128,[30 -32 1 0 14 -22 14 -22 14 -21 14 -22 14 -22 13 -21 13 -21 12 -21 11 -20 11 -22 11 -22 11 -21 11 -22 11 -19 12 -20 12 -19 12 -20 12 -19 12 -18 12 -17 12 -17 11 -16 11 -15 12 -15 12 -14 0 0 0 0 0 0 0 0 0 0 0 0 0 0 0 0 0 0 0 0 0 0 8 -17 8 -18 9 -18 10 -18 10 -17 11 -18 11 -18 12 -19 13 -19 12 -19 14 -19 14 -20 14 -19 15 -19 15 -20 15 -19 15 -19 14 -19 15 -20 15 -20 13 -20 14 -21 13 -20 14 -21 14 -22 15 -23 ]
CSI_DATA,PASSIVE,7C:21:4A:A1:EA:28,-43,11,0,0,0,0,0,0,0,0,0,-96,0,11,0,45115942,0,30,0,0,45.3209,128,[30 -32 1 0 -17 -20 -17 -20 -16 -20 -17 -20 -17 -20 -17 -20 -17 -19 -17 -18 -17 -19 -17 -18 -17 -18 -16 -18 -17 -17 -16 -17 -16 -17 -15 -17 -15 -17 -15 -16 -14 -16 -14 -16 -13 -16 -12 -16 -11 -16 -11 -16 -10 -15 0 0 0 0 0 0 0 0 0 0 0 0 0 0 0 0 0 0 0 0 0 0 -11 -12 -11 -13 -12 -14 -11 -14 -11 -14 -12 -15 -12 -16 -13 -16 -13 -17 -13 -17 -13 -19 -13 -19 -13 -19 -13 -19 -13 -19 -14 -20 -14 -19 -14 -19 -15 -20 -15 -20 -15 -19 -15 -20 -15 -20 -15 -20 -16 -21 -17 -20 ]
CSI_DATA,PASSIVE,7C:21:4A:A1:EA:28,-37,11,0,0,0,0,0,0,0,0,0,-96,0,11,0,45116122,0,30,0,0,45.3273,128,[30 -32 1 0 -22 21 -20 21 -20 21 -20 21 -18 21 -19 21 -18 20 -17 21 -18 20 -16 21 -16 21 -16 21 -16 21 -16 21 -16 20 -16 21 -16 20 -16 19 -16 18 -16 18 -15 16 -16 16 -15 16 -15 15 -15 14 0 0 0 0 0 0 0 0 0 0 0 0 0 0 0 0 0 0 0 0 0 0 -14 15 -15 15 -16 16 -16 15 -16 16 -18 16 -18 16 -19 16 -20 17 -20 17 -20 17 -21 17 -21 17 -22 17 -21 16 -22 17 -21 17 -21 18 -21 18 -21 19 -21 18 -20 19 -20 19 -21 20 -21 21 -20 21 ]
CSI_DATA,PASSIVE,7C:21:4A:A1:EA:28,-43,11,0,0,0,0,0,0,0,0,0,-96,0,11,0,45116302,0,30,0,0,45.3332,128,[30 -32 1 0 -17 -22 -16 -21 -16 -21 -16 -21 -16 -21 -16 -20 -16 -20 -16 -19 -16 -20 -16 -19 -17 -18 -16 -18 -16 -18 -15 -18 -15 -18 -15 -17 -15 -17 -14 -17 -14 -17 -13 -16 -12 -16 -12 -16 -11 -15 -11 -16 -10 -15 0 0 0 0 0 0 0 0 0 0 0 0 0 0 0 0 0 0 0 0 0 0 -10 -13 -10 -14 -10 -15 -10 -15 -10 -16 -11 -16 -11 -16 -11 -17 -11 -18 -12 -18 -12 -19 -12 -20 -11 -19 -12 -20 -12 -20 -12 -21 -12 -20 -13 -20 -13 -21 -13 -21 -14 -20 -14 -21 -14 -20 -15 -21 -15 -22 -16 -22 ]
CSI_DATA,PASSIVE,7C:21:4A:A1:EA:28,-37,11,0,0,0,0,0,0,0,0,0,-96,0,11,0,45140197,0,30,0,0,45.3396,128,[30 -32 1 0 16 20 16 20 16 19 16 19 16 19 16 18 16 18 15 17 16 17 16 16 16 16 16 16 16 16 15 16 15 16 16 16 15 16 14 16 13 16 13 15 12 15 11 14 11 14 10 15 10 15 0 0 0 0 0 0 0 0 0 0 0 0 0 0 0 0 0 0 0 0 0 0 14 12 14 14 14 14 14 14 13 14 14 16 13 17 14 16 14 18 14 18 14 19 14 20 14 19 14 20 14 19 13 20 13 20 14 19 15 20 15 20 15 19 15 20 15 19 16 19 17 20 18 19 ]
CSI_DATA,PASSIVE,7C:21:4A:A1:EA:28,-38,11,0,0,0,0,0,0,0,0,0,-96,0,11,0,45183237,0,30,0,0,45.3495,128,[30 -32 1 0 -4 29 -3 29 -3 26 -3 27 -2 28 -2 27 -2 27 -1 26 -1 26 0 26 -1 26 0 26 0 26 0 25 0 25 1 25 -1 25 -1 25 -2 24 -1 23 -2 22 -2 22 -2 21 -3 21 -3 20 0 0 0 0 0 0 0 0 0 0 0 0 0 0 0 0 0 0 0 0 0 0 -1 20 -2 20 -3 21 -3 21 -3 21 -4 22 -4 22 -3 23 -5 24 -5 24 -5 24 -6 25 -6 24 -6 25 -6 25 -6 26 -6 25 -5 25 -5 26 -5 27 -4 26 -4 27 -4 26 -4 27 -4 28 -2 28 ]
CSI_DATA,PASSIVE,CE:B0:0F:77:01:9B,-49,11,0,0,0,0,0,0,0,0,0,-96,0,11,0,45229986,0,114,0,0,45.3964,128,[114 32 7 0 -5 -27 -5 -27 -5 -28 -4 -28 -3 -27 -3 -27 -3 -26 -2 -25 -2 -24 -2 -23 -2 -22 -2 -21 -2 -20 -2 -19 -2 -19 -3 -18 -3 -18 -3 -18 -3 -18 -3 -19 -2 -19 -1 -19 0 -19 2 -18 3 -17 0 0 0 0 0 0 0 0 0 0 0 0 0 0 0 0 0 0 0 0 0 0 1 -20 3 -19 4 -18 4 -18 4 -17 3 -16 2 -16 1 -17 0 -18 -1 -19 -1 -20 -1 -22 0 -23 0 -25 1 -25 2 -25 3 -25 3 -25 3 -24 3 -24 2 -24 1 -24 0 -24 -1 -25 -3 -25 -4 -26 ]
CSI_DATA,PASSIVE,CE:B0:0F:77:01:9B,-49,11,0,0,0,0,0,0,0,0,0,-96,0,11,0,45230476,0,114,0,0,45.4021,128,[114 32 7 0 24 -12 24 -12 25 -12 25 -11 25 -10 23 -10 23 -10 22 -9 22 -8 21 -8 19 -8 18 -7 18 -7 17 -7 16 -7 16 -7 16 -8 15 -8 16 -8 16 -8 16 -8 17 -6 17 -5 17 -4 17 -2 0 0 0 0 0 0 0 0 0 0 0 0 0 0 0 0 0 0 0 0 0 0 19 -2 18 -1 18 0 17 0 16 0 16 0 15 -1 15 -2 16 -4 17 -5 18 -5 20 -6 22 -6 23 -5 24 -4 24 -3 24 -2 24 -2 24 -2 23 -3 23 -4 22 -5 22 -5 22 -7 23 -8 23 -10 ]
CSI_DATA,PASSIVE,CE:B0:0F:77:01:9B,-49,11,0,0,0,0,0,0,0,0,0,-96,0,11,0,45230884,0,114,0,0,45.4075,128,[114 32 7 0 4 26 3 26 3 27 2 27 2 26 2 25 1 25 0 24 1 23 1 22 1 20 1 20 0 18 1 18 1 17 1 17 2 17 2 17 2 17 1 17 0 17 0 18 -1 17 -3 17 -4 16 0 0 0 0 0 0 0 0 0 0 0 0 0 0 0 0 0 0 0 0 0 0 -3 19 -4 18 -5 17 -5 16 -5 16 -5 15 -4 15 -3 15 -2 16 -1 17 0 19 0 21 -1 22 -2 23 -3 24 -4 24 -5 24 -5 24 -5 23 -5 23 -4 22 -3 22 -2 23 0 23 1 24 3 25 ]
CSI_DATA,PASSIVE,CE:B0:0F:77:01:9B,-49,11,0,0,0,0,0,0,0,0,0,-96,0,11,0,45231766,0,114,0,0,45.4125,128,[114 32 7 0 -25 -21 -25 -21 -24 -21 -24 -21 -23 -21 -22 -21 -21 -20 -21 -20 -19 -19 -19 -18 -18 -17 -18 -17 -17 -16 -16 -15 -16 -14 -16 -13 -16 -13 -17 -13 -17 -13 -17 -14 -16 -14 -15 -15 -14 -16 -13 -16 -11 -17 0 0 0 0 0 0 0 0 0 0 0 0 0 0 0 0 0 0 0 0 0 0 -12 -19 -10 -20 -9 -20 -8 -19 -8 -19 -8 -17 -9 -17 -10 -16 -12 -16 -13 -17 -15 -18 -16 -19 -17 -21 -17 -22 -16 -23 -16 -25 -15 -25 -15 -25 -14 -24 -15 -24 -15 -23 -16 -22 -17 -21 -18 -20 -20 -20 -21 -20 ]
CSI_DATA,PASSIVE,CE:B0:0F:77:01:9B,-49,11,0,0,0,0,0,0,0,0,0,-96,0,11,0,45232543,0,114,0,0,45.4189,128,[114 32 7 0 -29 0 -29 0 -29 -1 -29 -1 -28 -1 -27 -2 -27 -2 -25 -2 -24 -2 -23 -2 -22 -2 -22 -2 -20 -1 -20 -1 -19 -1 -19 0 -19 0 -19 0 -19 0 -19 0 -19 -1 -19 -2 -19 -3 -18 -4 -17 -6 0 0 0 0 0 0 0 0 0 0 0 0 0 0 0 0 0 0 0 0 0 0 -19 -6 -19 -8 -18 -9 -17 -9 -16 -8 -15 -7 -16 -6 -16 -5 -17 -4 -19 -4 -21 -3 -22 -4 -23 -5 -25 -6 -25 -7 -25 -8 -25 -9 -25 -9 -24 -9 -24 -8 -24 -7 -23 -6 -24 -5 -25 -3 -26 -2 -27 -1 ]
CSI_DATA,PASSIVE,CE:B0:0F:77:01:9B,-49,11,0,0,0,0,0,0,0,0,0,-96,0,11,0,45233257,0,114,0,0,45.4246,128,[114 32 7 0 11 -24 11 -24 11 -24 11 -23 11 -22 11 -22 11 -21 10 -20 10 -19 9 -19 9 -18 8 -17 7 -16 7 -16 6 -16 6 -16 6 -16 5 -16 5 -16 6 -16 6 -16 7 -16 8 -15 9 -14 10 -13 0 0 0 0 0 0 0 0 0 0 0 0 0 0 0 0 0 0 0 0 0 0 13 -12 14 -11 14 -10 13 -9 13 -8 12 -9 11 -9 10 -10 10 -12 11 -13 11 -15 12 -16 13 -16 14 -17 16 -17 17 -17 17 -16 17 -15 16 -14 14 -15 14 -15 14 -16 13 -17 12 -18 11 -19 11 -20 ]
CSI_DATA,PASSIVE,CE:B0:0F:77:01:9B,-49,11,0,0,0,0,0,0,0,0,0,-96,0,11,0,45234052,0,114,0,0,45.4303,128,[114 32 7 0 28 2 28 3 28 3 28 3 27 4 26 3 25 4 24 4 23 4 22 4 21 3 20 3 19 3 19 2 18 2 18 2 18 1 18 1 18 1 18 2 18 2 18 3 17 5 16 6 15 7 0 0 0 0 0 0 0 0 0 0 0 0 0 0 0 0 0 0 0 0 0 0 18 8 17 8 16 9 15 9 14 8 14 8 14 6 15 5 16 5 18 4 19 5 21 5 22 6 23 7 23 8 24 9 23 10 23 10 22 10 22 9 22 8 22 7 22 6 23 5 24 4 26 3 ]
CSI_DATA,PASSIVE,CE:B0:0F:77:01:9B,-49,11,0,0,0,0,0,0,0,0,0,-96,0,11,0,45234685,0,114,0,0,45.4351,128,[114 32 7 0 -28 -7 -29 -8 -28 -8 -28 -8 -27 -8 -26 -9 -25 -8 -24 -8 -22 -8 -22 -8 -21 -8 -21 -7 -20 -6 -19 -6 -19 -5 -18 -4 -18 -4 -18 -4 -19 -5 -19 -5 -19 -6 -18 -7 -17 -8 -16 -9 -15 -10 0 0 0 0 0 0 0 0 0 0 0 0 0 0 0 0 0 0 0 0 0 0 -18 -11 -16 -12 -15 -13 -14 -12 -14 -12 -13 -11 -14 -9 -15 -9 -16 -8 -18 -8 -20 -9 -21 -9 -22 -10 -23 -12 -23 -13 -23 -14 -22 -14 -22 -15 -21 -14 -21 -13 -21 -13 -21 -12 -22 -10 -23 -9 -24 -8 -25 -7 ]
CSI_DATA,PASSIVE,CE:B0:0F:77:01:9B,-49,11,0,0,0,0,0,0,0,0,0,-96,0,11,0,45235084,0,114,0,0,45.4412,128,[114 32 7 0 2 28 2 28 2 28 1 28 1 27 0 26 1 25 0 24 0 23 -1 22 -1 21 0 20 0 19 1 19 1 18 2 18 2 18 2 18 2 18 1 18 1 18 0 18 -2 18 -3 17 -4 16 0 0 0 0 0 0 0 0 0 0 0 0 0 0 0 0 0 0 0 0 0 0 -5 19 -7 18 -8 17 -8 16 -7 15 -6 15 -5 15 -4 16 -2 17 -2 18 -2 20 -3 22 -3 23 -5 24 -5 24 -6 25 -7 24 -7 25 -7 23 -6 23 -5 23 -4 23 -3 23 -2 24 0 24 1 25 ]
CSI_DATA,PASSIVE,CE:B0:0F:77:01:9B,-49,11,0,0,0,0,0,0,0,0,0,-96,0,11,0,45235411,0,114,0,0,45.4463,128,[114 32 7 0 0 -28 0 -30 0 -29 0 -29 1 -28 1 -27 1 -26 1 -25 1 -24 2 -23 1 -22 1 -21 0 -20 0 -19 0 -19 -1 -18 -1 -19 -1 -19 -1 -19 -1 -19 0 -19 1 -19 2 -18 4 -18 5 -17 0 0 0 0 0 0 0 0 0 0 0 0 0 0 0 0 0 0 0 0 0 0 6 -20 7 -19 8 -17 8 -17 7 -15 7 -15 5 -15 4 -16 3 -17 2 -19 2 -21 3 -22 4 -24 5 -25 6 -25 7 -25 8 -25 8 -24 9 -24 7 -23 7 -23 6 -23 4 -23 2 -24 1 -25 0 -26 ]
CSI_DATA,PASSIVE,CE:B0:0F:77:01:9B,-49,11,0,0,0,0,0,0,0,0,0,-96,0,11,0,45236245,0,114,0,0,45.4516,128,[114 32 7 0 -16 -23 -16 -25 -16 -25 -15 -25 -14 -24 -14 -23 -13 -23 -12 -22 -12 -20 -11 -20 -11 -19 -11 -18 -11 -17 -11 -16 -11 -16 -11 -15 -11 -15 -11 -15 -11 -15 -11 -16 -10 -17 -10 -16 -8 -17 -7 -17 -6 -17 0 0 0 0 0 0 0 0 0 0 0 0 0 0 0 0 0 0 0 0 0 0 -5 -20 -3 -20 -2 -19 -1 -19 -1 -17 -2 -17 -3 -16 -5 -16 -6 -17 -8 -17 -9 -19 -9 -21 -9 -22 -8 -24 -8 -25 -7 -25 -6 -26 -6 -25 -6 -25 -6 -24 -7 -23 -8 -22 -9 -22 -11 -22 -13 -22 -15 -22 ]
CSI_DATA,PASSIVE,CE:B0:0F:77:01:9B,-49,11,0,0,0,0,0,0,0,0,0,-96,0,11,0,45241576,0,114,0,0,45.4578,128,[114 32 7 0 22 -16 24 -17 22 -16 23 -16 23 -15 22 -14 21 -13 21 -13 18 -12 17 -12 16 -13 16 -12 15 -12 14 -11 14 -12 12 -12 13 -13 13 -12 13 -12 14 -12 14 -11 13 -11 14 -10 14 -9 15 -8 0 0 0 0 0 0 0 0 0 0 0 0 0 0 0 0 0 0 0 0 0 0 19 -4 20 -2 18 -1 18 -1 16 -1 16 -1 15 -2 16 -4 16 -5 16 -7 18 -8 20 -9 21 -9 23 -9 25 -8 24 -6 25 -6 24 -6 24 -6 23 -5 22 -6 22 -7 20 -9 20 -11 20 -13 21 -14 ]
CSI_DATA,PASSIVE,7C:21:4A:A1:EA:28,-37,11,0,0,0,0,0,0,0,0,0,-96,0,11,0,45253590,0,30,0,0,45.4633,128,[30 -32 1 0 23 9 24 9 24 9 24 9 24 8 23 8 23 7 22 7 23 7 23 7 22 7 21 7 22 6 22 7 22 6 22 7 22 7 20 7 20 7 19 7 19 7 18 8 17 8 16 8 16 8 0 0 0 0 0 0 0 0 0 0 0 0 0 0 0 0 0 0 0 0 0 0 18 4 18 5 19 5 18 6 19 6 19 7 20 7 20 8 22 8 21 9 21 10 21 11 21 11 22 11 21 10 22 10 21 10 22 10 22 10 23 10 22 10 23 9 23 10 23 10 25 10 25 9 ]
CSI_DATA,PASSIVE,7C:21:4A:A1:EA:28,-38,11,0,0,0,0,0,0,0,0,0,-96,0,11,0,45282648,0,30,0,0,45.4682,128,[30 -32 1 0 22 -13 22 -12 21 -12 21 -13 21 -13 20 -13 19 -13 19 -13 19 -14 18 -13 18 -14 18 -14 18 -13 17 -14 18 -13 18 -13 18 -12 18 -11 17 -12 17 -10 16 -10 16 -10 16 -9 16 -9 16 -8 0 0 0 0 0 0 0 0 0 0 0 0 0 0 0 0 0 0 0 0 0 0 14 -12 15 -11 16 -11 16 -11 17 -11 18 -11 19 -11 19 -11 20 -11 20 -11 20 -11 22 -10 20 -10 21 -10 22 -10 21 -10 20 -10 21 -11 21 -11 22 -11 21 -11 21 -12 21 -12 21 -13 22 -13 21 -13 ]
CSI_DATA,PASSIVE,7C:21:4A:A1:EA:28,-42,11,0,0,0,0,0,0,0,0,0,-96,0,11,0,45282819,0,30,0,0,45.4741,128,[30 -32 1 0 27 3 27 3 27 3 27 3 27 3 26 3 26 3 26 2 26 2 26 2 25 1 25 1 25 1 24 1 24 2 24 1 23 2 23 2 22 2 21 2 21 3 20 3 19 3 19 4 18 4 0 0 0 0 0 0 0 0 0 0 0 0 0 0 0 0 0 0 0 0 0 0 16 2 17 2 17 3 18 3 18 3 19 4 19 4 20 4 21 5 21 5 22 6 23 6 22 6 23 6 23 6 23 6 23 6 24 5 24 5 25 6 24 5 25 5 25 5 26 5 27 5 27 5 ]
CSI_DATA,PASSIVE,7C:21:4A:A1:EA:28,-38,11,0,0,0,0,0,0,0,0,0,-96,0,11,0,45283026,0,30,0,0,45.4789,128,[30 -32 1 0 -8 28 -8 28 -7 27 -7 27 -6 27 -6 26 -5 25 -5 25 -4 26 -4 25 -4 25 -4 25 -3 25 -3 25 -3 24 -3 25 -3 23 -4 23 -4 23 -4 22 -4 21 -4 21 -4 20 -5 20 -5 19 0 0 0 0 0 0 0 0 0 0 0 0 0 0 0 0 0 0 0 0 0 0 -5 20 -6 20 -7 20 -7 21 -8 21 -8 22 -9 23 -9 23 -10 24 -10 24 -11 24 -11 24 -11 24 -12 24 -11 24 -11 24 -10 24 -10 24 -9 25 -10 26 -8 25 -9 26 -9 26 -8 26 -8 27 -7 27 ]
CSI_DATA,PASSIVE,7C:21:4A:A1:EA:28,-38,11,0,0,0,0,0,0,0,0,0,-96,0,11,0,45322202,0,30,0,0,45.4885,128,[30 -32 1 0 -24 18 -22 18 -21 17 -21 18 -20 19 -20 18 -19 17 -19 18 -18 18 -18 19 -18 18 -17 18 -17 19 -16 18 -16 18 -17 18 -17 18 -16 17 -17 16 -16 15 -16 15 -15 14 -15 14 -15 13 -15 12 0 0 0 0 0 0 0 0 0 0 0 0 0 0 0 0 0 0 0 0 0 0 -16 14 -17 13 -18 14 -18 13 -18 13 -19 14 -20 14 -21 14 -22 14 -22 14 -23 14 -24 14 -23 14 -23 14 -23 14 -23 14 -22 15 -22 15 -23 15 -23 15 -22 16 -23 16 -22 16 -22 17 -22 18 -21 17 ]
CSI_DATA,PASSIVE,7C:21:4A:A1:EA:28,-37,11,0,0,0,0,0,0,0,0,0,-96,0,11,0,45347717,0,30,0,0,45.5139,128,[30 -32 1 0 5 -30 4 -30 4 -28 4 -29 3 -28 3 -28 2 -27 2 -27 2 -27 1 -27 1 -27 0 -27 0 -27 1 -25 0 -26 1 -26 1 -26 1 -25 2 -25 2 -24 2 -23 2 -22 2 -22 3 -21 3 -21 0 0 0 0 0 0 0 0 0 0 0 0 0 0 0 0 0 0 0 0 0 0 1 -21 2 -22 3 -22 4 -23 4 -23 4 -24 5 -24 5 -25 6 -26 6 -26 7 -26 7 -27 7 -26 8 -27 8 -26 7 -27 7 -27 6 -27 7 -27 7 -28 6 -27 6 -28 6 -27 4 -28 5 -29 4 -29 ]
CSI_DATA,PASSIVE,7C:21:4A:A1:EA:28,-38,11,0,0,0,0,0,0,0,0,0,-96,0,11,0,45390775,0,30,0,0,45.5571,128,[30 -32 1 0 -19 -23 -18 -21 -17 -22 -18 -22 -17 -21 -18 -21 -17 -20 -18 -19 -17 -19 -18 -19 -18 -18 -18 -18 -18 -18 -18 -18 -18 -17 -18 -18 -17 -18 -16 -17 -16 -18 -16 -17 -14 -17 -14 -16 -14 -16 -13 -16 -12 -16 0 0 0 0 0 0 0 0 0 0 0 0 0 0 0 0 0 0 0 0 0 0 -13 -16 -13 -17 -13 -18 -13 -18 -13 -19 -13 -19 -14 -20 -14 -21 -14 -22 -14 -22 -13 -22 -13 -23 -13 -22 -13 -24 -13 -23 -13 -23 -13 -23 -14 -22 -15 -23 -15 -23 -16 -22 -15 -23 -16 -21 -16 -22 -16 -22 -17 -23 ]
CSI_DATA,PASSIVE,7C:21:4A:A1:EA:28,-42,11,0,0,0,0,0,0,0,0,0,-96,0,11,0,45390974,0,30,0,0,45.5636,128,[30 -32 1 0 13 -20 13 -21 12 -20 12 -21 12 -21 12 -21 11 -20 11 -20 11 -20 11 -20 10 -20 10 -19 10 -20 10 -19 10 -18 10 -18 10 -18 10 -17 10 -17 10 -16 10 -15 10 -14 10 -14 10 -14 10 -13 0 0 0 0 0 0 0 0 0 0 0 0 0 0 0 0 0 0 0 0 0 0 7 -15 7 -15 8 -15 8 -15 9 -15 9 -16 9 -16 10 -17 11 -17 11 -17 12 -17 12 -18 12 -17 13 -18 12 -18 13 -18 13 -18 12 -18 13 -19 13 -19 12 -19 13 -19 12 -19 13 -20 13 -21 13 -22 ]
CSI_DATA,PASSIVE,7C:21:4A:A1:EA:28,-38,11,0,0,0,0,0,0,0,0,0,-96,0,11,0,45391155,0,30,0,0,45.5693,128,[30 -32 1 0 -32 -9 -30 -7 -29 -9 -29 -8 -29 -8 -29 -7 -28 -7 -28 -7 -29 -6 -28 -5 -28 -4 -28 -4 -28 -5 -27 -4 -27 -5 -28 -4 -26 -5 -26 -5 -25 -5 -24 -6 -23 -6 -23 -6 -22 -6 -21 -6 -21 -7 0 0 0 0 0 0 0 0 0 0 0 0 0 0 0 0 0 0 0 0 0 0 -23 -5 -23 -6 -24 -6 -23 -7 -24 -7 -25 -8 -26 -9 -26 -9 -26 -10 -27 -10 -26 -11 -28 -11 -27 -11 -27 -11 -27 -11 -28 -11 -26 -11 -28 -10 -28 -10 -29 -11 -28 -9 -28 -10 -29 -9 -29 -8 -30 -9 -29 -9 ]
CSI_DATA,PASSIVE,7C:21:4A:A1:EA:28,-42,11,0,0,0,0,0,0,0,0,0,-96,0,11,0,45391354,0,30,0,0,45.5753,128,[30 -32 1 0 3 27 3 26 3 26 4 26 4 26 3 26 4 25 4 24 4 24 4 24 5 23 4 23 4 23 4 23 4 22 4 22 4 21 2 20 2 21 3 20 2 19 2 19 1 18 1 18 0 17 0 0 0 0 0 0 0 0 0 0 0 0 0 0 0 0 0 0 0 0 0 0 3 17 3 17 2 18 2 18 2 19 2 19 1 20 2 21 1 22 1 22 1 23 1 24 1 23 0 24 0 23 0 25 1 23 1 24 1 25 1 25 2 25 2 25 2 25 2 25 2 26 2 26 ]
CSI_DATA,PASSIVE,7C:21:4A:A1:EA:28,-38,11,0,0,0,0,0,0,0,0,0,-96,0,11,0,45391524,0,30,0,0,45.5801,128,[30 -32 1 0 7 -24 7 -23 7 -23 8 -24 7 -23 6 -23 6 -23 6 -22 5 -22 4 -23 4 -22 4 -22 4 -22 4 -22 4 -21 5 -21 5 -21 5 -20 6 -20 5 -19 6 -19 5 -18 5 -18 5 -17 6 -17 0 0 0 0 0 0 0 0 0 0 0 0 0 0 0 0 0 0 0 0 0 0 4 -18 5 -18 5 -18 6 -18 6 -19 6 -19 8 -19 8 -20 8 -21 8 -21 9 -21 10 -21 9 -21 9 -22 10 -21 10 -22 8 -21 9 -21 9 -22 9 -22 9 -21 9 -22 8 -22 8 -23 8 -24 9 -24 ]
CSI_DATA,PASSIVE,7C:21:4A:A1:EA:28,-42,11,0,0,0,0,0,0,0,0,0,-96,0,11,0,45391695,0,30,0,0,45.5854,128,[30 -32 1 0 8 -23 8 -24 7 -23 7 -24 7 -24 7 -23 6 -23 6 -22 6 -22 5 -23 5 -22 5 -22 5 -22 5 -21 5 -21 5 -20 5 -21 5 -19 5 -19 5 -18 5 -18 5 -17 6 -16 6 -16 6 -15 0 0 0 0 0 0 0 0 0 0 0 0 0 0 0 0 0 0 0 0 0 0 4 -15 4 -16 5 -16 5 -17 6 -17 6 -18 6 -18 6 -18 7 -19 7 -19 8 -20 8 -21 8 -20 8 -20 8 -20 9 -21 8 -21 8 -21 9 -22 8 -22 8 -22 8 -22 8 -22 8 -23 8 -24 7 -24 ]
CSI_DATA,PASSIVE,7C:21:4A:A1:EA:28,-38,11,0,0,0,0,0,0,0,0,0,-96,0,11,0,45391911,0,30,0,0,45.5907,128,[30 -32 1 0 5 26 4 26 5 26 5 26 5 25 6 25 6 25 6 24 5 25 6 24 6 24 6 23 6 23 7 23 6 23 6 23 5 22 5 22 5 22 3 21 3 20 2 21 2 20 1 20 1 18 0 0 0 0 0 0 0 0 0 0 0 0 0 0 0 0 0 0 0 0 0 0 7 18 6 19 6 20 6 20 6 20 5 21 5 23 5 23 5 24 3 24 3 25 3 25 2 25 2 26 3 25 3 26 3 25 3 25 3 25 4 26 5 25 5 26 4 26 4 27 4 28 6 26 ]
CSI_DATA,PASSIVE,7C:21:4A:A1:EA:28,-42,11,0,0,0,0,0,0,0,0,0,-96,0,11,0,45392100,0,30,0,0,45.5955,128,[30 -32 1 0 -17 -20 -17 -20 -15 -19 -16 -19 -16 -18 -16 -19 -16 -18 -16 -18 -16 -17 -16 -17 -16 -17 -16 -16 -16 -16 -15 -15 -15 -16 -15 -15 -15 -16 -14 -16 -13 -15 -13 -15 -12 -15 -12 -14 -11 -14 -11 -14 -10 -14 0 0 0 0 0 0 0 0 0 0 0 0 0 0 0 0 0 0 0 0 0 0 -11 -12 -11 -13 -11 -13 -11 -14 -11 -14 -12 -15 -12 -15 -12 -16 -12 -17 -12 -17 -13 -17 -13 -18 -13 -18 -13 -19 -13 -19 -13 -19 -13 -19 -13 -18 -14 -19 -14 -19 -14 -19 -14 -19 -14 -18 -15 -19 -16 -19 -16 -19 ]
CSI_DATA,PASSIVE,7C:21:4A:A1:EA:28,-38,11,0,0,0,0,0,0,0,0,0,-96,0,11,0,45392280,0,30,0,0,45.6019,128,[30 -32 1 0 17 -18 16 -18 16 -18 16 -18 16 -18 15 -18 15 -18 14 -18 13 -18 14 -18 13 -18 13 -18 13 -18 13 -18 13 -17 13 -18 13 -17 12 -16 13 -16 12 -16 12 -15 12 -14 12 -13 12 -12 12 -12 0 0 0 0 0 0 0 0 0 0 0 0 0 0 0 0 0 0 0 0 0 0 11 -14 11 -14 13 -15 13 -14 13 -15 14 -15 14 -15 15 -15 16 -15 16 -16 17 -15 18 -16 17 -15 18 -15 18 -15 18 -15 17 -15 17 -15 17 -16 17 -16 16 -16 16 -18 16 -17 17 -18 18 -18 16 -18 ]
CSI_DATA,PASSIVE,7C:21:4A:A1:EA:28,-42,11,0,0,0,0,0,0,0,0,0,-96,0,11,0,45392461,0,30,0,0,45.6078,128,[30 -32 1 0 -16 -21 -15 -20 -14 -20 -15 -20 -15 -20 -15 -19 -15 -19 -15 -19 -15 -19 -15 -18 -15 -18 -15 -17 -15 -17 -14 -17 -14 -17 -14 -17 -13 -16 -13 -16 -12 -16 -12 -16 -11 -15 -11 -15 -10 -15 -9 -15 -9 -14 0 0 0 0 0 0 0 0 0 0 0 0 0 0 0 0 0 0 0 0 0 0 -10 -12 -10 -13 -11 -14 -10 -14 -10 -15 -11 -15 -11 -16 -11 -16 -11 -17 -11 -18 -11 -18 -11 -19 -11 -18 -12 -19 -12 -19 -12 -20 -12 -19 -13 -19 -13 -20 -13 -20 -13 -19 -13 -20 -13 -20 -14 -20 -14 -20 -14 -20 ]
CSI_DATA,PASSIVE,7C:21:4A:A1:EA:28,-38,11,0,0,0,0,0,0,0,0,0,-96,0,11,0,45417687,0,30,0,0,45.6141,128,[30 -32 1 0 -1 -29 -1 -29 -1 -27 -1 -28 -2 -28 -1 -27 -1 -26 -2 -26 -3 -26 -4 -26 -4 -26 -4 -25 -4 -25 -4 -24 -4 -25 -3 -24 -3 -24 -2 -24 -2 -23 -2 -23 -1 -22 -1 -21 -1 -20 0 -20 0 -20 0 0 0 0 0 0 0 0 0 0 0 0 0 0 0 0 0 0 0 0 0 0 -3 -21 -2 -22 -2 -23 -1 -23 -1 -22 0 -24 0 -24 0 -25 1 -26 1 -26 1 -26 2 -27 2 -26 1 -26 2 -26 2 -27 2 -26 1 -26 1 -27 2 -28 1 -27 0 -27 0 -27 0 -28 -1 -28 -2 -28 ]
CSI_DATA,PASSIVE,7C:21:4A:A1:EA:28,-43,11,0,0,0,0,0,0,0,0,0,-96,0,11,0,45417886,0,30,0,0,45.6197,128,[30 -32 1 0 -23 13 -23 12 -22 12 -23 12 -22 12 -22 12 -21 12 -21 12 -21 12 -20 12 -20 13 -20 13 -20 13 -19 12 -19 12 -19 12 -19 11 -19 11 -18 10 -18 10 -17 9 -17 9 -16 8 -17 8 -16 7 0 0 0 0 0 0 0 0 0 0 0 0 0 0 0 0 0 0 0 0 0 0 -14 8 -15 7 -15 7 -16 7 -16 7 -17 8 -18 7 -18 8 -19 8 -19 8 -20 8 -21 8 -20 8 -21 8 -21 8 -22 8 -21 8 -21 9 -22 9 -22 9 -22 10 -22 10 -21 10 -22 11 -23 11 -23 11 ]
CSI_DATA,PASSIVE,7C:21:4A:A1:EA:28,-43,11,0,0,0,0,0,0,0,0,0,-96,0,11,0,45419372,0,30,0,0,45.6253,128,[30 -32 1 0 -12 21 -13 22 -12 21 -12 22 -11 22 -12 22 -11 21 -11 21 -10 20 -11 21 -10 21 -10 20 -10 20 -10 19 -10 19 -10 19 -10 19 -10 18 -10 17 -10 17 -10 16 -10 15 -10 14 -10 14 -10 13 0 0 0 0 0 0 0 0 0 0 0 0 0 0 0 0 0 0 0 0 0 0 -6 14 -6 15 -7 15 -8 15 -8 15 -9 16 -9 17 -9 17 -10 18 -10 17 -11 18 -12 19 -11 18 -12 19 -12 19 -12 19 -12 19 -11 19 -12 21 -12 20 -12 20 -12 20 -11 20 -12 21 -12 22 -12 23 ]
CSI_DATA,PASSIVE,7C:21:4A:A1:EA:28,-38,11,0,0,0,0,0,0,0,0,0,-96,0,11,0,45458590,0,30,0,0,45.6311,128,[30 -32 1 0 -20 -9 -21 -8 -19 -8 -20 -8 -20 -7 -20 -8 -19 -7 -19 -7 -19 -7 -20 -6 -19 -6 -19 -6 -19 -5 -18 -5 -19 -6 -18 -5 -18 -6 -18 -5 -17 -7 -17 -6 -16 -6 -16 -6 -15 -6 -15 -6 -14 -7 0 0 0 0 0 0 0 0 0 0 0 0 0 0 0 0 0 0 0 0 0 0 -14 -5 -15 -6 -15 -7 -15 -7 -15 -7 -16 -8 -16 -8 -16 -8 -17 -9 -17 -9 -17 -9 -17 -10 -17 -10 -17 -10 -17 -10 -17 -10 -17 -10 -18 -10 -18 -10 -18 -10 -18 -9 -18 -9 -18 -9 -19 -9 -20 -9 -20 -9 ]
CSI_DATA,PASSIVE,7C:21:4A:A1:EA:28,-37,11,0,0,0,0,0,0,0,0,0,-96,0,11,0,45466208,0,30,0,0,45.6371,128,[30 -32 1 0 24 -9 24 -10 23 -9 23 -9 22 -11 22 -10 21 -10 20 -10 20 -11 21 -11 20 -11 20 -11 20 -12 20 -11 19 -11 19 -11 19 -11 19 -10 19 -9 18 -9 17 -9 17 -9 17 -8 16 -8 16 -7 0 0 0 0 0 0 0 0 0 0 0 0 0 0 0 0 0 0 0 0 0 0 16 -7 18 -7 18 -7 19 -7 18 -6 19 -6 20 -6 21 -6 22 -6 21 -6 22 -6 23 -6 22 -6 23 -6 23 -5 23 -6 22 -6 23 -6 23 -7 24 -7 23 -8 23 -8 22 -8 23 -9 24 -9 23 -9 ]
CSI_DATA,PASSIVE,7C:21:4A:A1:EA:28,-41,11,0,0,0,0,0,0,0,0,0,-96,0,11,0,45526620,0,30,0,0,45.6929,128,[30 -32 1 0 17 -105 14 -103 -2 -92 -12 -115 10 -86 6 -74 13 -63 4 -80 5 -75 10 -91 0 -86 -3 -79 -7 -91 7 -79 -17 -112 -13 -98 10 -80 -5 -92 12 -62 10 -67 11 -57 7 -48 -4 -78 19 -40 7 -55 0 0 0 0 0 0 0 0 0 0 0 0 0 0 0 0 0 0 0 0 0 0 -5 -32 -9 -37 18 -60 34 -57 8 -69 7 -52 18 -67 0 -57 5 -75 10 -69 26 -80 43 -87 17 -88 10 -69 21 -73 34 -85 17 -88 29 -69 24 -66 6 -76 20 -52 23 -71 13 -80 23 -79 10 -103 13 -93 ]
CSI_DATA,PASSIVE,7C:21:4A:A1:EA:28,-44,11,0,0,0,0,0,0,0,0,0,-96,0,11,0,45526791,0,30,0,0,45.6987,128,[30 -32 1 0 11 24 11 22 11 23 11 22 12 22 11 22 11 21 11 21 12 21 11 20 11 20 10 20 11 19 11 19 10 19 11 19 10 19 10 18 9 18 8 17 8 17 7 17 7 16 6 16 6 16 0 0 0 0 0 0 0 0 0 0 0 0 0 0 0 0 0 0 0 0 0 0 7 13 7 14 7 15 7 15 7 16 7 16 7 17 7 17 8 18 7 19 7 20 7 20 8 20 8 20 8 20 8 21 8 21 9 21 8 21 9 22 9 21 9 22 9 22 10 22 10 23 11 22 ]
CSI_DATA,PASSIVE,7C:21:4A:A1:EA:28,-37,11,0,0,0,0,0,0,0,0,0,-96,0,11,0,45545117,0,30,0,0,45.7114,128,[30 -32 1 0 -27 -11 -25 -9 -25 -10 -25 -10 -25 -9 -25 -9 -23 -9 -24 -8 -24 -8 -24 -8 -24 -8 -24 -7 -24 -7 -23 -7 -23 -7 -23 -7 -22 -8 -22 -8 -21 -9 -21 -9 -20 -9 -19 -9 -18 -9 -18 -9 -17 -10 0 0 0 0 0 0 0 0 0 0 0 0 0 0 0 0 0 0 0 0 0 0 -19 -5 -20 -6 -20 -7 -20 -7 -20 -8 -21 -9 -21 -9 -22 -9 -22 -10 -22 -10 -23 -11 -23 -12 -22 -12 -23 -12 -23 -12 -23 -12 -23 -11 -23 -11 -23 -11 -24 -12 -23 -11 -24 -11 -23 -11 -25 -10 -25 -11 -26 -10 ]
CSI_DATA,PASSIVE,7C:21:4A:A1:EA:28,-38,11,0,0,0,0,0,0,0,0,0,-96,0,11,0,45564985,0,30,0,0,45.7312,128,[30 -32 1 0 28 7 27 6 26 6 27 6 26 5 27 5 26 4 25 4 26 4 25 3 25 3 24 3 25 2 25 3 24 3 25 3 24 4 23 3 23 4 22 4 21 4 21 4 19 5 19 5 20 5 0 0 0 0 0 0 0 0 0 0 0 0 0 0 0 0 0 0 0 0 0 0 20 3 20 4 20 4 20 4 21 5 22 5 22 6 23 6 24 7 24 8 24 8 25 9 24 8 24 9 24 9 25 9 24 8 25 8 26 8 26 8 25 7 26 7 26 7 27 7 27 7 27 6 ]
CSI_DATA,PASSIVE,7C:21:4A:A1:EA:28,-38,11,0,0,0,0,0,0,0,0,0,-96,0,11,0,45568468,0,30,0,0,45.7361,128,[30 -32 1 0 5 20 5 20 5 20 5 20 6 20 5 19 6 19 5 18 6 19 6 19 7 18 6 18 6 18 6 17 6 17 6 18 6 18 5 17 5 17 4 16 4 16 4 15 3 15 3 15 2 15 0 0 0 0 0 0 0 0 0 0 0 0 0 0 0 0 0 0 0 0 0 0 5 14 5 15 5 14 5 15 5 15 5 16 4 17 4 18 4 18 3 18 3 19 3 19 3 18 3 19 3 19 3 19 3 19 3 19 4 20 4 20 4 20 4 19 4 19 5 20 5 21 5 21 ]
CSI_DATA,PASSIVE,CE:B0:0F:77:01:9B,-49,11,0,0,0,0,0,0,0,0,0,-96,0,11,0,45572448,0,139,0,0,45.7409,128,[-117 -80 8 0 8 28 9 28 8 27 9 26 9 26 8 25 9 24 8 24 8 23 7 22 7 22 6 22 6 20 6 19 5 19 6 18 6 17 6 17 6 16 6 16 6 16 6 17 4 17 3 17 2 17 0 0 0 0 0 0 0 0 0 0 0 0 0 0 0 0 0 0 0 0 0 0 1 20 -1 19 -1 19 -2 18 -1 18 -1 18 0 18 1 18 2 19 3 20 3 22 3 23 2 24 2 25 1 25 1 26 0 26 1 26 1 25 1 25 3 25 4 25 5 25 6 26 7 26 7 27 ]
CSI_DATA,PASSIVE,7C:21:4A:A1:EA:28,-37,11,0,0,0,0,0,0,0,0,0,-96,0,11,0,45584423,0,30,0,0,45.7507,128,[30 -32 1 0 -28 13 -26 13 -26 13 -26 12 -26 14 -25 13 -24 13 -23 13 -24 13 -24 14 -23 14 -23 13 -23 14 -22 13 -22 13 -22 13 -22 12 -22 12 -21 11 -21 10 -21 10 -20 9 -20 9 -20 8 -19 7 0 0 0 0 0 0 0 0 0 0 0 0 0 0 0 0 0 0 0 0 0 0 -18 11 -18 11 -20 11 -20 11 -20 11 -21 10 -22 11 -23 11 -24 11 -24 10 -25 10 -26 10 -25 10 -26 10 -26 10 -26 9 -25 10 -26 10 -26 11 -26 11 -25 11 -25 12 -26 11 -26 13 -26 13 -26 13 ]
CSI_DATA,PASSIVE,7C:21:4A:A1:EA:28,-43,11,0,0,0,0,0,0,0,0,0,-96,0,11,0,45584595,0,30,0,0,45.7566,128,[30 -32 1 0 -26 -5 -25 -5 -25 -6 -26 -5 -25 -4 -25 -4 -24 -4 -24 -4 -24 -4 -24 -4 -24 -4 -23 -4 -23 -3 -22 -3 -22 -3 -22 -3 -22 -3 -21 -3 -20 -4 -20 -4 -19 -4 -18 -4 -18 -5 -17 -5 -16 -6 0 0 0 0 0 0 0 0 0 0 0 0 0 0 0 0 0 0 0 0 0 0 -16 -3 -16 -3 -17 -4 -17 -4 -17 -4 -18 -4 -19 -5 -19 -5 -20 -5 -20 -6 -20 -7 -22 -7 -21 -7 -22 -7 -22 -7 -22 -7 -22 -7 -22 -7 -23 -7 -24 -7 -23 -6 -24 -6 -23 -6 -24 -6 -25 -7 -25 -7 ]
CSI_DATA,PASSIVE,7C:21:4A:A1:EA:28,-37,11,0,0,0,0,0,0,0,0,0,-96,0,11,0,45584802,0,30,0,0,45.7625,128,[30 -32 1 0 -4 -31 -4 -29 -4 -30 -4 -29 -5 -28 -5 -28 -5 -27 -6 -26 -5 -27 -6 -27 -6 -26 -5 -26 -6 -25 -6 -26 -6 -26 -6 -26 -5 -25 -5 -24 -5 -25 -4 -24 -4 -23 -3 -23 -2 -22 -2 -21 -2 -20 0 0 0 0 0 0 0 0 0 0 0 0 0 0 0 0 0 0 0 0 0 0 -4 -22 -4 -21 -4 -23 -3 -23 -3 -23 -3 -24 -3 -25 -2 -26 -2 -27 -1 -27 0 -27 0 -28 0 -27 0 -28 0 -27 -1 -28 -1 -27 -2 -28 -2 -28 -2 -28 -2 -28 -3 -29 -3 -29 -3 -29 -3 -30 -3 -28 ]
CSI_DATA,PASSIVE,7C:21:4A:A1:EA:28,-43,11,0,0,0,0,0,0,0,0,0,-96,0,11,0,45584973,0,30,0,0,45.7682,128,[30 -32 1 0 -14 25 -14 25 -13 23 -13 25 -12 25 -13 24 -12 24 -12 23 -11 23 -12 23 -12 23 -11 23 -11 23 -10 21 -11 22 -10 21 -11 21 -10 20 -10 20 -10 19 -11 18 -10 17 -11 16 -11 16 -11 15 0 0 0 0 0 0 0 0 0 0 0 0 0 0 0 0 0 0 0 0 0 0 -7 15 -8 16 -9 15 -10 16 -9 16 -10 17 -10 17 -10 18 -11 19 -12 18 -13 19 -14 20 -13 19 -14 20 -14 21 -14 20 -14 21 -13 20 -14 22 -14 22 -13 22 -13 22 -13 22 -14 23 -15 23 -14 24 ]
CSI_DATA,PASSIVE,7C:21:4A:A1:EA:28,-37,11,0,0,0,0,0,0,0,0,0,-96,0,11,0,45585144,0,30,0,0,45.774,128,[30 -32 1 0 16 -25 15 -25 15 -23 15 -25 13 -25 13 -24 13 -24 12 -24 12 -24 12 -24 12 -24 11 -23 11 -24 11 -23 11 -23 11 -23 12 -23 10 -22 11 -22 11 -21 11 -20 10 -19 11 -19 11 -18 11 -17 0 0 0 0 0 0 0 0 0 0 0 0 0 0 0 0 0 0 0 0 0 0 10 -19 11 -19 11 -20 12 -19 13 -19 13 -20 13 -21 14 -21 15 -21 15 -21 17 -20 17 -22 17 -21 18 -21 17 -21 17 -22 17 -21 16 -22 17 -23 16 -23 15 -23 16 -24 15 -23 16 -24 16 -24 15 -25 ]
CSI_DATA,PASSIVE,7C:21:4A:A1:EA:28,-43,11,0,0,0,0,0,0,0,0,0,-96,0,11,0,45585333,0,30,0,0,45.7799,128,[30 -32 1 0 -11 26 -11 26 -11 24 -10 26 -10 26 -10 25 -9 25 -9 24 -9 24 -9 24 -9 24 -9 23 -9 24 -8 22 -9 23 -8 22 -8 22 -8 21 -8 21 -8 20 -8 19 -8 18 -9 17 -9 17 -9 16 0 0 0 0 0 0 0 0 0 0 0 0 0 0 0 0 0 0 0 0 0 0 -6 15 -7 16 -7 16 -8 17 -8 16 -8 18 -9 18 -9 19 -10 19 -9 19 -11 20 -12 21 -11 20 -12 21 -12 22 -12 21 -12 22 -11 21 -12 23 -12 23 -11 23 -11 23 -11 23 -11 24 -12 25 -11 25 ]
CSI_DATA,PASSIVE,7C:21:4A:A1:EA:28,-37,11,0,0,0,0,0,0,0,0,0,-96,0,11,0,45585504,0,30,0,0,45.7854,128,[30 -32 1 0 -10 27 -10 27 -9 26 -9 26 -8 27 -8 26 -7 26 -7 25 -6 26 -6 25 -7 25 -6 25 -5 25 -5 24 -5 24 -5 25 -6 23 -5 23 -6 23 -6 22 -6 21 -6 20 -6 20 -7 19 -7 19 0 0 0 0 0 0 0 0 0 0 0 0 0 0 0 0 0 0 0 0 0 0 -7 20 -7 20 -8 21 -8 21 -9 21 -9 21 -10 22 -10 23 -11 24 -11 23 -13 23 -13 24 -13 23 -13 24 -13 23 -13 24 -12 23 -12 25 -11 25 -12 25 -11 25 -11 26 -11 25 -11 26 -10 27 -10 27 ]
CSI_DATA,PASSIVE,7C:21:4A:A1:EA:28,-43,11,0,0,0,0,0,0,0,0,0,-96,0,11,0,45585693,0,30,0,0,45.7909,128,[30 -32 1 0 -1 28 -1 27 -2 27 -1 27 -1 27 -1 27 -1 26 -1 26 -1 26 -1 26 0 25 0 24 0 24 0 24 -1 23 -1 23 -1 23 -1 22 -2 22 -2 21 -2 20 -3 19 -3 19 -4 19 -4 18 0 0 0 0 0 0 0 0 0 0 0 0 0 0 0 0 0 0 0 0 0 0 1 16 0 17 0 17 -1 18 -1 18 -1 19 -1 20 -1 20 -1 21 -1 21 -2 22 -2 24 -3 23 -3 24 -3 24 -3 24 -3 24 -2 24 -2 25 -3 26 -2 25 -2 26 -2 25 -2 26 -2 27 -2 27 ]
CSI_DATA,PASSIVE,7C:21:4A:A1:EA:28,-37,11,0,0,0,0,0,0,0,0,0,-96,0,11,0,45585900,0,30,0,0,45.7962,128,[30 -32 1 0 -27 -5 -26 -4 -25 -5 -25 -4 -25 -4 -25 -4 -24 -4 -24 -3 -24 -3 -24 -2 -24 -2 -23 -2 -23 -1 -23 -2 -23 -2 -23 -2 -22 -2 -21 -3 -22 -3 -20 -4 -20 -3 -19 -3 -19 -3 -18 -4 -18 -4 0 0 0 0 0 0 0 0 0 0 0 0 0 0 0 0 0 0 0 0 0 0 -19 -2 -20 -2 -21 -3 -20 -3 -21 -3 -21 -4 -22 -4 -23 -5 -23 -5 -23 -6 -24 -6 -24 -6 -23 -6 -24 -6 -24 -7 -24 -7 -24 -6 -24 -6 -24 -6 -25 -6 -24 -6 -24 -6 -25 -6 -25 -5 -27 -5 -26 -4 ]
CSI_DATA,PASSIVE,7C:21:4A:A1:EA:28,-43,11,0,0,0,0,0,0,0,0,0,-96,0,11,0,45586098,0,30,0,0,45.802,128,[30 -32 1 0 17 18 17 17 17 16 17 16 17 16 17 16 17 16 16 15 17 15 17 15 16 15 16 14 16 15 15 14 15 14 15 14 15 14 14 14 14 13 13 13 12 13 11 13 11 13 10 13 9 13 0 0 0 0 0 0 0 0 0 0 0 0 0 0 0 0 0 0 0 0 0 0 11 9 11 10 11 10 11 11 11 11 12 12 12 12 13 13 13 14 13 14 13 15 14 16 13 15 14 16 14 16 14 17 14 16 15 16 15 16 15 17 15 16 16 17 15 16 16 17 17 17 17 16 ]
CSI_DATA,PASSIVE,CE:B0:0F:77:01:9B,-50,11,0,0,0,0,0,0,0,0,0,-96,0,11,0,45626665,0,139,0,0,45.8073,128,[-117 -80 8 0 3 30 3 30 2 28 2 28 2 27 2 26 2 25 2 25 2 23 2 23 2 22 2 22 2 22 2 20 2 20 2 19 2 19 2 18 2 18 1 18 1 18 1 18 0 18 -2 17 -3 17 0 0 0 0 0 0 0 0 0 0 0 0 0 0 0 0 0 0 0 0 0 0 -3 19 -5 18 -5 17 -5 16 -4 16 -3 15 -2 16 -1 17 0 18 1 20 1 22 0 23 -1 25 -2 25 -3 26 -4 25 -5 25 -5 24 -4 24 -3 24 -2 24 0 24 1 24 2 26 3 27 3 28 ]
CSI_DATA,PASSIVE,CE:B0:0F:77:01:9B,-50,11,0,0,0,0,0,0,0,0,0,-96,0,11,0,45627145,0,139,0,0,45.8123,128,[-117 -80 8 0 1 -30 1 -30 1 -30 1 -29 2 -28 1 -27 1 -27 1 -25 1 -25 1 -24 1 -23 1 -23 1 -22 1 -21 1 -21 1 -20 1 -19 1 -19 1 -19 1 -19 1 -19 2 -19 3 -18 4 -18 6 -17 0 0 0 0 0 0 0 0 0 0 0 0 0 0 0 0 0 0 0 0 0 0 4 -20 5 -19 6 -18 5 -17 5 -16 4 -16 2 -17 1 -17 1 -19 0 -21 1 -23 2 -24 3 -25 4 -26 5 -26 6 -25 7 -25 6 -25 6 -24 5 -24 4 -24 3 -25 2 -26 1 -27 0 -28 -1 -30 ]
CSI_DATA,PASSIVE,CE:B0:0F:77:01:9B,-50,11,0,0,0,0,0,0,0,0,0,-96,0,11,0,45627931,0,139,0,0,45.8177,128,[-117 -80 8 0 -8 29 -8 28 -8 27 -8 26 -7 26 -8 25 -7 25 -7 24 -6 23 -6 23 -6 22 -6 22 -6 21 -6 20 -6 19 -5 19 -5 18 -5 18 -5 17 -5 17 -5 17 -6 17 -6 17 -8 16 -9 15 0 0 0 0 0 0 0 0 0 0 0 0 0 0 0 0 0 0 0 0 0 0 -10 16 -11 15 -11 14 -11 13 -10 13 -9 13 -8 14 -8 15 -7 17 -7 19 -8 20 -9 21 -10 22 -11 22 -13 22 -13 22 -13 22 -13 21 -12 21 -12 21 -11 22 -10 23 -9 24 -8 25 -8 26 -8 26 ]
CSI_DATA,PASSIVE,CE:B0:0F:77:01:9B,-50,11,0,0,0,0,0,0,0,0,0,-96,0,11,0,45628429,0,139,0,0,45.8232,128,[-117 -80 8 0 23 18 22 18 22 18 21 17 21 17 20 17 20 15 19 16 19 15 18 14 17 14 17 14 16 14 15 13 15 13 14 12 14 11 14 11 14 11 13 11 14 11 13 12 13 12 12 13 10 14 0 0 0 0 0 0 0 0 0 0 0 0 0 0 0 0 0 0 0 0 0 0 12 15 10 15 9 15 8 14 8 14 9 13 10 13 11 13 13 13 14 13 15 15 16 16 16 17 16 18 16 19 15 20 15 20 15 20 15 19 15 19 16 18 17 17 19 17 20 17 21 17 21 17 ]
CSI_DATA,PASSIVE,CE:B0:0F:77:01:9B,-50,11,0,0,0,0,0,0,0,0,0,-96,0,11,0,45628972,0,139,0,0,45.8285,128,[-117 -80 8 0 15 23 15 24 14 24 14 24 14 23 13 22 13 21 12 21 12 20 12 20 11 19 10 19 10 18 9 18 9 17 8 16 9 16 8 15 9 15 9 15 8 15 7 15 7 16 6 16 4 17 0 0 0 0 0 0 0 0 0 0 0 0 0 0 0 0 0 0 0 0 0 0 7 17 5 17 4 17 4 16 4 15 4 15 5 15 7 15 8 16 9 17 10 18 10 19 10 21 9 22 9 23 8 23 7 23 8 23 8 23 8 23 9 22 10 22 11 22 13 23 14 23 15 24 ]
CSI_DATA,PASSIVE,CE:B0:0F:77:01:9B,-49,11,0,0,0,0,0,0,0,0,0,-96,0,11,0,45630337,0,139,0,0,45.8336,128,[-117 -80 8 0 -6 25 -6 25 -6 25 -6 24 -6 24 -6 23 -6 23 -6 22 -6 22 -6 21 -6 20 -7 19 -7 18 -7 18 -6 17 -6 16 -6 15 -5 15 -5 15 -5 15 -5 15 -6 15 -7 15 -8 14 -9 13 0 0 0 0 0 0 0 0 0 0 0 0 0 0 0 0 0 0 0 0 0 0 -6 16 -7 16 -8 15 -8 14 -8 14 -7 14 -6 14 -6 15 -5 16 -5 17 -6 19 -6 20 -7 20 -8 21 -9 21 -10 21 -10 21 -10 21 -10 20 -9 22 -9 22 -8 22 -8 23 -7 24 -6 25 -5 25 ]
CSI_DATA,PASSIVE,CE:B0:0F:77:01:9B,-48,11,0,0,0,0,0,0,0,0,0,-96,0,11,0,45637204,0,139,0,0,45.8389,128,[-117 -80 8 0 29 -2 29 -2 28 -2 28 -2 27 -2 26 -2 26 -2 25 -1 24 -2 24 -2 23 -1 22 -1 22 0 21 0 20 0 19 0 19 0 18 0 17 0 17 0 17 0 17 1 17 1 17 2 16 4 0 0 0 0 0 0 0 0 0 0 0 0 0 0 0 0 0 0 0 0 0 0 20 0 20 1 19 2 19 2 18 2 18 1 18 1 19 0 20 -1 21 -1 23 -1 24 0 25 0 26 1 26 2 26 3 26 3 26 3 26 3 26 2 26 2 26 1 27 0 28 -1 29 -2 29 -2 ]
CSI_DATA,PASSIVE,CE:B0:0F:77:01:9B,-48,11,0,0,0,0,0,0,0,0,0,-96,0,11,0,45650374,0,114,0,0,45.844,128,[114 32 7 0 2 -31 2 -31 3 -29 3 -29 2 -29 2 -28 2 -27 2 -26 2 -25 2 -25 2 -24 2 -24 3 -22 3 -22 3 -21 3 -20 2 -20 2 -19 2 -19 2 -19 3 -19 3 -18 4 -18 5 -18 6 -17 0 0 0 0 0 0 0 0 0 0 0 0 0 0 0 0 0 0 0 0 0 0 4 -20 5 -19 6 -18 6 -18 6 -18 5 -18 4 -18 4 -19 3 -20 2 -21 3 -23 3 -24 4 -25 5 -25 6 -26 7 -25 7 -26 8 -25 7 -26 7 -26 5 -26 5 -26 4 -27 3 -27 3 -29 2 -30 ]
CSI_DATA,PASSIVE,CE:B0:0F:77:01:9B,-48,11,0,0,0,0,0,0,0,0,0,-96,0,11,0,45650782,0,114,0,0,45.8492,128,[114 32 7 0 22 18 22 18 22 18 22 18 21 18 20 17 20 17 19 16 19 16 18 16 17 15 17 15 16 15 15 14 14 14 13 13 14 13 13 12 13 12 13 12 13 12 12 13 12 13 11 14 9 15 0 0 0 0 0 0 0 0 0 0 0 0 0 0 0 0 0 0 0 0 0 0 13 14 12 15 11 14 11 14 10 14 11 13 11 13 12 13 14 13 15 14 16 15 17 16 17 17 17 18 17 19 16 20 16 20 16 20 16 19 17 20 16 19 18 18 19 19 20 18 22 18 23 18 ]
CSI_DATA,PASSIVE,CE:B0:0F:77:01:9B,-48,11,0,0,0,0,0,0,0,0,0,-96,0,11,0,45651298,0,114,0,0,45.8546,128,[114 32 7 0 4 29 4 29 4 28 4 28 3 27 4 26 4 26 3 25 3 24 2 24 2 23 2 23 1 22 1 21 1 20 1 19 1 19 1 18 1 18 1 18 1 18 0 18 -1 18 -2 18 -3 18 0 0 0 0 0 0 0 0 0 0 0 0 0 0 0 0 0 0 0 0 0 0 0 19 -1 19 -2 18 -2 18 -2 18 -1 18 -1 18 0 18 1 19 1 20 1 22 1 23 0 24 0 25 -1 26 -2 25 -2 26 -2 25 -2 25 -1 26 -1 25 1 26 1 26 2 27 3 28 4 29 ]
CSI_DATA,PASSIVE,CE:B0:0F:77:01:9B,-48,11,0,0,0,0,0,0,0,0,0,-96,0,11,0,45651907,0,114,0,0,45.8595,128,[114 32 7 0 24 -8 24 -7 25 -8 24 -8 24 -7 23 -7 23 -7 22 -7 22 -6 21 -6 20 -6 20 -5 19 -5 18 -5 17 -4 17 -4 16 -4 15 -4 16 -5 16 -4 15 -4 16 -4 16 -3 16 -2 16 0 0 0 0 0 0 0 0 0 0 0 0 0 0 0 0 0 0 0 0 0 0 0 17 -3 17 -2 16 -1 16 -1 16 -1 16 -1 16 -2 16 -3 17 -4 18 -4 19 -4 20 -4 21 -4 22 -3 22 -3 22 -2 22 -2 23 -2 22 -2 23 -3 22 -4 23 -5 24 -5 24 -6 24 -6 25 -7 ]
CSI_DATA,PASSIVE,7C:21:4A:A1:EA:28,-38,11,0,0,0,0,0,0,0,0,0,-96,0,11,0,45712501,0,30,0,0,45.8788,128,[30 -32 1 0 24 -9 23 -10 22 -9 22 -10 22 -10 21 -10 21 -10 20 -10 20 -11 20 -11 20 -11 20 -11 19 -11 19 -10 19 -10 19 -11 19 -10 19 -10 19 -9 18 -8 18 -8 17 -7 17 -7 17 -6 17 -6 0 0 0 0 0 0 0 0 0 0 0 0 0 0 0 0 0 0 0 0 0 0 15 -8 16 -8 17 -8 17 -8 18 -8 19 -8 19 -7 20 -8 21 -7 21 -7 21 -7 22 -7 22 -7 22 -6 22 -6 22 -7 21 -7 22 -7 22 -7 23 -7 22 -8 22 -8 22 -8 22 -9 23 -9 23 -10 ]
CSI_DATA,PASSIVE,7C:21:4A:A1:EA:28,-38,11,0,0,0,0,0,0,0,0,0,-96,0,11,0,45738621,0,30,0,0,45.9049,128,[30 -32 1 0 -1 -34 -2 -32 -1 -32 -1 -32 -1 -31 -2 -31 -2 -30 -3 -30 -3 -30 -3 -29 -4 -30 -4 -30 -5 -29 -3 -29 -3 -28 -3 -28 -3 -28 -3 -28 -2 -27 -1 -27 -1 -26 -1 -24 -1 -24 0 -24 1 -23 0 0 0 0 0 0 0 0 0 0 0 0 0 0 0 0 0 0 0 0 0 0 -3 -23 -2 -24 -1 -25 0 -24 0 -25 0 -25 0 -26 0 -27 1 -28 1 -28 2 -28 2 -29 3 -29 3 -30 3 -29 2 -30 2 -28 2 -29 2 -30 1 -30 0 -29 1 -31 0 -31 0 -32 -1 -32 -1 -32 ]
CSI_DATA,PASSIVE,7C:21:4A:A1:EA:28,-38,11,0,0,0,0,0,0,0,0,0,-96,0,11,0,45758480,0,30,0,0,45.9247,128,[30 -32 1 0 -16 24 -14 23 -14 22 -14 22 -13 23 -13 23 -12 22 -11 22 -11 22 -11 22 -11 22 -10 22 -10 22 -10 21 -9 21 -9 22 -10 21 -10 20 -10 20 -10 19 -10 18 -10 18 -10 16 -10 17 -10 15 0 0 0 0 0 0 0 0 0 0 0 0 0 0 0 0 0 0 0 0 0 0 -9 17 -10 17 -11 18 -11 17 -12 17 -13 18 -13 19 -13 19 -14 20 -15 19 -16 19 -16 20 -16 19 -17 20 -17 19 -16 19 -15 19 -16 20 -15 21 -16 21 -14 21 -14 22 -15 22 -14 22 -15 23 -14 23 ]
CSI_DATA,PASSIVE,7C:21:4A:A1:EA:28,-38,11,0,0,0,0,0,0,0,0,0,-96,0,11,0,45786613,0,30,0,0,45.9529,128,[30 -32 1 0 -30 7 -30 7 -27 7 -29 7 -28 8 -27 8 -26 8 -26 8 -26 8 -25 10 -26 9 -25 10 -25 10 -25 9 -25 9 -24 10 -24 9 -24 8 -23 8 -23 7 -22 7 -21 6 -21 6 -21 5 -21 5 0 0 0 0 0 0 0 0 0 0 0 0 0 0 0 0 0 0 0 0 0 0 -21 5 -23 5 -23 4 -23 4 -23 4 -25 3 -26 3 -27 3 -27 3 -27 3 -28 2 -28 3 -28 2 -29 2 -28 2 -28 2 -28 2 -28 3 -29 4 -29 3 -28 4 -29 5 -28 5 -29 6 -28 7 -29 7 ]
CSI_DATA,PASSIVE,7C:21:4A:A1:EA:28,-42,11,0,0,0,0,0,0,0,0,0,-96,0,11,0,45786798,0,30,0,0,45.9584,128,[30 -32 1 0 26 7 24 7 26 8 25 7 26 7 25 7 24 7 24 7 25 7 24 7 24 7 23 6 23 6 23 6 22 6 23 7 22 7 21 7 21 7 20 7 19 7 19 8 18 8 17 9 16 9 0 0 0 0 0 0 0 0 0 0 0 0 0 0 0 0 0 0 0 0 0 0 16 3 16 4 17 4 17 5 18 5 18 5 19 6 19 6 20 6 21 7 21 8 21 9 21 8 21 9 21 8 22 9 21 8 23 8 23 8 24 8 23 8 24 8 24 8 24 9 25 9 26 8 ]
CSI_DATA,PASSIVE,7C:21:4A:A1:EA:28,-38,11,0,0,0,0,0,0,0,0,0,-96,0,11,0,45787014,0,30,0,0,45.9631,128,[30 -32 1 0 29 -3 30 -3 27 -4 28 -3 28 -5 27 -4 27 -5 27 -5 25 -6 25 -6 25 -7 26 -7 26 -7 24 -6 26 -6 24 -7 25 -6 24 -5 24 -4 23 -4 23 -3 20 -4 20 -4 21 -3 21 -2 0 0 0 0 0 0 0 0 0 0 0 0 0 0 0 0 0 0 0 0 0 0 21 -5 22 -4 22 -3 23 -3 22 -3 24 -3 24 -1 26 -2 26 0 25 -2 27 -1 28 -1 27 0 28 -1 28 0 27 0 28 0 26 -1 28 -1 28 0 27 -2 28 -2 27 -3 28 -3 30 -4 29 -5 ]
CSI_DATA,PASSIVE,7C:21:4A:A1:EA:28,-42,11,0,0,0,0,0,0,0,0,0,-96,0,11,0,45787230,0,30,0,0,45.9684,128,[30 -32 1 0 17 -22 17 -21 17 -21 17 -21 17 -22 16 -21 16 -21 15 -21 15 -21 15 -21 15 -21 14 -20 14 -20 14 -20 14 -19 14 -19 14 -19 14 -18 14 -18 14 -17 14 -16 13 -15 14 -14 14 -14 13 -13 0 0 0 0 0 0 0 0 0 0 0 0 0 0 0 0 0 0 0 0 0 0 10 -14 10 -14 11 -15 12 -14 12 -15 12 -15 13 -15 14 -16 15 -16 15 -16 16 -16 16 -17 16 -17 17 -17 16 -17 17 -18 16 -17 16 -18 17 -19 17 -19 16 -19 17 -20 17 -19 17 -20 18 -20 18 -21 ]
CSI_DATA,PASSIVE,7C:21:4A:A1:EA:28,-38,11,0,0,0,0,0,0,0,0,0,-96,0,11,0,45787401,0,30,0,0,45.9742,128,[30 -32 1 0 18 -20 17 -21 16 -19 17 -21 16 -20 16 -20 15 -20 15 -19 14 -20 14 -21 14 -21 13 -20 14 -20 13 -19 13 -20 13 -19 14 -19 13 -18 13 -18 13 -17 13 -16 13 -15 12 -15 12 -14 13 -14 0 0 0 0 0 0 0 0 0 0 0 0 0 0 0 0 0 0 0 0 0 0 11 -16 12 -17 13 -16 14 -16 13 -16 15 -17 15 -17 16 -17 17 -17 16 -17 17 -17 18 -18 18 -17 19 -17 19 -17 18 -17 18 -17 17 -17 19 -19 18 -18 17 -18 18 -19 17 -18 17 -19 17 -21 17 -20 ]
CSI_DATA,PASSIVE,7C:21:4A:A1:EA:28,-42,11,0,0,0,0,0,0,0,0,0,-96,0,11,0,45787571,0,30,0,0,45.9801,128,[30 -32 1 0 -24 20 -24 20 -22 18 -23 20 -22 20 -22 19 -21 19 -21 19 -20 19 -20 20 -20 20 -20 20 -20 20 -18 18 -20 18 -18 18 -19 18 -19 17 -19 16 -18 15 -18 14 -17 14 -17 13 -17 13 -17 12 0 0 0 0 0 0 0 0 0 0 0 0 0 0 0 0 0 0 0 0 0 0 -14 12 -16 12 -16 12 -17 12 -16 12 -18 13 -19 12 -19 13 -20 13 -20 13 -21 14 -22 14 -21 14 -22 15 -22 15 -22 14 -22 15 -21 15 -23 16 -23 16 -22 17 -23 17 -22 17 -22 18 -23 19 -23 19 ]
CSI_DATA,PASSIVE,7C:21:4A:A1:EA:28,-38,11,0,0,0,0,0,0,0,0,0,-96,0,11,0,45787742,0,30,0,0,45.9859,128,[30 -32 1 0 22 -14 22 -13 22 -14 21 -14 21 -14 21 -14 20 -14 20 -14 20 -14 19 -15 19 -15 18 -15 19 -14 18 -14 18 -13 19 -14 18 -13 18 -13 18 -12 18 -12 17 -11 18 -11 17 -10 17 -10 16 -8 0 0 0 0 0 0 0 0 0 0 0 0 0 0 0 0 0 0 0 0 0 0 15 -13 16 -12 17 -13 17 -12 18 -12 18 -12 19 -12 20 -12 21 -12 21 -12 21 -11 22 -12 22 -11 22 -12 22 -11 23 -11 21 -11 22 -11 22 -12 23 -12 22 -13 22 -13 23 -13 22 -14 23 -14 23 -15 ]
CSI_DATA,PASSIVE,7C:21:4A:A1:EA:28,-42,11,0,0,0,0,0,0,0,0,0,-96,0,11,0,45787913,0,30,0,0,45.9918,128,[30 -32 1 0 25 9 24 9 25 9 24 9 25 9 24 9 24 9 23 8 24 8 24 8 23 8 22 8 22 8 22 8 22 8 22 9 21 8 20 8 20 9 19 8 18 9 18 9 17 9 16 10 15 10 0 0 0 0 0 0 0 0 0 0 0 0 0 0 0 0 0 0 0 0 0 0 16 4 16 4 17 5 16 5 17 6 17 6 18 7 19 7 20 8 20 8 20 9 21 9 20 9 21 10 21 9 22 10 21 9 22 9 22 9 23 10 23 9 23 9 23 10 23 10 25 10 25 10 ]
CSI_DATA,PASSIVE,7C:21:4A:A1:EA:28,-38,11,0,0,0,0,0,0,0,0,0,-96,0,11,0,45788093,0,30,0,0,45.9967,128,[30 -32 1 0 0 -27 -1 -27 0 -26 -1 -27 -1 -26 -2 -26 -2 -25 -3 -25 -3 -25 -3 -25 -3 -25 -3 -24 -4 -24 -3 -24 -4 -23 -3 -24 -3 -23 -3 -23 -3 -22 -2 -22 -1 -21 -1 -20 -1 -20 -1 -20 0 -19 0 0 0 0 0 0 0 0 0 0 0 0 0 0 0 0 0 0 0 0 0 0 -1 -20 0 -21 0 -21 1 -21 1 -22 1 -23 1 -24 2 -24 2 -25 2 -25 4 -25 4 -26 4 -25 4 -26 4 -25 3 -26 2 -26 2 -25 2 -26 2 -26 1 -26 1 -26 1 -26 1 -27 1 -27 0 -27 ]
CSI_DATA,PASSIVE,7C:21:4A:A1:EA:28,-42,11,0,0,0,0,0,0,0,0,0,-96,0,11,0,45788264,0,30,0,0,46.0022,128,[30 -32 1 0 19 -19 19 -19 20 -19 19 -19 19 -19 19 -19 18 -19 18 -19 18 -19 18 -19 17 -19 17 -18 16 -18 16 -18 16 -17 16 -18 16 -17 16 -16 16 -16 15 -15 15 -15 15 -14 15 -13 15 -12 15 -11 0 0 0 0 0 0 0 0 0 0 0 0 0 0 0 0 0 0 0 0 0 0 12 -12 12 -12 13 -13 14 -12 14 -13 14 -13 15 -13 16 -14 17 -14 17 -14 18 -14 18 -14 18 -14 19 -14 18 -14 19 -15 18 -15 19 -16 19 -16 20 -16 19 -17 19 -17 19 -17 19 -17 20 -18 20 -18 ]
CSI_DATA,PASSIVE,7C:21:4A:A1:EA:28,-39,11,0,0,0,0,0,0,0,0,0,-96,0,11,0,45806577,0,30,0,0,46.0081,128,[30 -32 1 0 25 -13 25 -14 24 -12 25 -13 24 -13 23 -13 23 -13 22 -13 22 -14 21 -15 21 -14 20 -14 21 -15 20 -13 21 -14 20 -13 20 -13 20 -12 20 -12 19 -12 19 -11 18 -10 17 -10 18 -9 17 -9 0 0 0 0 0 0 0 0 0 0 0 0 0 0 0 0 0 0 0 0 0 0 17 -10 18 -11 19 -10 19 -10 19 -9 21 -9 21 -10 22 -10 23 -10 23 -9 24 -9 25 -10 24 -9 24 -9 25 -9 24 -9 24 -9 23 -9 25 -11 25 -10 24 -11 24 -11 24 -11 24 -12 25 -13 25 -13 ]
CSI_DATA,PASSIVE,7C:21:4A:A1:EA:28,-42,11,0,0,0,0,0,0,0,0,0,-96,0,11,0,45806748,0,30,0,0,46.0138,128,[30 -32 1 0 24 9 23 9 23 9 24 8 24 8 23 8 23 7 23 7 23 7 22 7 22 6 22 7 22 6 22 6 21 7 21 7 21 7 20 7 20 7 19 7 18 7 18 7 17 7 16 8 16 8 0 0 0 0 0 0 0 0 0 0 0 0 0 0 0 0 0 0 0 0 0 0 15 6 15 6 15 7 15 7 16 7 16 8 17 8 17 8 18 9 18 9 18 10 19 10 19 10 19 11 19 10 20 11 19 10 20 10 21 10 21 10 21 9 21 9 21 9 22 9 23 10 22 9 ]
CSI_DATA,PASSIVE,7C:21:4A:A1:EA:28,-39,11,0,0,0,0,0,0,0,0,0,-96,0,11,0,45806964,0,30,0,0,46.0187,128,[30 -32 1 0 -29 0 -29 0 -27 0 -28 1 -28 2 -28 1 -26 1 -26 2 -26 1 -27 2 -27 2 -26 2 -26 2 -24 2 -25 2 -24 2 -25 1 -24 0 -24 1 -23 -1 -22 -1 -21 -1 -21 -1 -21 -2 -20 -2 0 0 0 0 0 0 0 0 0 0 0 0 0 0 0 0 0 0 0 0 0 0 -20 3 -22 2 -22 2 -23 2 -22 2 -23 1 -24 1 -25 1 -26 0 -25 0 -27 0 -27 -1 -26 -1 -27 -1 -27 -2 -27 -2 -27 -1 -27 -1 -28 -1 -28 -1 -27 0 -28 0 -27 0 -28 0 -30 0 -30 2 ]
CSI_DATA,PASSIVE,7C:21:4A:A1:EA:28,-38,11,0,0,0,0,0,0,0,0,0,-96,0,11,0,45808449,0,30,0,0,46.0242,128,[30 -32 1 0 3 -27 3 -25 4 -25 3 -26 3 -25 2 -25 2 -24 2 -24 2 -24 2 -24 2 -24 1 -23 1 -23 1 -23 1 -22 1 -23 2 -22 1 -22 2 -21 3 -21 3 -20 3 -19 4 -18 4 -18 4 -18 0 0 0 0 0 0 0 0 0 0 0 0 0 0 0 0 0 0 0 0 0 0 0 -20 1 -19 1 -20 2 -20 2 -20 2 -21 3 -22 3 -22 3 -23 5 -23 5 -23 6 -24 6 -24 6 -24 6 -23 5 -24 5 -24 4 -24 4 -25 5 -25 4 -24 4 -25 5 -25 5 -25 5 -26 4 -27 ]
CSI_DATA,PASSIVE,7C:21:4A:A1:EA:28,-38,11,0,0,0,0,0,0,0,0,0,-96,0,11,0,45891727,0,30,0,0,46.058,128,[30 -32 1 0 -12 28 -12 27 -11 25 -11 26 -9 26 -10 25 -9 25 -9 24 -8 25 -7 25 -7 25 -7 24 -7 25 -7 24 -7 24 -7 24 -7 23 -7 22 -8 22 -7 21 -7 20 -7 19 -7 19 -8 18 -7 17 0 0 0 0 0 0 0 0 0 0 0 0 0 0 0 0 0 0 0 0 0 0 -8 19 -8 20 -9 20 -9 20 -10 20 -10 21 -11 22 -11 22 -12 24 -12 23 -13 24 -14 24 -13 23 -14 23 -14 23 -15 23 -13 24 -13 24 -13 24 -14 25 -12 25 -12 24 -12 25 -11 26 -12 27 -11 26 ]
CSI_DATA,PASSIVE,7C:21:4A:A1:EA:28,-41,11,0,0,0,0,0,0,0,0,0,-96,0,11,0,45891899,0,30,0,0,46.0637,128,[30 -32 1 0 25 -8 25 -9 24 -8 25 -9 24 -9 24 -9 23 -9 23 -9 22 -9 23 -10 22 -10 22 -10 22 -10 21 -9 22 -9 21 -9 22 -9 21 -8 21 -8 20 -7 19 -7 18 -6 18 -6 18 -5 18 -5 0 0 0 0 0 0 0 0 0 0 0 0 0 0 0 0 0 0 0 0 0 0 15 -5 16 -5 16 -5 17 -5 17 -5 19 -5 18 -4 19 -5 20 -4 20 -5 21 -4 22 -5 21 -4 22 -4 23 -5 22 -4 22 -5 22 -6 24 -6 24 -6 23 -6 24 -6 23 -7 24 -7 25 -7 25 -8 ]
CSI_DATA,PASSIVE,7C:21:4A:A1:EA:28,-42,11,0,0,0,0,0,0,0,0,0,-96,0,11,0,45892286,0,30,0,0,46.069,128,[30 -32 1 0 -20 18 -19 18 -19 17 -19 18 -19 18 -19 18 -18 18 -18 17 -17 17 -18 17 -17 18 -17 17 -17 18 -17 16 -17 16 -16 16 -16 16 -16 15 -16 14 -16 14 -16 13 -15 12 -16 12 -15 11 -16 10 0 0 0 0 0 0 0 0 0 0 0 0 0 0 0 0 0 0 0 0 0 0 -12 11 -12 11 -13 12 -14 11 -14 11 -15 12 -15 12 -15 13 -16 13 -16 13 -17 13 -18 13 -18 13 -18 13 -18 14 -19 13 -18 14 -18 14 -19 15 -19 15 -18 16 -19 16 -18 16 -19 16 -20 17 -20 17 ]
CSI_DATA,PASSIVE,7C:21:4A:A1:EA:28,-38,11,0,0,0,0,0,0,0,0,0,-96,0,11,0,45892457,0,30,0,0,46.0749,128,[30 -32 1 0 26 -16 24 -16 24 -15 24 -15 24 -15 23 -16 23 -15 22 -15 21 -16 21 -17 20 -17 20 -16 20 -17 20 -16 20 -15 19 -16 19 -15 19 -15 19 -14 18 -13 18 -12 17 -12 17 -12 17 -11 17 -10 0 0 0 0 0 0 0 0 0 0 0 0 0 0 0 0 0 0 0 0 0 0 17 -12 18 -12 19 -12 19 -12 19 -12 20 -11 22 -11 23 -11 23 -11 23 -12 24 -12 25 -12 24 -11 24 -11 25 -11 25 -11 24 -11 24 -12 25 -13 25 -12 24 -13 25 -13 24 -14 24 -15 25 -16 24 -15 ]
CSI_DATA,PASSIVE,7C:21:4A:A1:EA:28,-41,11,0,0,0,0,0,0,0,0,0,-96,0,11,0,45892655,0,30,0,0,46.0808,128,[30 -32 1 0 -27 0 -26 0 -26 -1 -27 0 -26 0 -26 0 -26 0 -25 0 -25 0 -25 0 -25 0 -24 0 -24 1 -24 0 -24 0 -24 0 -23 0 -23 0 -22 -1 -22 -1 -21 -1 -20 -2 -20 -3 -19 -3 -19 -4 0 0 0 0 0 0 0 0 0 0 0 0 0 0 0 0 0 0 0 0 0 0 -17 0 -17 0 -18 -1 -18 -1 -18 -2 -19 -2 -20 -2 -20 -2 -21 -2 -21 -3 -22 -3 -23 -3 -22 -3 -23 -3 -23 -3 -24 -3 -23 -3 -23 -3 -24 -2 -25 -2 -24 -2 -25 -2 -25 -2 -25 -2 -26 -2 -27 -2 ]
CSI_DATA,PASSIVE,7C:21:4A:A1:EA:28,-38,11,0,0,0,0,0,0,0,0,0,-96,0,11,0,45892834,0,30,0,0,46.0865,128,[30 -32 1 0 11 24 11 22 12 23 11 22 11 22 11 22 11 21 11 20 12 21 11 21 12 20 11 19 11 19 12 19 11 18 11 20 10 19 10 19 9 19 9 18 9 17 8 18 7 17 7 17 6 16 0 0 0 0 0 0 0 0 0 0 0 0 0 0 0 0 0 0 0 0 0 0 10 15 9 16 10 17 9 16 10 17 9 18 10 19 10 20 10 21 9 22 8 22 9 22 8 22 8 23 8 22 9 24 8 21 10 23 9 22 10 23 10 22 11 22 10 24 10 23 11 24 12 24 ]
CSI_DATA,PASSIVE,7C:21:4A:A1:EA:28,-42,11,0,0,0,0,0,0,0,0,0,-96,0,11,0,45893042,0,30,0,0,46.0916,128,[30 -32 1 0 26 1 25 1 25 1 26 0 25 0 25 0 25 -1 24 0 24 -1 24 0 24 -1 23 -1 23 -1 23 -1 23 -1 23 -1 22 0 21 0 21 0 21 0 20 0 19 1 19 1 18 2 18 2 0 0 0 0 0 0 0 0 0 0 0 0 0 0 0 0 0 0 0 0 0 0 16 1 16 1 17 2 17 2 17 2 18 2 19 2 19 2 20 3 20 3 21 4 21 4 21 4 22 4 22 3 22 4 22 3 22 3 23 3 24 3 23 2 24 2 24 2 24 2 26 2 26 1 ]
CSI_DATA,PASSIVE,7C:21:4A:A1:EA:28,-38,11,0,0,0,0,0,0,0,0,0,-96,0,11,0,45932812,0,30,0,0,46.0991,128,[30 -32 1 0 -27 4 -27 4 -25 4 -26 4 -25 5 -25 5 -24 5 -24 5 -24 6 -24 6 -23 6 -22 6 -22 7 -22 6 -21 6 -22 6 -22 6 -21 5 -21 4 -20 4 -19 3 -19 4 -19 3 -18 3 -18 2 0 0 0 0 0 0 0 0 0 0 0 0 0 0 0 0 0 0 0 0 0 0 -19 4 -19 3 -20 3 -20 3 -20 2 -22 2 -22 2 -23 2 -24 1 -24 2 -24 2 -25 1 -24 1 -25 1 -25 1 -25 1 -25 1 -24 1 -25 2 -26 2 -25 3 -26 3 -25 3 -26 4 -26 5 -26 4 ]
CSI_DATA,PASSIVE,7C:21:4A:A1:EA:28,-39,11,0,0,0,0,0,0,0,0,0,-96,0,11,0,46028781,0,30,0,0,46.195,128,[30 -32 1 0 16 19 16 19 16 18 15 18 16 17 16 17 15 16 15 16 16 15 16 15 16 14 16 15 16 14 16 15 15 15 16 15 15 15 14 15 13 14 13 14 12 13 12 13 11 13 10 13 10 13 0 0 0 0 0 0 0 0 0 0 0 0 0 0 0 0 0 0 0 0 0 0 13 12 13 12 14 14 13 13 13 14 13 15 13 16 13 16 14 17 14 17 14 18 14 18 13 18 14 19 13 18 13 19 13 18 14 18 14 19 14 19 15 18 15 18 15 18 16 18 16 19 18 18 ]
CSI_DATA,PASSIVE,CE:B0:0F:77:01:9B,-51,11,0,0,0,0,0,0,0,0,0,-96,0,11,0,46131877,0,126,0,0,46.2983,128,[126 -32 7 0 -21 -2 -17 1 -14 5 -12 9 -12 13 -12 16 -13 19 -15 21 -17 22 -19 21 -21 20 -22 17 -21 15 -21 11 -19 9 -15 7 -12 5 -8 5 -4 6 -2 8 0 10 1 13 1 15 0 18 -3 19 0 0 0 0 0 0 0 0 0 0 0 0 0 0 0 0 0 0 0 0 0 0 -11 -12 -12 -12 -14 -13 -15 -14 -16 -15 -17 -16 -17 -17 -17 -19 -16 -19 -15 -18 -14 -18 -13 -16 -13 -14 -13 -11 -14 -8 -16 -6 -18 -2 -21 -1 -24 1 -27 2 -31 1 -33 1 -34 -1 -34 -2 -34 -4 -31 -5 ]
CSI_DATA,PASSIVE,CE:B0:0F:77:01:9B,-51,11,0,0,0,0,0,0,0,0,0,-96,0,11,0,46132319,0,126,0,0,46.3041,128,[126 -32 7 0 0 19 2 15 7 13 10 10 14 9 18 9 20 10 22 12 23 13 23 15 22 17 20 18 17 18 14 18 11 16 8 14 7 10 5 6 6 3 7 0 10 -3 12 -4 15 -4 17 -3 19 0 0 0 0 0 0 0 0 0 0 0 0 0 0 0 0 0 0 0 0 0 0 0 -11 11 -11 12 -11 14 -13 15 -13 16 -15 17 -16 18 -17 17 -17 17 -17 15 -16 14 -15 14 -13 13 -10 13 -7 14 -4 15 -1 17 1 20 3 23 4 26 4 29 4 32 2 34 1 34 0 33 -1 31 ]
CSI_DATA,PASSIVE,CE:B0:0F:77:01:9B,-51,11,0,0,0,0,0,0,0,0,0,-96,0,11,0,46132887,0,126,0,0,46.3094,128,[126 -32 7 0 17 9 15 5 15 0 14 -5 15 -8 16 -12 20 -14 21 -15 24 -15 26 -13 26 -12 26 -9 25 -7 23 -4 19 -2 16 -1 12 -1 8 -3 5 -5 3 -7 2 -11 3 -14 4 -16 7 -17 9 -17 0 0 0 0 0 0 0 0 0 0 0 0 0 0 0 0 0 0 0 0 0 0 4 14 5 14 6 16 7 18 8 19 8 20 8 22 7 23 7 23 5 22 4 21 5 19 5 16 7 14 9 12 12 10 15 9 19 9 21 8 26 8 28 10 29 11 31 13 30 15 29 16 27 15 ]
CSI_DATA,PASSIVE,CE:B0:0F:77:01:9B,-51,11,0,0,0,0,0,0,0,0,0,-96,0,11,0,46133608,0,126,0,0,46.3145,128,[126 -32 7 0 18 -13 13 -13 9 -14 6 -16 2 -19 0 -23 0 -25 1 -28 2 -30 4 -30 6 -30 8 -29 9 -25 11 -23 10 -19 9 -16 7 -12 4 -10 0 -9 -3 -9 -6 -10 -9 -12 -9 -15 -9 -17 -7 -20 0 0 0 0 0 0 0 0 0 0 0 0 0 0 0 0 0 0 0 0 0 0 16 1 17 0 19 -1 20 -1 22 -1 23 0 24 1 25 2 25 3 24 4 22 4 21 3 19 2 18 -1 16 -3 16 -7 15 -10 17 -14 19 -17 21 -20 23 -21 26 -22 28 -22 30 -20 30 -18 29 -16 ]
CSI_DATA,PASSIVE,CE:B0:0F:77:01:9B,-51,11,0,0,0,0,0,0,0,0,0,-96,0,11,0,46134113,0,126,0,0,46.3199,128,[126 -32 7 0 6 20 7 16 11 12 14 9 17 7 20 6 23 6 25 7 27 9 27 11 26 13 24 14 21 16 18 16 15 15 11 13 9 10 7 6 7 2 8 -1 10 -4 12 -5 15 -5 18 -4 20 -2 0 0 0 0 0 0 0 0 0 0 0 0 0 0 0 0 0 0 0 0 0 0 -5 15 -5 16 -4 18 -5 20 -5 21 -6 23 -7 24 -8 24 -9 24 -9 22 -9 21 -9 20 -7 18 -4 17 -1 16 2 16 5 18 8 19 11 22 13 25 14 27 15 30 14 32 12 33 11 33 9 32 ]
CSI_DATA,PASSIVE,CE:B0:0F:77:01:9B,-51,11,0,0,0,0,0,0,0,0,0,-96,0,11,0,46134582,0,126,0,0,46.325,128,[126 -32 7 0 19 -9 15 -10 11 -12 8 -15 6 -18 5 -22 5 -25 6 -27 7 -28 9 -29 11 -28 13 -26 15 -23 15 -20 14 -17 12 -13 10 -10 6 -9 2 -8 -1 -9 -4 -11 -5 -13 -6 -16 -5 -19 -3 -21 0 0 0 0 0 0 0 0 0 0 0 0 0 0 0 0 0 0 0 0 0 0 16 2 17 2 18 1 20 2 22 2 23 3 24 4 24 5 24 6 23 6 22 6 20 6 19 4 17 2 17 -1 17 -4 17 -7 18 -11 21 -14 23 -16 26 -17 29 -18 31 -17 33 -16 33 -14 32 -12 ]
CSI_DATA,PASSIVE,CE:B0:0F:77:01:9B,-51,11,0,0,0,0,0,0,0,0,0,-96,0,11,0,46135258,0,126,0,0,46.3304,128,[126 -32 7 0 -19 -11 -18 -7 -17 -2 -17 2 -18 6 -19 10 -22 12 -25 13 -26 12 -28 11 -29 9 -29 6 -28 3 -25 1 -23 -1 -18 -2 -15 -2 -11 0 -8 3 -6 6 -6 9 -6 12 -8 14 -11 15 -14 15 0 0 0 0 0 0 0 0 0 0 0 0 0 0 0 0 0 0 0 0 0 0 -7 -15 -9 -17 -10 -17 -11 -19 -11 -20 -12 -22 -12 -23 -11 -24 -10 -24 -9 -23 -8 -23 -8 -21 -9 -18 -9 -16 -11 -14 -14 -12 -17 -11 -20 -9 -24 -9 -28 -9 -31 -11 -32 -13 -33 -14 -33 -17 -32 -17 -30 -17 ]
CSI_DATA,PASSIVE,CE:B0:0F:77:01:9B,-51,11,0,0,0,0,0,0,0,0,0,-96,0,11,0,46136096,0,126,0,0,46.3363,128,[126 -32 7 0 12 -18 8 -16 3 -17 -1 -17 -4 -18 -8 -21 -9 -24 -10 -26 -9 -28 -8 -30 -6 -30 -3 -30 -1 -28 2 -26 3 -22 3 -18 2 -14 1 -11 -3 -9 -6 -7 -9 -7 -12 -8 -14 -10 -15 -13 -14 -16 0 0 0 0 0 0 0 0 0 0 0 0 0 0 0 0 0 0 0 0 0 0 15 -7 16 -7 17 -9 18 -9 20 -10 21 -10 23 -9 24 -9 24 -8 24 -7 22 -6 21 -6 18 -7 16 -8 14 -10 12 -13 11 -16 10 -20 10 -23 12 -26 13 -29 15 -31 17 -31 19 -32 20 -30 20 -28 ]
CSI_DATA,PASSIVE,7C:21:4A:A1:EA:28,-39,11,0,0,0,0,0,0,0,0,0,-96,0,11,0,46136321,0,30,0,0,46.342,128,[30 -32 1 0 -4 28 -3 27 -3 26 -3 26 -2 26 -2 26 -1 25 -1 25 0 25 0 25 0 24 0 24 0 24 1 23 1 23 0 23 0 22 -1 22 -1 21 -1 21 -1 20 -1 19 -2 18 -2 18 -2 17 0 0 0 0 0 0 0 0 0 0 0 0 0 0 0 0 0 0 0 0 0 0 -1 19 -2 19 -2 20 -2 20 -3 20 -3 22 -4 22 -4 23 -4 24 -5 25 -6 24 -6 25 -6 24 -6 25 -6 25 -6 26 -6 24 -5 25 -5 25 -5 26 -5 26 -4 26 -4 26 -3 26 -3 26 -3 27 ]
CSI_DATA,PASSIVE,CE:B0:0F:77:01:9B,-51,11,0,0,0,0,0,0,0,0,0,-96,0,11,0,46137037,0,126,0,0,46.3472,128,[126 -32 7 0 -22 -5 -19 -1 -17 3 -15 8 -15 12 -15 15 -17 18 -19 20 -21 20 -23 20 -25 18 -25 16 -25 12 -24 10 -21 7 -18 5 -14 4 -10 4 -6 5 -3 8 -2 11 -1 14 -2 17 -5 19 -7 19 0 0 0 0 0 0 0 0 0 0 0 0 0 0 0 0 0 0 0 0 0 0 -11 -14 -12 -14 -14 -14 -15 -15 -16 -17 -17 -18 -17 -19 -17 -20 -16 -21 -15 -21 -14 -20 -14 -18 -13 -16 -13 -13 -15 -10 -17 -7 -19 -5 -23 -3 -26 -2 -29 -1 -33 -2 -35 -3 -37 -4 -37 -6 -36 -7 -33 -8 ]
CSI_DATA,PASSIVE,7C:21:4A:A1:EA:28,-40,11,0,0,0,0,0,0,0,0,0,-96,0,11,0,46162433,0,30,0,0,46.3531,128,[30 -32 1 0 -21 20 -21 20 -20 18 -20 20 -19 20 -19 19 -18 19 -18 19 -17 19 -17 19 -17 20 -17 19 -17 20 -16 19 -16 19 -16 19 -16 19 -16 18 -16 17 -16 16 -15 15 -15 15 -15 14 -15 14 -15 13 0 0 0 0 0 0 0 0 0 0 0 0 0 0 0 0 0 0 0 0 0 0 -13 14 -14 15 -15 15 -16 15 -15 14 -17 15 -17 15 -18 16 -19 16 -19 16 -20 16 -21 16 -20 15 -21 16 -21 16 -21 16 -21 16 -20 16 -21 17 -21 17 -20 17 -20 18 -20 18 -20 19 -21 19 -20 19 ]
CSI_DATA,PASSIVE,7C:21:4A:A1:EA:28,-39,11,0,0,0,0,0,0,0,0,0,-96,0,11,0,46179685,0,30,0,0,46.359,128,[30 -32 1 0 -20 -17 -20 -15 -19 -16 -19 -16 -19 -15 -19 -15 -18 -14 -19 -13 -19 -13 -19 -13 -19 -13 -19 -12 -18 -12 -18 -12 -18 -12 -18 -12 -17 -12 -16 -12 -16 -12 -15 -12 -14 -12 -14 -11 -14 -11 -13 -12 -13 -11 0 0 0 0 0 0 0 0 0 0 0 0 0 0 0 0 0 0 0 0 0 0 -15 -11 -15 -11 -15 -12 -15 -12 -15 -13 -15 -13 -16 -13 -16 -14 -17 -15 -16 -16 -16 -16 -16 -17 -16 -16 -16 -17 -16 -16 -17 -17 -17 -16 -18 -16 -17 -16 -17 -17 -18 -16 -18 -16 -18 -16 -18 -16 -19 -16 -19 -16 ]
CSI_DATA,PASSIVE,7C:21:4A:A1:EA:28,-41,11,0,0,0,0,0,0,0,0,0,-96,0,11,0,46179857,0,30,0,0,46.3654,128,[30 -32 1 0 3 24 3 24 4 23 4 24 5 24 5 23 5 23 5 22 5 22 5 22 5 22 5 21 5 22 5 21 5 21 5 21 4 21 4 20 3 20 3 19 3 19 2 18 1 18 1 17 1 17 0 0 0 0 0 0 0 0 0 0 0 0 0 0 0 0 0 0 0 0 0 0 3 16 3 17 3 17 3 18 2 18 2 19 2 19 2 20 2 21 1 21 1 21 1 22 1 22 1 22 1 22 1 22 1 22 2 22 2 23 2 23 3 22 3 23 3 23 3 23 3 25 5 24 ]
CSI_DATA,PASSIVE,7C:21:4A:A1:EA:28,-39,11,0,0,0,0,0,0,0,0,0,-96,0,11,0,46180027,0,30,0,0,46.3702,128,[30 -32 1 0 -1 -28 -1 -27 -1 -27 -1 -27 -1 -27 -1 -26 0 -25 -2 -25 -2 -25 -2 -25 -2 -25 -3 -24 -3 -23 -2 -24 -2 -23 -2 -23 -1 -23 -2 -22 -1 -22 -1 -21 0 -20 0 -20 0 -19 1 -19 1 -18 0 0 0 0 0 0 0 0 0 0 0 0 0 0 0 0 0 0 0 0 0 0 -3 -20 -2 -20 -2 -21 -2 -21 -1 -21 0 -22 -1 -23 0 -24 0 -24 0 -24 1 -25 2 -26 1 -25 2 -26 2 -26 2 -26 1 -25 1 -26 1 -26 1 -26 0 -26 0 -27 0 -26 0 -27 0 -28 -1 -29 ]
CSI_DATA,PASSIVE,7C:21:4A:A1:EA:28,-41,11,0,0,0,0,0,0,0,0,0,-96,0,11,0,46180216,0,30,0,0,46.3757,128,[30 -32 1 0 11 26 11 25 11 25 11 25 11 25 11 25 11 24 11 23 11 23 12 23 12 23 11 22 12 22 11 21 11 22 11 21 10 21 10 21 10 21 9 20 8 19 8 19 7 19 7 18 6 18 0 0 0 0 0 0 0 0 0 0 0 0 0 0 0 0 0 0 0 0 0 0 8 17 7 18 7 18 7 19 7 19 7 20 7 21 7 21 7 22 6 22 6 23 7 24 6 23 7 24 7 24 7 24 7 24 8 23 8 24 8 25 9 24 9 24 9 24 10 25 10 26 10 26 ]
CSI_DATA,PASSIVE,7C:21:4A:A1:EA:28,-39,11,0,0,0,0,0,0,0,0,0,-96,0,11,0,46180424,0,30,0,0,46.3807,128,[30 -32 1 0 -26 8 -26 8 -25 8 -25 8 -25 9 -24 8 -24 8 -23 8 -23 9 -23 9 -23 9 -22 9 -22 9 -21 9 -21 9 -21 8 -22 8 -21 7 -20 7 -20 6 -20 5 -19 5 -18 5 -18 4 -18 3 0 0 0 0 0 0 0 0 0 0 0 0 0 0 0 0 0 0 0 0 0 0 -17 9 -18 9 -19 9 -19 8 -19 7 -20 7 -22 8 -22 8 -23 7 -23 7 -23 7 -25 7 -24 7 -25 7 -24 6 -25 6 -25 6 -24 7 -25 7 -25 7 -24 7 -25 7 -25 8 -25 8 -26 9 -25 10 ]
CSI_DATA,PASSIVE,7C:21:4A:A1:EA:28,-39,11,0,0,0,0,0,0,0,0,0,-96,0,11,0,46181077,0,30,0,0,46.386,128,[30 -32 1 0 -23 16 -21 14 -21 15 -21 14 -21 15 -21 14 -19 14 -19 14 -20 15 -20 15 -19 15 -18 14 -18 14 -18 14 -18 14 -18 14 -18 13 -18 13 -18 12 -17 12 -16 11 -17 10 -16 10 -16 9 -15 8 0 0 0 0 0 0 0 0 0 0 0 0 0 0 0 0 0 0 0 0 0 0 -15 12 -15 12 -16 12 -17 12 -17 12 -18 12 -19 13 -19 12 -21 13 -21 12 -21 12 -23 12 -22 11 -22 12 -22 11 -23 12 -22 13 -21 13 -23 13 -22 13 -21 13 -21 13 -22 14 -22 14 -23 14 -23 15 ]
CSI_DATA,PASSIVE,7C:21:4A:A1:EA:28,-39,11,0,0,0,0,0,0,0,0,0,-96,0,11,0,46230358,0,30,0,0,46.3966,128,[30 -32 1 0 19 -18 19 -18 19 -17 19 -18 18 -18 19 -17 18 -17 17 -16 17 -17 16 -17 16 -17 16 -17 16 -17 16 -16 16 -17 16 -16 16 -16 15 -15 16 -15 15 -14 15 -13 15 -12 15 -11 15 -11 14 -11 0 0 0 0 0 0 0 0 0 0 0 0 0 0 0 0 0 0 0 0 0 0 11 -15 12 -15 13 -15 13 -14 13 -15 14 -15 16 -15 16 -15 17 -16 17 -15 18 -15 19 -15 18 -15 19 -15 19 -15 19 -15 19 -15 18 -15 19 -16 19 -16 18 -16 19 -16 18 -16 19 -17 20 -17 20 -18 ]
CSI_DATA,PASSIVE,7C:21:4A:A1:EA:28,-39,11,0,0,0,0,0,0,0,0,0,-96,0,11,0,46272931,0,30,0,0,46.4392,128,[30 -32 1 0 5 26 4 25 4 24 4 25 5 24 5 24 6 23 5 22 5 22 6 22 6 22 6 22 7 22 6 20 6 21 6 20 5 21 5 20 5 20 4 19 3 18 3 17 3 17 2 17 1 16 0 0 0 0 0 0 0 0 0 0 0 0 0 0 0 0 0 0 0 0 0 0 4 17 4 18 4 18 4 19 3 19 4 21 3 21 4 22 3 22 3 22 2 23 2 24 2 23 1 24 1 24 1 24 2 24 3 23 2 24 3 25 4 24 4 25 3 24 4 25 3 26 5 26 ]
CSI_DATA,PASSIVE,7C:21:4A:A1:EA:28,-40,11,0,0,0,0,0,0,0,0,0,-96,0,11,0,46367513,0,30,0,0,46.5338,128,[30 -32 1 0 -25 8 -24 8 -23 8 -23 8 -23 9 -22 8 -21 8 -21 9 -21 9 -20 9 -20 9 -20 9 -20 9 -19 10 -19 9 -20 9 -19 9 -19 8 -18 8 -18 7 -18 7 -17 6 -16 6 -17 6 -15 5 0 0 0 0 0 0 0 0 0 0 0 0 0 0 0 0 0 0 0 0 0 0 -16 7 -18 6 -18 6 -18 6 -19 6 -20 6 -21 6 -21 6 -22 5 -22 5 -22 5 -23 5 -23 5 -23 5 -23 4 -24 5 -22 5 -23 5 -24 6 -24 6 -23 6 -23 6 -24 7 -23 8 -24 8 -23 9 ]
CSI_DATA,PASSIVE,7C:21:4A:A1:EA:28,-40,11,0,0,0,0,0,0,0,0,0,-96,0,11,0,46405265,0,30,0,0,46.5715,128,[30 -32 1 0 -12 28 -12 27 -12 26 -11 27 -11 27 -10 27 -10 26 -9 25 -9 26 -8 26 -8 26 -8 25 -7 25 -7 25 -7 25 -7 25 -8 24 -8 24 -8 23 -8 22 -8 21 -8 21 -8 20 -9 20 -9 19 0 0 0 0 0 0 0 0 0 0 0 0 0 0 0 0 0 0 0 0 0 0 -7 18 -8 18 -9 19 -9 19 -10 19 -10 20 -11 21 -11 22 -12 22 -12 22 -13 22 -14 23 -13 23 -14 23 -14 23 -14 24 -13 23 -13 24 -13 24 -13 25 -13 25 -12 25 -12 25 -12 26 -12 27 -11 26 ]
CSI_DATA,PASSIVE,7C:21:4A:A1:EA:28,-39,11,0,0,0,0,0,0,0,0,0,-96,0,11,0,46405455,0,30,0,0,46.5773,128,[30 -32 1 0 -25 -6 -26 -5 -24 -6 -26 -6 -25 -5 -25 -5 -24 -5 -25 -4 -24 -5 -24 -5 -24 -4 -24 -5 -24 -4 -23 -4 -23 -5 -22 -5 -23 -5 -22 -5 -21 -6 -20 -6 -20 -6 -19 -6 -18 -6 -18 -7 -18 -7 0 0 0 0 0 0 0 0 0 0 0 0 0 0 0 0 0 0 0 0 0 0 -17 -3 -18 -2 -18 -3 -19 -3 -19 -4 -19 -4 -20 -4 -21 -5 -21 -5 -21 -6 -22 -6 -22 -7 -22 -7 -23 -7 -22 -7 -23 -7 -23 -7 -23 -7 -25 -7 -24 -6 -23 -6 -25 -6 -23 -7 -25 -6 -27 -6 -26 -5 ]
CSI_DATA,PASSIVE,7C:21:4A:A1:EA:28,-40,11,0,0,0,0,0,0,0,0,0,-96,0,11,0,46405644,0,30,0,0,46.5831,128,[30 -32 1 0 6 26 6 25 6 24 6 24 7 24 7 24 7 23 7 23 7 23 7 22 8 22 7 22 8 22 8 21 8 21 8 22 7 21 6 21 6 21 6 20 5 19 5 19 4 18 4 18 3 18 0 0 0 0 0 0 0 0 0 0 0 0 0 0 0 0 0 0 0 0 0 0 5 17 4 17 4 18 4 18 4 18 4 19 4 20 4 21 4 22 3 22 3 22 2 23 2 22 2 23 2 23 3 24 3 23 3 23 3 24 4 24 4 24 5 24 5 24 5 24 5 25 6 25 ]
CSI_DATA,PASSIVE,7C:21:4A:A1:EA:28,-40,11,0,0,0,0,0,0,0,0,0,-96,0,11,0,46405842,0,30,0,0,46.5879,128,[30 -32 1 0 24 11 22 10 23 11 22 9 23 10 22 9 22 9 22 8 23 9 22 8 22 8 21 8 21 7 21 9 20 8 21 8 20 8 19 8 19 8 18 9 17 8 17 8 16 7 16 9 15 9 0 0 0 0 0 0 0 0 0 0 0 0 0 0 0 0 0 0 0 0 0 0 15 6 15 6 17 7 15 7 16 8 17 8 17 9 17 9 18 10 19 10 19 10 20 11 19 11 19 11 19 11 20 12 19 10 21 11 20 11 21 12 21 11 21 11 22 11 22 10 23 10 22 10 ]
CSI_DATA,PASSIVE,7C:21:4A:A1:EA:28,-40,11,0,0,0,0,0,0,0,0,0,-96,0,11,0,46406049,0,30,0,0,46.5929,128,[30 -32 1 0 25 4 24 3 25 4 25 4 25 3 24 3 24 3 23 2 24 2 23 2 23 1 23 2 23 1 23 2 22 2 23 2 22 2 21 2 21 3 20 3 20 3 19 3 18 4 18 4 17 4 0 0 0 0 0 0 0 0 0 0 0 0 0 0 0 0 0 0 0 0 0 0 17 1 17 1 18 2 18 2 19 2 19 3 20 3 21 3 21 4 22 4 22 5 22 6 22 5 22 6 22 6 23 6 22 5 23 5 23 5 24 5 23 4 24 4 24 4 24 4 25 5 26 4 ]
CSI_DATA,PASSIVE,7C:21:4A:A1:EA:28,-39,11,0,0,0,0,0,0,0,0,0,-96,0,11,0,46406265,0,30,0,0,46.5977,128,[30 -32 1 0 10 22 10 23 10 22 11 22 11 23 10 22 11 21 11 21 11 20 11 21 11 20 11 20 11 21 10 20 10 20 10 20 10 20 9 19 9 19 8 18 7 18 7 17 6 17 6 17 5 17 0 0 0 0 0 0 0 0 0 0 0 0 0 0 0 0 0 0 0 0 0 0 8 13 8 15 8 15 7 16 7 16 8 17 7 17 8 18 8 19 7 20 7 20 8 21 7 20 8 21 7 21 8 21 8 21 8 20 8 22 9 22 9 21 9 22 9 21 10 23 10 23 11 23 ]
CSI_DATA,PASSIVE,7C:21:4A:A1:EA:28,-40,11,0,0,0,0,0,0,0,0,0,-96,0,11,0,46406463,0,30,0,0,46.6027,128,[30 -32 1 0 -27 -3 -26 -3 -26 -4 -26 -3 -26 -3 -25 -3 -25 -3 -25 -2 -25 -2 -24 -2 -24 -1 -24 -1 -24 -1 -23 -1 -23 -2 -23 -1 -23 -2 -22 -2 -22 -3 -21 -3 -20 -3 -20 -3 -19 -3 -19 -4 -18 -4 0 0 0 0 0 0 0 0 0 0 0 0 0 0 0 0 0 0 0 0 0 0 -18 -1 -19 -1 -19 -2 -19 -2 -20 -3 -21 -3 -21 -3 -22 -4 -23 -4 -23 -4 -23 -5 -24 -5 -23 -5 -24 -6 -24 -6 -24 -6 -24 -5 -24 -5 -24 -5 -25 -5 -24 -4 -25 -4 -25 -4 -25 -4 -26 -4 -27 -4 ]
CSI_DATA,PASSIVE,7C:21:4A:A1:EA:28,-40,11,0,0,0,0,0,0,0,0,0,-96,0,11,0,46406652,0,30,0,0,46.6085,128,[30 -32 1 0 -17 30 -16 29 -15 28 -15 28 -14 28 -14 28 -13 28 -13 28 -13 27 -13 28 -12 28 -12 27 -12 28 -11 26 -12 26 -12 26 -12 26 -12 25 -12 24 -12 23 -12 22 -12 22 -12 21 -12 20 -13 19 0 0 0 0 0 0 0 0 0 0 0 0 0 0 0 0 0 0 0 0 0 0 -10 18 -10 18 -11 19 -12 19 -12 19 -13 20 -13 20 -14 21 -15 22 -15 22 -16 22 -17 23 -16 22 -17 23 -17 23 -17 24 -16 23 -16 24 -16 25 -17 25 -16 25 -16 26 -16 26 -16 27 -16 27 -16 27 ]
CSI_DATA,PASSIVE,7C:21:4A:A1:EA:28,-40,11,0,0,0,0,0,0,0,0,0,-96,0,11,0,46406823,0,30,0,0,46.6144,128,[30 -32 1 0 30 0 29 0 28 0 28 -1 28 -1 28 -1 27 -1 26 -2 27 -2 26 -3 26 -3 25 -3 26 -3 25 -3 25 -3 25 -3 25 -2 24 -2 24 -1 23 -1 22 -1 21 0 21 0 21 1 20 1 0 0 0 0 0 0 0 0 0 0 0 0 0 0 0 0 0 0 0 0 0 0 20 -2 20 -1 21 -1 21 -1 21 0 22 0 23 0 24 0 25 1 25 1 25 2 26 2 26 2 26 2 26 2 27 3 26 2 27 2 27 2 27 2 27 1 28 1 28 1 28 0 29 0 28 -1 ]
CSI_DATA,PASSIVE,7C:21:4A:A1:EA:28,-40,11,0,0,0,0,0,0,0,0,0,-96,0,11,0,46407021,0,30,0,0,46.6194,128,[30 -32 1 0 -22 15 -22 14 -21 14 -21 14 -20 15 -21 15 -20 14 -20 14 -19 14 -18 15 -19 14 -20 15 -19 15 -18 14 -18 14 -18 14 -18 13 -18 13 -17 12 -17 11 -17 11 -16 11 -16 9 -17 9 -16 8 0 0 0 0 0 0 0 0 0 0 0 0 0 0 0 0 0 0 0 0 0 0 -13 10 -15 9 -15 10 -16 9 -15 9 -17 10 -17 10 -18 10 -19 10 -19 10 -20 10 -20 11 -20 10 -21 10 -20 10 -21 10 -21 11 -21 11 -21 12 -21 12 -21 12 -21 12 -20 12 -21 13 -22 14 -22 14 ]
CSI_DATA,PASSIVE,7C:21:4A:A1:EA:28,-40,11,0,0,0,0,0,0,0,0,0,-96,0,11,0,46429047,0,30,0,0,46.6252,128,[30 -32 1 0 -26 5 -24 5 -25 4 -25 5 -24 5 -24 5 -23 5 -22 6 -22 6 -23 6 -21 6 -21 6 -22 6 -20 5 -20 6 -20 6 -21 6 -19 5 -20 4 -19 4 -18 4 -17 3 -17 2 -17 3 -17 2 0 0 0 0 0 0 0 0 0 0 0 0 0 0 0 0 0 0 0 0 0 0 -17 5 -18 5 -19 4 -19 4 -19 3 -20 4 -21 3 -22 4 -22 3 -23 3 -23 3 -24 3 -23 2 -23 3 -24 3 -24 2 -24 2 -23 3 -24 3 -25 3 -23 4 -24 3 -24 3 -25 5 -26 5 -25 4 ]
CSI_DATA,PASSIVE,7C:21:4A:A1:EA:28,-40,11,0,0,0,0,0,0,0,0,0,-96,0,11,0,46431337,0,30,0,0,46.6304,128,[30 -32 1 0 17 -27 16 -26 16 -25 16 -26 15 -26 14 -26 14 -25 13 -25 13 -25 12 -25 12 -25 12 -24 11 -24 11 -24 11 -24 11 -24 12 -24 12 -23 12 -22 11 -21 11 -20 11 -20 11 -19 12 -18 12 -17 0 0 0 0 0 0 0 0 0 0 0 0 0 0 0 0 0 0 0 0 0 0 10 -19 11 -19 12 -20 13 -20 13 -20 14 -21 14 -21 15 -21 16 -22 16 -22 17 -22 18 -22 17 -21 18 -22 18 -22 18 -23 17 -22 17 -23 17 -24 17 -24 16 -24 16 -24 16 -24 17 -25 17 -26 16 -26 ]
CSI_DATA,PASSIVE,7C:21:4A:A1:EA:28,-41,11,0,0,0,0,0,0,0,0,0,-96,0,11,0,46528891,0,30,0,0,46.6951,128,[30 -32 1 0 -25 -9 -24 -9 -24 -9 -24 -9 -24 -8 -24 -8 -23 -8 -23 -7 -23 -7 -23 -7 -23 -6 -23 -6 -23 -6 -22 -6 -22 -7 -22 -7 -22 -7 -21 -7 -21 -8 -20 -7 -19 -8 -18 -8 -18 -8 -17 -8 -17 -8 0 0 0 0 0 0 0 0 0 0 0 0 0 0 0 0 0 0 0 0 0 0 -17 -5 -17 -5 -18 -6 -18 -6 -18 -6 -19 -7 -20 -7 -20 -8 -21 -8 -21 -9 -21 -9 -22 -10 -21 -9 -21 -10 -21 -10 -22 -10 -21 -10 -22 -10 -22 -10 -23 -10 -22 -9 -23 -9 -23 -9 -23 -9 -25 -9 -25 -9 ]
CSI_DATA,PASSIVE,7C:21:4A:A1:EA:28,-40,11,0,0,0,0,0,0,0,0,0,-96,0,11,0,46621230,0,30,0,0,46.7875,128,[30 -32 1 0 27 4 27 3 25 3 26 3 26 2 25 2 25 2 24 2 24 1 24 1 24 1 23 1 24 1 23 1 23 1 22 1 22 2 22 2 21 2 20 2 19 2 19 3 18 3 18 3 17 4 0 0 0 0 0 0 0 0 0 0 0 0 0 0 0 0 0 0 0 0 0 0 19 0 19 0 20 1 20 1 20 2 21 2 22 2 23 3 23 4 23 4 24 4 24 5 24 5 24 5 24 5 24 5 24 5 24 5 25 5 25 5 25 4 25 3 25 4 26 3 27 3 26 2 ]
CSI_DATA,PASSIVE,7C:21:4A:A1:EA:28,-40,11,0,0,0,0,0,0,0,0,0,-96,0,11,0,46621401,0,30,0,0,46.7924,128,[30 -32 1 0 26 -3 25 -3 26 -3 26 -3 26 -3 25 -3 25 -3 24 -4 25 -4 24 -5 24 -5 24 -5 23 -5 23 -4 23 -4 23 -4 23 -4 22 -3 22 -3 21 -2 20 -2 20 -2 19 -2 19 -1 18 0 0 0 0 0 0 0 0 0 0 0 0 0 0 0 0 0 0 0 0 0 0 0 17 -3 17 -2 18 -2 18 -1 19 -1 19 -1 20 0 21 -1 22 0 22 0 22 0 23 0 22 0 23 0 23 0 24 1 23 0 23 0 24 -1 25 0 24 -1 24 -1 24 -1 25 -2 26 -2 26 -2 ]
CSI_DATA,PASSIVE,7C:21:4A:A1:EA:28,-40,11,0,0,0,0,0,0,0,0,0,-96,0,11,0,46621636,0,30,0,0,46.7976,128,[30 -32 1 0 27 -7 25 -8 25 -7 25 -7 25 -7 24 -7 24 -7 23 -7 23 -8 23 -9 22 -9 21 -9 22 -8 22 -8 21 -8 21 -8 21 -7 21 -7 21 -6 20 -5 19 -5 19 -5 18 -5 17 -4 17 -4 0 0 0 0 0 0 0 0 0 0 0 0 0 0 0 0 0 0 0 0 0 0 17 -7 18 -7 19 -7 19 -6 19 -6 20 -6 21 -6 22 -6 23 -6 23 -5 23 -5 24 -5 23 -5 24 -5 24 -4 25 -5 24 -5 25 -5 25 -6 25 -5 24 -6 25 -6 25 -6 25 -7 26 -8 25 -8 ]
CSI_DATA,PASSIVE,7C:21:4A:A1:EA:28,-40,11,0,0,0,0,0,0,0,0,0,-96,0,11,0,46621868,0,30,0,0,46.8029,128,[30 -32 1 0 32 -12 29 -12 31 -12 29 -12 30 -13 29 -13 29 -13 28 -13 29 -13 28 -13 28 -13 27 -12 26 -13 27 -14 26 -12 27 -13 26 -12 25 -12 26 -11 25 -10 24 -10 24 -9 23 -7 23 -7 22 -6 0 0 0 0 0 0 0 0 0 0 0 0 0 0 0 0 0 0 0 0 0 0 20 -9 20 -8 22 -8 21 -8 23 -8 23 -8 24 -8 24 -8 26 -8 27 -7 27 -6 29 -6 28 -6 28 -6 27 -7 29 -8 27 -8 29 -8 28 -9 30 -9 28 -10 29 -11 30 -9 30 -10 31 -10 30 -11 ]
CSI_DATA,PASSIVE,7C:21:4A:A1:EA:28,-40,11,0,0,0,0,0,0,0,0,0,-96,0,11,0,46622039,0,30,0,0,46.8084,128,[30 -32 1 0 -19 -20 -18 -20 -18 -20 -18 -20 -19 -19 -18 -19 -18 -18 -18 -17 -18 -18 -18 -18 -18 -17 -18 -16 -18 -16 -18 -16 -17 -16 -18 -16 -17 -16 -16 -16 -15 -16 -15 -16 -14 -15 -13 -15 -13 -15 -12 -15 -11 -15 0 0 0 0 0 0 0 0 0 0 0 0 0 0 0 0 0 0 0 0 0 0 -15 -13 -14 -14 -15 -15 -15 -15 -15 -15 -15 -16 -16 -17 -16 -17 -16 -18 -16 -19 -15 -20 -16 -20 -15 -20 -15 -20 -15 -20 -16 -21 -16 -20 -17 -20 -17 -20 -17 -21 -17 -20 -18 -20 -17 -20 -18 -21 -19 -21 -20 -20 ]
CSI_DATA,PASSIVE,7C:21:4A:A1:EA:28,-40,11,0,0,0,0,0,0,0,0,0,-96,0,11,0,46622264,0,30,0,0,46.8148,128,[30 -32 1 0 -30 -12 -28 -10 -28 -11 -28 -10 -28 -10 -28 -10 -27 -9 -27 -8 -28 -9 -27 -9 -27 -8 -27 -8 -26 -8 -27 -8 -25 -8 -27 -8 -25 -8 -25 -8 -24 -8 -23 -8 -22 -8 -22 -9 -21 -9 -20 -9 -19 -10 0 0 0 0 0 0 0 0 0 0 0 0 0 0 0 0 0 0 0 0 0 0 -19 -7 -19 -8 -20 -9 -19 -9 -20 -10 -20 -10 -21 -10 -22 -11 -23 -11 -23 -12 -23 -13 -23 -14 -23 -13 -23 -14 -23 -13 -25 -13 -23 -12 -25 -13 -25 -12 -26 -12 -25 -12 -26 -12 -27 -12 -27 -12 -27 -12 -27 -11 ]
CSI_DATA,PASSIVE,7C:21:4A:A1:EA:28,-40,11,0,0,0,0,0,0,0,0,0,-96,0,11,0,46622444,0,30,0,0,46.821,128,[30 -32 1 0 -27 7 -27 7 -25 6 -26 6 -25 7 -25 7 -24 7 -24 7 -24 7 -23 8 -23 8 -23 8 -23 8 -22 7 -22 7 -22 8 -22 7 -21 6 -21 5 -20 5 -20 4 -19 4 -18 4 -18 4 -18 3 0 0 0 0 0 0 0 0 0 0 0 0 0 0 0 0 0 0 0 0 0 0 -18 5 -19 5 -20 5 -20 5 -20 4 -22 4 -22 4 -23 4 -24 4 -24 4 -24 4 -25 3 -24 3 -25 3 -25 3 -25 3 -25 3 -25 4 -26 4 -26 4 -25 4 -26 5 -25 5 -26 6 -27 6 -27 6 ]
CSI_DATA,PASSIVE,7C:21:4A:A1:EA:28,-40,11,0,0,0,0,0,0,0,0,0,-96,0,11,0,46622615,0,30,0,0,46.8263,128,[30 -32 1 0 22 -15 21 -15 21 -15 21 -15 21 -15 20 -15 20 -15 20 -15 20 -16 19 -16 19 -16 18 -16 18 -16 18 -15 18 -15 18 -15 18 -14 18 -14 18 -13 17 -13 17 -12 16 -11 16 -11 16 -10 16 -9 0 0 0 0 0 0 0 0 0 0 0 0 0 0 0 0 0 0 0 0 0 0 14 -11 15 -11 15 -11 15 -10 16 -10 16 -11 17 -10 18 -11 19 -11 19 -11 20 -11 20 -11 20 -11 21 -11 20 -11 21 -11 20 -11 20 -12 20 -12 21 -12 20 -13 21 -13 20 -13 21 -14 22 -14 22 -15 ]
CSI_DATA,PASSIVE,7C:21:4A:A1:EA:28,-40,11,0,0,0,0,0,0,0,0,0,-96,0,11,0,46622831,0,30,0,0,46.8321,128,[30 -32 1 0 -27 10 -25 10 -25 9 -25 10 -24 11 -24 11 -23 10 -22 11 -22 11 -22 11 -22 11 -21 11 -21 11 -21 11 -20 11 -21 11 -20 10 -20 10 -20 9 -19 9 -18 8 -18 8 -18 7 -17 6 -17 6 0 0 0 0 0 0 0 0 0 0 0 0 0 0 0 0 0 0 0 0 0 0 -18 7 -18 7 -19 7 -19 7 -19 6 -21 7 -21 7 -22 7 -23 7 -23 6 -24 6 -25 6 -24 6 -24 6 -24 6 -25 6 -24 6 -25 7 -25 7 -25 8 -24 8 -24 9 -25 9 -25 9 -26 10 -25 10 ]
CSI_DATA,PASSIVE,7C:21:4A:A1:EA:28,-40,11,0,0,0,0,0,0,0,0,0,-96,0,11,0,46623047,0,30,0,0,46.8376,128,[30 -32 1 0 -10 25 -9 24 -10 23 -9 24 -9 24 -9 24 -8 23 -8 23 -8 23 -8 23 -7 23 -7 23 -7 23 -7 22 -7 22 -7 22 -7 21 -7 21 -7 20 -7 20 -8 19 -8 18 -8 18 -8 17 -8 17 0 0 0 0 0 0 0 0 0 0 0 0 0 0 0 0 0 0 0 0 0 0 -7 16 -7 16 -8 17 -8 17 -8 17 -9 17 -9 18 -10 19 -10 19 -11 19 -11 19 -12 20 -11 19 -12 20 -11 20 -12 21 -11 20 -11 21 -11 21 -11 22 -10 22 -11 22 -10 22 -11 23 -11 23 -10 24 ]
CSI_DATA,PASSIVE,7C:21:4A:A1:EA:28,-40,11,0,0,0,0,0,0,0,0,0,-96,0,11,0,46647463,0,30,0,0,46.8431,128,[30 -32 1 0 11 24 11 23 10 22 11 23 11 22 11 22 11 21 11 21 11 20 12 20 12 20 11 19 12 19 12 19 11 19 12 19 11 19 10 19 10 19 9 18 9 17 8 17 8 17 7 17 6 16 0 0 0 0 0 0 0 0 0 0 0 0 0 0 0 0 0 0 0 0 0 0 8 15 8 16 8 16 8 16 8 17 8 18 8 19 8 19 9 20 8 20 8 21 8 22 8 21 8 22 7 22 8 22 8 22 8 22 9 22 9 23 9 22 9 22 10 22 10 23 11 23 11 23 ]
CSI_DATA,PASSIVE,7C:21:4A:A1:EA:28,-40,11,0,0,0,0,0,0,0,0,0,-96,0,11,0,46689831,0,30,0,0,46.8561,128,[30 -32 1 0 14 -23 14 -23 14 -23 14 -23 14 -23 13 -23 13 -22 13 -22 12 -23 11 -23 11 -23 11 -22 11 -23 11 -21 11 -22 11 -21 11 -21 12 -20 12 -20 11 -19 12 -18 11 -17 11 -17 11 -16 11 -16 0 0 0 0 0 0 0 0 0 0 0 0 0 0 0 0 0 0 0 0 0 0 8 -17 9 -17 9 -17 10 -18 10 -17 11 -18 12 -18 12 -19 13 -20 13 -19 13 -20 14 -20 14 -20 14 -20 15 -20 15 -20 15 -21 14 -20 15 -22 15 -21 14 -21 14 -22 14 -22 14 -23 14 -24 14 -25 ]
CSI_DATA,PASSIVE,7C:21:4A:A1:EA:28,-40,11,0,0,0,0,0,0,0,0,0,-96,0,11,0,46690031,0,30,0,0,46.8621,128,[30 -32 1 0 22 -14 22 -14 22 -13 22 -14 22 -14 22 -14 21 -14 21 -14 20 -14 20 -15 20 -15 20 -15 20 -15 20 -14 20 -14 19 -14 20 -13 19 -12 20 -12 19 -11 18 -10 18 -10 18 -10 18 -10 17 -8 0 0 0 0 0 0 0 0 0 0 0 0 0 0 0 0 0 0 0 0 0 0 14 -10 15 -9 16 -10 16 -9 17 -9 17 -9 18 -9 18 -9 19 -9 19 -10 20 -10 21 -10 20 -10 21 -10 21 -10 21 -10 20 -10 21 -11 21 -11 22 -11 21 -11 22 -12 21 -12 21 -13 22 -13 22 -14 ]
CSI_DATA,PASSIVE,7C:21:4A:A1:EA:28,-40,11,0,0,0,0,0,0,0,0,0,-96,0,11,0,46690202,0,30,0,0,46.8678,128,[30 -32 1 0 22 -10 22 -9 23 -9 22 -9 21 -9 22 -9 21 -10 20 -10 21 -9 20 -10 20 -10 19 -10 19 -10 19 -10 19 -9 19 -9 19 -9 18 -8 18 -8 18 -7 17 -7 16 -6 16 -5 16 -5 16 -4 0 0 0 0 0 0 0 0 0 0 0 0 0 0 0 0 0 0 0 0 0 0 15 -8 15 -8 16 -8 16 -8 16 -8 17 -8 17 -8 18 -8 19 -7 20 -7 20 -7 21 -7 21 -6 21 -7 21 -7 21 -7 20 -7 21 -8 22 -8 22 -8 21 -8 22 -8 21 -8 23 -8 23 -9 24 -10 ]
CSI_DATA,PASSIVE,7C:21:4A:A1:EA:28,-40,11,0,0,0,0,0,0,0,0,0,-96,0,11,0,46690373,0,30,0,0,46.8732,128,[30 -32 1 0 25 4 25 4 25 4 25 4 25 4 25 4 25 4 24 4 25 3 25 3 24 2 24 3 24 2 23 3 23 3 23 3 23 4 22 4 22 4 21 4 20 5 20 5 19 5 19 6 18 6 0 0 0 0 0 0 0 0 0 0 0 0 0 0 0 0 0 0 0 0 0 0 17 2 17 2 18 3 18 3 18 4 19 4 19 5 20 5 20 5 21 5 21 6 22 6 21 6 22 6 22 6 22 7 22 6 22 6 23 6 23 6 23 5 23 6 23 5 24 5 25 5 26 5 ]
CSI_DATA,PASSIVE,7C:21:4A:A1:EA:28,-40,11,0,0,0,0,0,0,0,0,0,-96,0,11,0,46690544,0,30,0,0,46.878,128,[30 -32 1 0 -25 -7 -25 -8 -23 -7 -24 -7 -24 -6 -23 -7 -23 -6 -23 -6 -22 -5 -23 -5 -23 -4 -22 -4 -23 -4 -22 -4 -22 -5 -21 -4 -21 -4 -21 -5 -20 -6 -19 -5 -19 -6 -17 -5 -17 -5 -17 -6 -16 -6 0 0 0 0 0 0 0 0 0 0 0 0 0 0 0 0 0 0 0 0 0 0 -17 -4 -18 -5 -18 -6 -18 -6 -17 -6 -19 -7 -19 -7 -20 -7 -20 -8 -20 -7 -21 -9 -22 -10 -21 -8 -21 -9 -22 -9 -22 -9 -22 -9 -21 -9 -23 -9 -23 -8 -23 -7 -23 -8 -23 -8 -23 -7 -24 -7 -25 -7 ]
CSI_DATA,PASSIVE,7C:21:4A:A1:EA:28,-40,11,0,0,0,0,0,0,0,0,0,-96,0,11,0,46691055,0,30,0,0,46.8839,128,[30 -32 1 0 32 7 31 7 32 7 32 7 32 6 31 6 31 5 30 5 31 5 31 5 30 5 29 5 30 4 30 4 29 4 29 5 29 5 28 5 28 5 26 5 25 5 25 6 24 7 23 8 22 8 0 0 0 0 0 0 0 0 0 0 0 0 0 0 0 0 0 0 0 0 0 0 20 5 21 6 22 6 22 7 22 7 23 8 23 8 24 8 25 9 25 10 25 11 26 11 25 11 26 11 26 10 27 10 26 9 28 9 28 9 29 9 28 8 29 8 29 8 29 9 30 9 30 8 ]
CSI_DATA,PASSIVE,7C:21:4A:A1:EA:28,-40,11,0,0,0,0,0,0,0,0,0,-96,0,11,0,46691226,0,30,0,0,46.8887,128,[30 -32 1 0 13 20 14 20 14 19 14 19 15 18 15 19 14 18 15 17 14 17 14 17 14 17 14 16 14 16 13 16 14 16 14 16 13 17 13 16 12 15 11 15 11 15 10 14 9 14 9 14 8 14 0 0 0 0 0 0 0 0 0 0 0 0 0 0 0 0 0 0 0 0 0 0 10 12 11 13 11 14 11 14 10 14 11 15 11 16 11 16 12 18 11 17 11 18 12 19 11 19 11 19 11 19 11 19 12 19 11 19 12 20 12 19 13 19 13 20 12 19 13 19 15 20 15 19 ]
CSI_DATA,PASSIVE,7C:21:4A:A1:EA:28,-40,11,0,0,0,0,0,0,0,0,0,-96,0,11,0,46691397,0,30,0,0,46.894,128,[30 -32 1 0 -9 -30 -9 -29 -8 -28 -9 -29 -10 -28 -10 -28 -10 -28 -10 -27 -10 -27 -11 -27 -11 -27 -11 -26 -11 -26 -11 -25 -10 -26 -10 -25 -10 -26 -9 -25 -9 -25 -8 -24 -8 -23 -7 -23 -6 -22 -6 -22 -5 -22 0 0 0 0 0 0 0 0 0 0 0 0 0 0 0 0 0 0 0 0 0 0 -5 -20 -4 -20 -4 -21 -4 -22 -4 -22 -4 -23 -4 -23 -4 -24 -4 -24 -3 -25 -3 -26 -3 -27 -3 -26 -3 -26 -3 -26 -4 -27 -5 -26 -5 -26 -5 -28 -5 -28 -6 -27 -6 -28 -7 -27 -7 -28 -7 -29 -8 -29 ]
CSI_DATA,PASSIVE,7C:21:4A:A1:EA:28,-40,11,0,0,0,0,0,0,0,0,0,-96,0,11,0,46691613,0,30,0,0,46.9,128,[30 -32 1 0 7 23 7 23 7 22 8 22 9 23 8 22 8 21 8 21 9 21 8 20 9 20 8 20 9 20 8 19 8 19 8 19 8 20 7 19 6 19 6 18 5 17 5 16 5 16 4 17 4 16 0 0 0 0 0 0 0 0 0 0 0 0 0 0 0 0 0 0 0 0 0 0 7 15 6 16 6 16 6 16 6 16 6 18 6 18 7 19 6 20 6 20 5 21 5 21 5 21 5 22 5 22 5 22 5 22 5 21 6 22 6 22 7 22 7 22 7 22 7 23 8 24 9 23 ]
CSI_DATA,PASSIVE,7C:21:4A:A1:EA:28,-40,11,0,0,0,0,0,0,0,0,0,-96,0,11,0,46691811,0,30,0,0,46.9048,128,[30 -32 1 0 -6 25 -6 25 -5 24 -5 25 -4 25 -5 25 -4 24 -4 24 -4 24 -4 24 -4 24 -4 23 -4 24 -4 22 -5 23 -4 22 -5 23 -5 22 -6 21 -5 21 -6 20 -6 19 -7 18 -7 18 -8 17 0 0 0 0 0 0 0 0 0 0 0 0 0 0 0 0 0 0 0 0 0 0 -2 17 -2 17 -3 17 -4 18 -3 18 -4 19 -4 19 -4 20 -5 20 -5 20 -5 21 -6 22 -6 21 -6 22 -6 22 -7 22 -6 22 -6 22 -6 23 -6 23 -5 23 -5 23 -5 23 -6 24 -6 25 -4 26 ]
CSI_DATA,PASSIVE,7C:21:4A:A1:EA:28,-40,11,0,0,0,0,0,0,0,0,0,-96,0,11,0,46716060,0,30,0,0,46.91,128,[30 -32 1 0 15 -25 14 -25 14 -24 14 -24 13 -24 13 -24 12 -23 12 -23 11 -23 11 -24 11 -23 11 -23 10 -23 11 -22 11 -22 11 -22 11 -22 11 -21 11 -20 11 -19 11 -19 10 -18 10 -17 11 -17 11 -16 0 0 0 0 0 0 0 0 0 0 0 0 0 0 0 0 0 0 0 0 0 0 7 -19 8 -19 9 -19 9 -19 10 -19 10 -20 11 -20 12 -21 13 -21 13 -21 13 -21 14 -22 14 -21 15 -22 15 -22 15 -22 14 -22 14 -22 15 -23 15 -23 14 -23 14 -23 14 -23 14 -24 14 -25 13 -25 ]
CSI_DATA,PASSIVE,7C:21:4A:A1:EA:28,-40,11,0,0,0,0,0,0,0,0,0,-96,0,11,0,46716277,0,30,0,0,46.9158,128,[30 -32 1 0 -3 -26 -3 -26 -3 -26 -4 -26 -4 -26 -4 -26 -4 -25 -4 -24 -4 -24 -4 -24 -5 -24 -5 -24 -5 -24 -4 -23 -4 -23 -4 -23 -4 -23 -3 -22 -3 -22 -2 -21 -2 -21 -2 -19 -1 -19 -1 -19 0 -19 0 0 0 0 0 0 0 0 0 0 0 0 0 0 0 0 0 0 0 0 0 0 -3 -18 -3 -18 -3 -19 -2 -19 -2 -19 -2 -20 -2 -21 -2 -21 -2 -22 -1 -22 -1 -23 -1 -24 -1 -23 -1 -24 -1 -23 -1 -24 -1 -24 -1 -24 -2 -25 -1 -25 -2 -24 -2 -25 -2 -24 -2 -25 -3 -27 -4 -27 ]
CSI_DATA,PASSIVE,7C:21:4A:A1:EA:28,-39,11,0,0,0,0,0,0,0,0,0,-96,0,11,0,46716493,0,30,0,0,46.9216,128,[30 -32 1 0 -11 -24 -10 -23 -10 -24 -10 -23 -11 -23 -11 -23 -10 -22 -11 -22 -11 -22 -11 -21 -11 -21 -11 -21 -11 -20 -10 -20 -10 -20 -10 -20 -10 -20 -9 -19 -9 -19 -8 -18 -7 -18 -7 -17 -7 -17 -6 -17 -6 -17 0 0 0 0 0 0 0 0 0 0 0 0 0 0 0 0 0 0 0 0 0 0 -10 -16 -9 -17 -9 -17 -9 -18 -9 -18 -9 -20 -9 -20 -9 -20 -9 -21 -9 -22 -8 -22 -8 -23 -8 -23 -8 -23 -8 -23 -7 -23 -9 -22 -8 -23 -8 -23 -9 -23 -10 -23 -9 -23 -9 -23 -10 -24 -10 -25 -11 -25 ]
CSI_DATA,PASSIVE,7C:21:4A:A1:EA:28,-40,11,0,0,0,0,0,0,0,0,0,-96,0,11,0,46717845,0,30,0,0,46.9278,128,[30 -32 1 0 -2 -27 -2 -26 -2 -26 -2 -26 -2 -26 -2 -26 -2 -25 -2 -25 -3 -25 -3 -25 -3 -25 -3 -24 -3 -24 -3 -24 -2 -24 -2 -23 -1 -23 -1 -22 -1 -22 -1 -21 0 -21 0 -20 0 -20 1 -19 2 -19 0 0 0 0 0 0 0 0 0 0 0 0 0 0 0 0 0 0 0 0 0 0 -3 -18 -3 -19 -2 -19 -2 -19 -2 -20 -1 -20 -1 -21 -1 -22 -1 -22 0 -23 0 -23 1 -24 0 -24 1 -24 1 -24 1 -25 0 -24 0 -24 0 -25 0 -25 -1 -25 -1 -26 -1 -25 -1 -26 -1 -27 -2 -27 ]
CSI_DATA,PASSIVE,7C:21:4A:A1:EA:28,-40,11,0,0,0,0,0,0,0,0,0,-96,0,11,0,46758489,0,30,0,0,46.9335,128,[30 -32 1 0 -31 3 -31 4 -29 3 -30 4 -29 4 -28 4 -28 4 -27 4 -27 5 -27 5 -27 5 -26 5 -27 6 -25 5 -25 5 -25 5 -25 5 -24 4 -24 4 -23 3 -22 3 -21 3 -21 2 -20 2 -20 1 0 0 0 0 0 0 0 0 0 0 0 0 0 0 0 0 0 0 0 0 0 0 -21 3 -22 3 -22 2 -23 2 -23 2 -24 2 -25 2 -26 2 -27 1 -27 1 -27 0 -28 0 -27 0 -28 0 -29 0 -28 0 -28 1 -28 1 -29 1 -29 1 -28 2 -29 2 -29 2 -29 3 -30 3 -30 4 ]
CSI_DATA,PASSIVE,7C:21:4A:A1:EA:28,-40,11,0,0,0,0,0,0,0,0,0,-96,0,11,0,46820011,0,30,0,0,46.9863,128,[30 -32 1 0 -31 7 -30 7 -28 7 -29 7 -28 8 -28 8 -27 8 -27 8 -26 8 -26 9 -26 9 -25 9 -25 9 -25 9 -24 8 -24 9 -24 8 -23 7 -23 7 -22 6 -21 6 -21 5 -20 5 -20 4 -19 4 0 0 0 0 0 0 0 0 0 0 0 0 0 0 0 0 0 0 0 0 0 0 -20 6 -21 6 -22 5 -22 5 -22 5 -24 5 -24 5 -25 5 -26 5 -26 4 -27 4 -28 4 -27 4 -28 4 -28 4 -29 4 -28 4 -28 4 -29 5 -29 5 -28 6 -29 6 -29 6 -29 7 -30 7 -29 7 ]
CSI_DATA,PASSIVE,7C:21:4A:A1:EA:28,-41,11,0,0,0,0,0,0,0,0,0,-96,0,11,0,46846159,0,30,0,0,47.0124,128,[30 -32 1 0 -10 -25 -10 -24 -9 -24 -9 -24 -10 -23 -10 -23 -10 -22 -10 -22 -10 -22 -10 -22 -10 -21 -10 -21 -11 -20 -10 -20 -10 -20 -10 -20 -9 -20 -9 -19 -8 -20 -8 -18 -7 -18 -7 -17 -6 -17 -6 -17 -5 -17 0 0 0 0 0 0 0 0 0 0 0 0 0 0 0 0 0 0 0 0 0 0 -8 -17 -7 -17 -8 -18 -7 -18 -7 -19 -7 -19 -7 -20 -8 -21 -7 -22 -7 -22 -7 -22 -7 -23 -6 -23 -6 -23 -6 -23 -6 -24 -7 -23 -7 -23 -8 -24 -8 -24 -9 -23 -8 -24 -8 -23 -9 -24 -9 -25 -9 -25 ]
CSI_DATA,PASSIVE,7C:21:4A:A1:EA:28,-40,11,0,0,0,0,0,0,0,0,0,-96,0,11,0,46860931,0,30,0,0,47.0272,128,[30 -32 1 0 -1 29 -1 29 0 29 0 29 0 28 0 28 1 27 1 27 1 27 1 27 1 26 1 26 2 26 1 25 1 25 1 25 1 25 0 24 0 23 -1 22 -1 22 -1 21 -2 20 -2 20 -3 19 0 0 0 0 0 0 0 0 0 0 0 0 0 0 0 0 0 0 0 0 0 0 1 20 1 21 0 21 0 21 0 22 0 23 -1 24 -1 24 -1 26 -2 25 -2 26 -3 27 -3 26 -3 27 -3 27 -3 27 -3 27 -2 27 -2 28 -2 28 -1 27 -1 28 -1 28 -1 29 -1 30 0 30 ]
