Subcarrier,Lag,Cross-Correlation
1,-32,43.86342439892262
1,-31,87.72684879784524
1,-30,131.59027319676784
1,-29,175.45369759569047
1,-28,219.3171219946131
1,-27,263.18054639353574
1,-26,307.04397079245837
1,-25,350.907395191381
1,-24,394.77081959030363
1,-23,438.63424398922626
1,-22,482.4976683881489
1,-21,526.3610927870715
1,-20,570.224517185994
1,-19,614.0879415849166
1,-18,657.9513659838392
1,-17,701.8147903827619
1,-16,745.6782147816845
1,-15,789.541639180607
1,-14,833.4050635795296
1,-13,877.2684879784522
1,-12,921.1319123773748
1,-11,964.9953367762973
1,-10,1008.8587611752199
1,-9,1052.7221855741425
1,-8,1096.5856099730652
1,-7,1140.4490343719879
1,-6,1184.3124587709106
1,-5,1228.1758831698332
1,-4,1272.039307568756
1,-3,1315.9027319676786
1,-2,1359.7661563666013
1,-1,1403.6295807655238
1,0,1447.4930051644465
1,1,1403.6295807655238
1,2,1359.7661563666013
1,3,1315.9027319676786
1,4,1272.039307568756
1,5,1228.1758831698332
1,6,1184.3124587709106
1,7,1140.4490343719879
1,8,1096.5856099730652
1,9,1052.7221855741425
1,10,1008.8587611752199
1,11,964.9953367762973
1,12,921.1319123773748
1,13,877.2684879784522
1,14,833.4050635795296
1,15,789.541639180607
1,16,745.6782147816845
1,17,701.8147903827619
1,18,657.9513659838392
1,19,614.0879415849166
1,20,570.224517185994
1,21,526.3610927870715
1,22,482.4976683881489
1,23,438.63424398922626
1,24,394.77081959030363
1,25,350.907395191381
1,26,307.04397079245837
1,27,263.18054639353574
1,28,219.3171219946131
1,29,175.45369759569047
1,30,131.59027319676784
1,31,87.72684879784524
1,32,43.86342439892262
2,-32,1.0
2,-31,2.0
2,-30,3.0
2,-29,4.0
2,-28,5.0
2,-27,6.0
2,-26,7.0
2,-25,8.0
2,-24,9.0
2,-23,10.0
2,-22,11.0
2,-21,12.0
2,-20,13.0
2,-19,14.0
2,-18,15.0
2,-17,16.0
2,-16,17.0
2,-15,18.0
2,-14,19.0
2,-13,20.0
2,-12,21.0
2,-11,22.0
2,-10,23.0
2,-9,24.0
2,-8,25.0
2,-7,26.0
2,-6,27.0
2,-5,28.0
2,-4,29.0
2,-3,30.0
2,-2,31.0
2,-1,32.0
2,0,33.0
2,1,32.0
2,2,31.0
2,3,30.0
2,4,29.0
2,5,28.0
2,6,27.0
2,7,26.0
2,8,25.0
2,9,24.0
2,10,23.0
2,11,22.0
2,12,21.0
2,13,20.0
2,14,19.0
2,15,18.0
2,16,17.0
2,17,16.0
2,18,15.0
2,19,14.0
2,20,13.0
2,21,12.0
2,22,11.0
2,23,10.0
2,24,9.0
2,25,8.0
2,26,7.0
2,27,6.0
2,28,5.0
2,29,4.0
2,30,3.0
2,31,2.0
2,32,1.0
3,-32,-1.0622680056770015
3,-31,-0.825341062811804
3,-30,-2.1939449307922607
3,-29,-1.3116757621043773
3,-28,-0.08961967540814175
3,-27,1.577620067165235
3,-26,1.8648780649436445
3,-25,0.4235036326824593
3,-24,-0.23159239082288674
3,-23,-0.6947851450614544
3,-22,-1.0713348349644323
3,-21,1.5671418598753177
3,-20,1.0343726479688717
3,-19,1.068780296929316
3,-18,1.9510494656171995
3,-17,1.4878567113786318
3,-16,0.335976746531891
3,-15,0.02848233209151957
3,-14,-0.19301321881748582
3,-13,0.8355160101794041
3,-12,0.9376444003446556
3,-11,0.19472341515217795
3,-10,1.8619631577255547
3,-9,1.1893322577168375
3,-8,-0.6385807129000161
3,-7,0.38994851609687387
3,-6,0.288261416102942
3,-5,-0.48989550450486175
3,-4,0.06382473908326625
3,-3,-1.1420155497355378
3,-2,-0.9555383209532389
3,-1,-0.7186113780880419
3,0,-4.551914400963142e-14
3,1,1.0622680056769565
3,2,0.8253410628117587
3,3,2.1939449307922163
3,4,1.3116757621043331
3,5,0.08961967540809679
3,6,-1.5776200671652798
3,7,-1.8648780649436894
3,8,-0.42350363268250457
3,9,0.23159239082284155
3,10,0.6947851450614096
3,11,1.0713348349643876
3,12,-1.5671418598753621
3,13,-1.0343726479689168
3,14,-1.0687802969293607
3,15,-1.9510494656172443
3,16,-1.487856711378677
3,17,-0.3359767465319361
3,18,-0.028482332091564477
3,19,0.1930132188174406
3,20,-0.8355160101794492
3,21,-0.9376444003447004
3,22,-0.1947234151522227
3,23,-1.8619631577255997
3,24,-1.1893322577168826
3,25,0.6385807128999711
3,26,-0.38994851609691894
3,27,-0.28826141610298706
3,28,0.4898955045048168
3,29,-0.06382473908331121
3,30,1.142015549735493
3,31,0.9555383209531939
3,32,0.7186113780879964
4,-32,-1.4452455646574638
4,-31,-0.9275718211736127
4,-30,-1.8279799269112917
4,-29,-1.3103061834274405
4,-28,0.5718670509740973
4,-27,2.1499943612617356
4,-26,2.3043945811718776
4,-25,0.3720287594946652
4,-24,-0.6860289475470307
4,-23,-1.318517948564955
4,-22,-2.0177139508870376
4,-21,0.045269354981647414
4,-20,0.17813939489884456
4,-19,0.18144469997583015
4,-18,1.0991898490812273
4,-17,0.7317491424163003
4,-16,0.7350544474932859
4,-15,0.6950242317435549
4,-14,0.23954739639430767
4,-13,0.11262295060900346
4,-12,-0.01430149517630075
4,-11,-1.1855948709386364
4,-10,0.39253243934900217
4,-9,-0.06294439600024504
4,-8,-1.5311610442596608
4,-7,-0.21934263388147968
4,-6,0.4464410893641446
4,-5,-0.724852286398191
4,-4,0.10917491516103395
4,-3,-0.5900210871610488
4,-2,-0.716945532946353
4,-1,-1.0843862396112813
4,0,-2.6867397195928788e-14
4,1,1.445245564657437
4,2,0.9275718211735868
4,3,1.8279799269112655
4,4,1.3103061834274141
4,5,-0.5718670509741237
4,6,-2.1499943612617622
4,7,-2.3043945811719047
4,8,-0.37202875949469205
4,9,0.6860289475470038
4,10,1.318517948564928
4,11,2.017713950887011
4,12,-0.04526935498167384
4,13,-0.17813939489887098
4,14,-0.181444699975857
4,15,-1.099189849081254
4,16,-0.7317491424163265
4,17,-0.7350544474933121
4,18,-0.6950242317435809
4,19,-0.23954739639433376
4,20,-0.11262295060902971
4,21,0.01430149517627477
4,22,1.1855948709386104
4,23,-0.3925324393490284
4,24,0.06294439600021895
4,25,1.5311610442596346
4,26,0.21934263388145347
4,27,-0.4464410893641708
4,28,0.7248522863981648
4,29,-0.10917491516106015
4,30,0.5900210871610226
4,31,0.7169455329463268
4,32,1.0843862396112545
5,-32,-0.5472461060056558
5,-31,0.5223391982554481
5,-30,-0.4061379499576442
5,-29,0.09294645454347683
5,-28,0.9947766930168594
5,-27,2.8268692405877367
5,-26,2.960251682499367
5,-25,1.506397364234706
5,-24,0.41921674643987905
5,-23,-0.23955029064987
5,-22,-0.9654702571780361
5,-21,0.9882810336775253
5,-20,1.0999893689797118
5,-19,0.44122233188996274
5,-18,1.3430525703633454
5,-17,0.9511056430144613
5,-16,-0.5489757782888629
5,-15,-0.6113235156880241
5,-14,-1.0918950824598912
5,-13,0.24806112989754148
5,-12,0.0982382851767643
5,-11,-0.051584559544012865
5,-10,1.5150424139835645
5,-9,0.06118809571890327
5,-8,-1.1399851573742377
5,-7,0.1585526738622527
5,-6,0.8067371552011511
5,-5,-0.39443609789198986
5,-4,1.0693943962427728
5,-3,0.3434744297146066
5,-2,0.19365158499382945
5,-1,-0.19829534235505397
5,0,3.6914915568786455e-14
5,1,0.5472461060056928
5,2,-0.5223391982554113
5,3,0.4061379499576808
5,4,-0.09294645454344003
5,5,-0.9947766930168227
5,6,-2.8268692405877
5,7,-2.96025168249933
5,8,-1.5063973642346695
5,9,-0.41921674643984225
5,10,0.23955029064990668
5,11,0.9654702571780724
5,12,-0.9882810336774885
5,13,-1.099989368979675
5,14,-0.4412223318899256
5,15,-1.3430525703633085
5,16,-0.9511056430144249
5,17,0.5489757782888995
5,18,0.6113235156880604
5,19,1.0918950824599274
5,20,-0.2480611298975049
5,21,-0.09823828517672767
5,22,0.05158455954404956
5,23,-1.5150424139835283
5,24,-0.061188095718866686
5,25,1.1399851573742739
5,26,-0.1585526738622161
5,27,-0.8067371552011147
5,28,0.3944360978920264
5,29,-1.0693943962427364
5,30,-0.34347442971457004
5,31,-0.19365158499379287
5,32,0.1982953423550909
6,-32,-0.4896175625698977
6,-31,-0.31994478410202265
6,-30,-1.1466890676392958
6,-29,-1.0344194669091822
6,-28,0.9898922411516646
6,-27,2.369595434094854
6,-26,2.8052592232553133
6,-25,1.0598431775768504
6,-24,0.2330988940395774
6,-23,-0.8955035069018061
6,-22,-1.7222477904390792
6,-21,0.08908501771526312
6,-20,0.182187972285531
6,-19,-1.1500321328481269
6,-18,-0.35821586039523823
6,-17,-0.9464525847152216
6,-16,-0.9686910452325342
6,-15,-1.029507752383664
6,-14,-1.4601643010399383
6,-13,-0.28090850611028695
6,-12,-0.4190803938019335
6,-11,-0.5572522814935801
6,-10,0.8224509114496095
6,-9,-0.8189027962534601
6,-8,-2.151122901387118
6,-7,-1.658859479291189
6,-6,-0.47960368436153766
6,-5,-1.8118237894951956
6,-4,-1.0945351001081156
6,-3,-1.7421558839575662
6,-2,-1.8803277716492126
6,-1,-0.9401638858246191
6,0,-2.5757174171303632e-14
6,1,0.48961756256987155
6,2,0.31994478410199645
6,3,1.1466890676392694
6,4,1.0344194669091558
6,5,-0.9898922411516908
6,6,-2.3695954340948804
6,7,-2.805259223255338
6,8,-1.0598431775768775
6,9,-0.2330988940396037
6,10,0.8955035069017799
6,11,1.7222477904390532
6,12,-0.08908501771528887
6,13,-0.18218797228555728
6,14,1.150032132848101
6,15,0.35821586039521236
6,16,0.9464525847151957
6,17,0.9686910452325082
6,18,1.0295077523836378
6,19,1.4601643010399123
6,20,0.28090850611026075
6,21,0.4190803938019074
6,22,0.5572522814935541
6,23,-0.8224509114496361
6,24,0.8189027962534339
6,25,2.151122901387092
6,26,1.658859479291163
6,27,0.4796036843615117
6,28,1.8118237894951696
6,29,1.0945351001080896
6,30,1.74215588395754
6,31,1.8803277716491866
6,32,0.9401638858245933
7,-32,-0.5449897548800156
7,-31,-0.2663316111353549
7,-30,-1.0087139457064134
7,-29,-0.8017692850436733
7,-28,0.7381555241385482
7,-27,2.5284981961075323
7,-26,3.139457487575892
7,-25,1.02560540099494
7,-24,0.05944503582215588
7,-23,-1.2838250617506848
7,-22,-2.4253154230126883
7,-21,0.05974987449063107
7,-20,0.0745668328562107
7,-19,-0.7919102798982016
7,-18,-0.2991878594433652
7,-17,-0.9673820058995223
7,-16,-1.8338591186539346
7,-15,-1.8431502571425762
7,-14,-1.8524413956312178
7,-13,-0.31251658644899627
7,-12,-0.29769962808341666
7,-11,-0.40363018009605955
7,-10,0.5591615937152359
7,-9,-0.3322021939509835
7,-8,-1.599627598433703
7,-7,-0.9179586881093368
7,-6,-0.23628977778497062
7,-5,-0.7076198531764408
7,-4,0.2551719206348546
7,-3,-0.7109884445379295
7,-2,-0.8896174352131075
7,-1,-0.6109592914684467
7,0,-8.72635297355373e-14
7,1,0.5449897548799281
7,2,0.2663316111352679
7,3,1.0087139457063259
7,4,0.801769285043586
7,5,-0.7381555241386353
7,6,-2.5284981961076185
7,7,-3.1394574875759784
7,8,-1.0256054009950268
7,9,-0.05944503582224292
7,10,1.283825061750598
7,11,2.4253154230126013
7,12,-0.05974987449071789
7,13,-0.07456683285629762
7,14,0.7919102798981145
7,15,0.29918785944327814
7,16,0.9673820058994349
7,17,1.833859118653847
7,18,1.8431502571424885
7,19,1.8524413956311305
7,20,0.31251658644890906
7,21,0.29769962808332934
7,22,0.4036301800959721
7,23,-0.5591615937153229
7,24,0.3322021939508962
7,25,1.5996275984336155
7,26,0.9179586881092494
7,27,0.2362897777848832
7,28,0.7076198531763533
7,29,-0.2551719206349421
7,30,0.710988444537842
7,31,0.8896174352130202
7,32,0.6109592914683595
8,-32,-0.759622296151051
8,-31,0.1582572754640914
8,-30,-1.2744291951278708
8,-29,-0.9814553754565504
8,-28,0.4135759205830599
8,-27,1.8086072166226703
8,-26,1.5408091862926956
8,-25,-0.08496380303524709
8,-24,-1.5176502736272093
8,-23,-2.5063352739972093
8,-22,-3.328196434396325
8,-21,-1.1517587966872394
8,-20,-1.017628881007451
8,-19,-1.612119508578491
8,-18,-1.0828754660471651
8,-17,-1.5134332505911128
8,-16,-2.1079238781621528
8,-15,-1.113067040524416
8,-14,-1.872689336675467
8,-13,-0.36451404421695677
8,-12,-0.23038412853716844
8,-11,-1.2190691289071685
8,-10,-0.301189557292026
8,-9,-0.9162555446529072
8,-8,-1.8422350267481877
8,-7,-0.44720373070857744
8,-6,0.2382541099243466
8,-5,-1.1944323606676157
8,-4,-0.27655278905247327
8,-3,-0.9534577524396843
8,-2,-0.9792616172068975
8,-1,-0.6269978071522828
8,0,4.8405723873656825e-14
8,1,0.7596222961510992
8,2,-0.15825727546404322
8,3,1.2744291951279187
8,4,0.9814553754565982
8,5,-0.4135759205830116
8,6,-1.8086072166226212
8,7,-1.5408091862926472
8,8,0.08496380303529505
8,9,1.5176502736272572
8,10,2.5063352739972578
8,11,3.3281964343963732
8,12,1.1517587966872873
8,13,1.0176288810074992
8,14,1.612119508578539
8,15,1.0828754660472129
8,16,1.5134332505911605
8,17,2.1079238781622003
8,18,1.1130670405244643
8,19,1.872689336675515
8,20,0.3645140442170047
8,21,0.2303841285372163
8,22,1.2190691289072166
8,23,0.3011895572920739
8,24,0.9162555446529551
8,25,1.8422350267482355
8,26,0.44720373070862535
8,27,-0.23825410992429874
8,28,1.1944323606676637
8,29,0.27655278905252106
8,30,0.9534577524397321
8,31,0.9792616172069453
8,32,0.6269978071523312
9,-32,-0.2928370384602186
9,-31,-0.22959196005635524
9,-30,-1.2507546233303855
9,-29,-0.7278251374764276
9,-28,1.3108977010886553
9,-27,2.3278095215085024
9,-26,2.980537442319669
9,-25,1.750435030442435
9,-24,0.7292723671684047
9,-23,-0.3845224325962513
9,-22,-0.7447084125282508
9,-21,1.109299560166353
9,-20,0.7491135802343534
9,-19,-0.15676925856191282
9,-18,0.9450814862075826
9,-17,0.17679680891498606
9,-16,-0.7290860298812801
9,-15,-0.4897179246042324
9,-14,-0.782554963064451
9,-13,0.5724415666615668
9,-12,0.21225558672956718
9,-11,-0.32845118467311335
9,-10,1.193943730018869
9,-9,-0.2705317816857731
9,-8,-1.7350072933904153
9,-7,-1.168737129614578
9,-6,0.10215323489309935
9,-5,-0.9190094283809309
9,-4,-0.008669750896165729
9,-3,-1.2387721627733996
9,-2,-0.7375411348691003
9,-1,-0.6742960564652365
9,0,-9.29256671611256e-14
9,1,0.29283703846012576
9,2,0.22959196005626176
9,3,1.250754623330292
9,4,0.7278251374763343
9,5,-1.3108977010887495
9,6,-2.3278095215085965
9,7,-2.980537442319763
9,8,-1.7504350304425298
9,9,-0.7292723671684985
9,10,0.38452243259615776
9,11,0.7447084125281572
9,12,-1.1092995601664462
9,13,-0.7491135802344465
9,14,0.15676925856182033
9,15,-0.9450814862076754
9,16,-0.17679680891507987
9,17,0.7290860298811861
9,18,0.48971792460413904
9,19,0.7825549630643576
9,20,-0.5724415666616601
9,21,-0.21225558672966072
9,22,0.32845118467301987
9,23,-1.1939437300189621
9,24,0.27053178168567965
9,25,1.7350072933903218
9,26,1.1687371296144846
9,27,-0.10215323489319283
9,28,0.9190094283808374
9,29,0.008669750896072248
9,30,1.2387721627733062
9,31,0.7375411348690069
9,32,0.6742960564651436
10,-32,-0.6603274504553976
10,-31,0.1360706301209812
10,-30,-0.8308827929559918
10,-29,-0.21206810503803197
10,-28,1.4973729943320657
10,-27,2.6235028926743533
10,-26,2.404533034504729
10,-25,0.7879683682343424
10,-24,-0.1789850548426306
10,-23,-1.241070810651896
10,-22,-1.5292073981229601
10,-21,0.6463128030928058
10,-20,0.2424683880595947
10,-19,-0.6060937397820712
10,-18,0.16817299216152348
10,-17,-0.539077118280614
10,-16,-1.38763924612228
10,-15,-1.0600394284324375
10,-14,-0.8001173696456996
10,-13,-0.0037192890693207303
10,-12,-0.2918558765403849
10,-11,-0.7653856185893264
10,-10,1.199274343483018
10,-9,-0.22295720443423872
10,-8,-1.285042960243504
10,-7,-0.6217178038303628
10,-6,-0.002903115912402998
10,-5,-1.184435695188942
10,-4,-0.16775438505577656
10,-3,-1.5175204336584256
10,-2,-0.9209898579249394
10,-1,-0.7742667319436358
10,0,-4.118927421359331e-14
10,1,0.6603274504553567
10,2,-0.13607063012102316
10,3,0.8308827929559501
10,4,0.21206810503799034
10,5,-1.4973729943321064
10,6,-2.6235028926743946
10,7,-2.404533034504771
10,8,-0.787968368234384
10,9,0.17898505484258898
10,10,1.2410708106518542
10,11,1.5292073981229186
10,12,-0.6463128030928477
10,13,-0.24246838805963622
10,14,0.6060937397820295
10,15,-0.16817299216156545
10,16,0.5390771182805724
10,17,1.3876392461222382
10,18,1.060039428432396
10,19,0.8001173696456578
10,20,0.003719289069278875
10,21,0.29185587654034306
10,22,0.7653856185892847
10,23,-1.1992743434830602
10,24,0.22295720443419687
10,25,1.2850429602434623
10,26,0.621717803830321
10,27,0.0029031159123612538
10,28,1.1844356951889004
10,29,0.1677543850557347
10,30,1.5175204336583836
10,31,0.9209898579248975
10,32,0.7742667319435946
11,-32,0.1483903242031546
11,-31,0.3373910554184373
11,-30,-0.8525948809369445
11,-29,-1.0935262030851074
11,-28,0.7994612231934835
11,-27,2.253246515500342
11,-26,2.4016368397034964
11,-25,1.2331774717794735
11,-24,-0.1949808028838418
11,-23,-1.710384364893173
11,-22,-2.622118771846247
11,-21,-0.20446001777459832
11,-20,-0.1374996609845638
11,-19,-0.7953831655040504
11,-18,0.2309637995946774
11,-17,-0.342924948540595
11,-16,-1.0008084530600816
11,-15,-0.6702142698271548
11,-14,-0.973212455604653
11,-13,0.5958865417927851
11,-12,0.9063044503236244
11,-11,0.8915535592346592
11,-10,2.1519602007132406
11,-9,1.2402257937601664
11,-8,0.6453671219344316
11,-7,1.4551869337869787
11,-6,1.481327008952092
11,-5,-0.14362051289365874
11,-4,1.0584783864512186
11,-3,0.25285892878936544
11,-2,0.2381080377004003
11,-1,-0.1687042051513037
11,0,6.281086761816823e-14
11,1,-0.1483903242030915
11,2,-0.3373910554183741
11,3,0.8525948809370072
11,4,1.0935262030851705
11,5,-0.79946122319342
11,6,-2.2532465155002783
11,7,-2.4016368397034333
11,8,-1.2331774717794108
11,9,0.1949808028839046
11,10,1.7103843648932358
11,11,2.6221187718463095
11,12,0.20446001777466136
11,13,0.13749966098462682
11,14,0.7953831655041137
11,15,-0.23096379959461408
11,16,0.342924948540658
11,17,1.0008084530601447
11,18,0.6702142698272175
11,19,0.9732124556047157
11,20,-0.5958865417927222
11,21,-0.9063044503235613
11,22,-0.8915535592345962
11,23,-2.1519602007131775
11,24,-1.2402257937601036
11,25,-0.6453671219343687
11,26,-1.4551869337869159
11,27,-1.4813270089520292
11,28,0.14362051289372155
11,29,-1.0584783864511558
11,30,-0.2528589287893026
11,31,-0.23810803770033748
11,32,0.1687042051513665
12,-32,0.10125858256068969
12,-31,0.8561600761109455
12,-30,-0.3652017737190846
12,-29,-0.6486816084562004
12,-28,1.640079213704797
12,-27,2.85944015775377
12,-26,2.9606987403144593
12,-25,1.760610040708037
12,-24,0.30387969969983386
12,-23,-0.4124428491301829
12,-22,-0.3916556122466475
12,-21,1.9521567874825638
12,-20,1.9729440243660992
12,-19,1.2774205125362106
12,-18,1.3987538340137764
12,-17,0.7862362632494302
12,-16,0.09071275141954149
12,-15,0.3720302261729585
12,-14,0.027214200388708754
12,-13,1.5324563823426613
12,-12,1.6537897038202272
12,-11,1.5938276258916435
12,-10,2.7940114850905866
12,-9,1.8476254914356167
12,-8,0.30467694477462937
12,-7,1.0595784383248852
12,-6,1.7361973517233191
12,-5,0.08499443460288214
12,-4,1.2275569705721212
12,-3,0.3860367043293387
12,-2,0.3260746264007551
12,-1,-0.12133332147752451
12,0,4.1341929879479267e-14
12,1,-0.10125858256064868
12,2,-0.8561600761109043
12,3,0.36520177371912466
12,4,0.6486816084562403
12,5,-1.6400792137047566
12,6,-2.859440157753729
12,7,-2.9606987403144185
12,8,-1.7606100407079963
12,9,-0.30387969969979295
12,10,0.4124428491302239
12,11,0.39165561224668854
12,12,-1.9521567874825232
12,13,-1.9729440243660585
12,14,-1.27742051253617
12,15,-1.3987538340137355
12,16,-0.786236263249389
12,17,-0.0907127514195003
12,18,-0.3720302261729173
12,19,-0.02721420038866769
12,20,-1.5324563823426205
12,21,-1.6537897038201863
12,22,-1.5938276258916027
12,23,-2.7940114850905458
12,24,-1.847625491435576
12,25,-0.30467694477458845
12,26,-1.0595784383248443
12,27,-1.7361973517232783
12,28,-0.08499443460284124
12,29,-1.2275569705720804
12,30,-0.38603670432929776
12,31,-0.32607462640071416
12,32,0.12133332147756586
13,-32,-0.8111973513142626
13,-31,-0.812941390225528
13,-30,-1.793750175310653
13,-29,-2.10350228748039
13,-28,0.19061227730684127
13,-27,1.4021785589502682
13,-26,1.9050601060143824
13,-25,1.1571434245351573
13,-24,-0.10202207921150319
13,-23,-0.8499387606907283
13,-22,-0.8516827996019937
13,-21,1.7014844504562685
13,-20,1.6384603479743345
13,-19,0.9115984302522214
13,-18,1.011636702599736
13,-17,0.3688012943530856
13,-16,-0.35806062336902744
13,-15,-0.09607117260474723
13,-14,-0.4679136119492732
13,-13,0.4312058789587709
13,-12,0.6730114276508843
13,-11,0.6099873251689502
13,-10,2.130124638472843
13,-9,1.149315853387718
13,-8,-0.43539029578229216
13,-7,0.46372919512575195
13,-6,1.1258803650824212
13,-5,-0.7227553791389552
13,-4,-0.12020782678772013
13,-3,-0.9948615472480878
13,-2,-1.0783477238798336
13,-1,-0.9580052526389082
13,0,3.863576125695545e-14
13,1,0.8111973513143009
13,2,0.8129413902255666
13,3,1.7937501753106908
13,4,2.1035022874804277
13,5,-0.19061227730680286
13,6,-1.40217855895023
13,7,-1.905060106014344
13,8,-1.1571434245351193
13,9,0.1020220792115415
13,10,0.8499387606907663
13,11,0.8516827996020316
13,12,-1.7014844504562305
13,13,-1.638460347974296
13,14,-0.9115984302521836
13,15,-1.0116367025996982
13,16,-0.3688012943530474
13,17,0.35806062336906597
13,18,0.09607117260478526
13,19,0.4679136119493118
13,20,-0.43120587895873297
13,21,-0.6730114276508463
13,22,-0.6099873251689123
13,23,-2.1301246384728048
13,24,-1.14931585338768
13,25,0.43539029578233
13,26,-0.46372919512571387
13,27,-1.1258803650823832
13,28,0.7227553791389932
13,29,0.12020782678775821
13,30,0.9948615472481259
13,31,1.0783477238798715
13,32,0.9580052526389469
14,-32,-0.8204898483733852
14,-31,-1.0934304752079336
14,-30,-1.9550368069643835
14,-29,-2.128068806808887
14,-28,-0.4084637994999929
14,-27,1.089761197342991
14,-26,1.5069404532119743
14,-25,-0.1514624973904013
14,-24,-1.0130688291468513
14,-23,-1.8541070544056815
14,-22,-2.4498508959040395
14,-21,0.329756408183119
14,-20,0.6106018669570894
14,-19,0.2574063169999378
14,-18,0.6939949863132924
14,-17,0.4210543594787439
14,-16,0.06785880952159234
14,-15,0.6591293697594776
14,-14,0.6450180102808108
14,-13,2.4196494483463877
14,-12,2.066453898389236
14,-11,1.3892549852311535
14,-10,2.305797467773774
14,-9,1.7100536262754158
14,-8,0.22193715205361397
14,-7,0.6779186526463938
14,-6,1.651389404358044
14,-5,0.3741879794372345
14,-4,1.290730461979855
14,-3,-0.13388734231878874
14,-2,0.1274144962563481
14,-1,0.014111359478810703
14,0,1.440028651877867e-13
14,1,0.8204898483735288
14,2,1.0934304752080768
14,3,1.9550368069645285
14,4,2.128068806809032
14,5,0.4084637995001365
14,6,-1.0897611973428474
14,7,-1.5069404532118305
14,8,0.15146249739054507
14,9,1.013068829146995
14,10,1.8541070544058253
14,11,2.4498508959041834
14,12,-0.329756408182975
14,13,-0.6106018669569454
14,14,-0.2574063169997939
14,15,-0.6939949863131483
14,16,-0.4210543594785999
14,17,-0.0678588095214483
14,18,-0.6591293697593337
14,19,-0.6450180102806671
14,20,-2.419649448346244
14,21,-2.0664538983890917
14,22,-1.3892549852310099
14,23,-2.30579746777363
14,24,-1.7100536262752724
14,25,-0.22193715205347042
14,26,-0.6779186526462504
14,27,-1.6513894043579005
14,28,-0.37418797943709114
14,29,-1.2907304619797115
14,30,0.13388734231893207
14,31,-0.12741449625620474
14,32,-0.0141113594786667
15,-32,-0.8006536384865354
15,-31,-1.4339339900964838
15,-30,-2.6799252192672283
15,-29,-3.2092159856046902
15,-28,-0.9227927425526516
15,-27,0.287439165028633
15,-26,0.7931478815336135
15,-25,0.0554033156858329
15,-24,-0.9138657631124083
15,-23,-2.1384487422754637
15,-22,-2.1344023458163175
15,-21,0.40955237149891754
15,-20,0.3526785536094443
15,-19,0.3161290326469568
15,-18,0.9209184950189866
15,-17,0.9249648914781338
15,-16,0.8884153705156463
15,-15,1.154646558989824
15,-14,-0.0699364201732311
15,-13,0.8296834489236736
15,-12,1.075849259377968
15,-11,0.9986335248750055
15,-10,2.515624471125563
15,-9,1.5463553923273217
15,-8,-0.023264840189804126
15,-7,0.7195579657683497
15,-6,1.3836010409616004
15,-5,-0.29496105502476433
15,-4,0.30982840734726547
15,-3,-0.5539089713463571
15,-2,-0.6311247058493197
15,-1,-0.5057087165050536
15,0,-7.30526750203353e-14
15,1,0.8006536384864626
15,2,1.4339339900964108
15,3,2.6799252192671528
15,4,3.209215985604615
15,5,0.9227927425525785
15,6,-0.28743916502870615
15,7,-0.7931478815336868
15,8,-0.05540331568590651
15,9,0.9138657631123351
15,10,2.13844874227539
15,11,2.1344023458162438
15,12,-0.4095523714989916
15,13,-0.35267855360951794
15,14,-0.3161290326470301
15,15,-0.9209184950190603
15,16,-0.9249648914782069
15,17,-0.8884153705157194
15,18,-1.154646558989897
15,19,0.06993642017315838
15,20,-0.8296834489237468
15,21,-1.075849259378041
15,22,-0.9986335248750784
15,23,-2.515624471125636
15,24,-1.5463553923273947
15,25,0.023264840189731406
15,26,-0.7195579657684226
15,27,-1.3836010409616732
15,28,0.2949610550246916
15,29,-0.3098284073473382
15,30,0.5539089713462844
15,31,0.631124705849247
15,32,0.5057087165049805
16,-32,-0.5600665869300099
16,-31,-0.9617725345036513
16,-30,-1.9431963577420874
16,-29,-2.0316053525448527
16,-28,-0.47105273378321555
16,-27,0.8714848922433276
16,-26,1.5474362005709306
16,-25,0.5862678447489791
16,-24,-0.39515597848945694
16,-23,-0.895700994502746
16,-22,-1.6153034872598675
16,-21,0.989139194317004
16,-20,1.19044148770332
16,-19,0.7097005069091693
16,-18,1.0067388769433792
16,-17,0.6050329293697376
16,-16,0.12429194857558695
16,-15,0.5736610157454132
16,-14,-0.3875073400765383
16,-13,1.227235297361169
16,-12,1.6576194586869766
16,-11,0.8578000266553584
16,-10,2.4905784575233008
16,-9,1.5091546342848647
16,-8,0.2215284484078397
16,-7,0.5376648750443547
16,-6,1.3634246190062733
16,-5,-0.02727717393810747
16,-4,1.2421359906830618
16,-3,-0.29374142499009914
16,-2,-0.1693254929507364
16,-1,0.14681093368577836
16,0,8.479328350574633e-14
16,1,0.5600665869300949
16,2,0.9617725345037367
16,3,1.9431963577421718
16,4,2.0316053525449367
16,5,0.47105273378330037
16,6,-0.8714848922432423
16,7,-1.5474362005708453
16,8,-0.5862678447488942
16,9,0.395155978489542
16,10,0.8957009945028314
16,11,1.6153034872599528
16,12,-0.9891391943169192
16,13,-1.1904414877032352
16,14,-0.7097005069090838
16,15,-1.0067388769432937
16,16,-0.6050329293696528
16,17,-0.1242919485755023
16,18,-0.573661015745328
16,19,0.38750734007662335
16,20,-1.227235297361084
16,21,-1.6576194586868915
16,22,-0.8578000266552732
16,23,-2.490578457523216
16,24,-1.5091546342847797
16,25,-0.22152844840775474
16,26,-0.5376648750442697
16,27,-1.3634246190061883
16,28,0.02727717393819243
16,29,-1.2421359906829768
16,30,0.2937414249901841
16,31,0.16932549295082136
16,32,-0.14681093368569356
17,-32,-0.5129466831911268
17,-31,-0.8475504185023857
17,-30,-0.8293246732935481
17,-29,-1.816796414852576
17,-28,0.46270775430904365
17,-27,1.0651891654454482
17,-26,1.495972623791707
17,-25,0.5313122309644257
17,-24,-0.45615951059460225
17,-23,-1.7884709308938525
17,-22,-2.481084126253225
17,-21,-0.6669951984340932
17,-20,-0.32250173051517456
17,-19,0.02199173740374405
17,-18,0.47430147960162716
17,-17,0.13969774429036863
17,-16,-0.2839138459248435
17,-15,0.7006954450900996
17,-14,-0.2639649477371817
17,-13,1.034797962658525
17,-12,1.4871077048564083
17,-11,0.7041556129236256
17,-10,2.313324381016211
17,-9,1.6207111856568388
17,-8,-0.06160046960095933
17,-7,1.0700888833537103
17,-6,1.3713257735954498
17,-5,-0.07706757017678711
17,-4,0.6108277631427211
17,-3,-1.0010597962564307
17,-2,-0.7214792592786208
17,-1,-0.8790347837216324
17,0,-4.773959005888173e-14
17,1,0.5129466831910787
17,2,0.8475504185023368
17,3,0.8293246732934998
17,4,1.8167964148525284
17,5,-0.46270775430909183
17,6,-1.065189165445496
17,7,-1.495972623791755
17,8,-0.5313122309644738
17,9,0.4561595105945542
17,10,1.788470930893804
17,11,2.481084126253177
17,12,0.6669951984340448
17,13,0.32250173051512643
17,14,-0.021991737403792344
17,15,-0.47430147960167557
17,16,-0.1396977442904166
17,17,0.2839138459247956
17,18,-0.7006954450901473
17,19,0.26396494773713386
17,20,-1.0347979626585728
17,21,-1.487107704856456
17,22,-0.7041556129236732
17,23,-2.313324381016259
17,24,-1.6207111856568865
17,25,0.06160046960091148
17,26,-1.070088883353758
17,27,-1.3713257735954978
17,28,0.07706757017673926
17,29,-0.610827763142769
17,30,1.001059796256383
17,31,0.721479259278573
17,32,0.8790347837215846
18,-32,-0.69333353600766
18,-31,-0.4676886921430637
18,-30,-0.8917372790382361
18,-29,-1.09038736479931
18,-28,0.8169020766449386
18,-27,2.1190560133908667
18,-26,2.304622920171031
18,-25,1.1906062228034988
18,-24,0.05534520609245286
18,-23,-0.5755609746544086
18,-22,-1.4362188019489541
18,-21,1.1894451496529141
18,-20,1.2946497712238783
18,-19,0.6845144391488756
18,-18,0.890128878137716
18,-17,0.3628869915970905
18,-16,-0.24724834047791222
18,-15,0.45409924145043457
18,-14,0.19419609179316216
18,-13,2.398656965006482
18,-12,2.6042714039953228
18,-11,2.6288361479455835
18,-10,3.9118389899853048
18,-9,3.0511811626907592
18,-8,2.1905233353962137
18,-7,2.41616817926081
18,-6,2.4810877409395204
18,-5,0.9165682080008091
18,-4,2.1420278193097477
18,-3,0.5775082863710364
18,-2,0.6222591815686379
18,-1,0.2599031496573896
18,0,1.1718404024918527e-13
18,1,0.6933335360077777
18,2,0.46768869214317904
18,3,0.8917372790383524
18,4,1.0903873647994273
18,5,-0.8169020766448216
18,6,-2.1190560133907503
18,7,-2.3046229201709147
18,8,-1.1906062228033814
18,9,-0.05534520609233595
18,10,0.5755609746545245
18,11,1.4362188019490707
18,12,-1.189445149652797
18,13,-1.2946497712237615
18,14,-0.6845144391487595
18,15,-0.8901288781375998
18,16,-0.36288699159697285
18,17,0.24724834047802968
18,18,-0.4540992414503179
18,19,-0.19419609179304553
18,20,-2.3986569650063654
18,21,-2.6042714039952055
18,22,-2.6288361479454663
18,23,-3.9118389899851875
18,24,-3.051181162690642
18,25,-2.1905233353960973
18,26,-2.4161681792606933
18,27,-2.4810877409394037
18,28,-0.9165682080006923
18,29,-2.1420278193096314
18,30,-0.5775082863709199
18,31,-0.6222591815685214
18,32,-0.2599031496572724
19,-32,-0.8267630882758003
19,-31,-1.6732178551179473
19,-30,-1.860439142465226
19,-29,-1.838735174929054
19,-28,0.13499575940909447
19,-27,0.8266044593480016
19,-26,1.204444925988371
19,-25,-0.03989600452618225
19,-24,-0.8863507713683292
19,-23,-2.0304850919505157
19,-22,-2.525336156872126
19,-21,-0.0716560298503639
19,-20,0.23169542805272042
19,-19,-0.05117727810263617
19,-18,-0.08624969515871081
19,-17,-0.21628722702591485
19,-16,-0.49915993318127144
19,-15,0.3567653852974952
19,-14,-0.08006016448510467
19,-13,1.4919055151909946
19,-12,1.8883283404336062
19,-11,1.2379468144612154
19,-10,2.6330171266361484
19,-9,2.041096179016332
19,-8,0.3292153277909933
19,-7,0.6325667856940775
19,-6,1.5429946019085847
19,-5,-0.3964757791602096
19,-4,0.7306396458768372
19,-3,-0.513701284637716
19,-2,-0.2663852933755341
19,-1,-0.3964228252427384
19,0,-1.2667644710973036e-13
19,1,0.8267630882756731
19,2,1.6732178551178194
19,3,1.8604391424650988
19,4,1.8387351749289271
19,5,-0.1349957594092216
19,6,-0.8266044593481291
19,7,-1.204444925988498
19,8,0.03989600452605491
19,9,0.8863507713682022
19,10,2.0304850919503883
19,11,2.5253361568719983
19,12,0.07165602985023634
19,13,-0.2316954280528477
19,14,0.05117727810250894
19,15,0.08624969515858344
19,16,0.21628722702578795
19,17,0.4991599331811445
19,18,-0.35676538529762236
19,19,0.08006016448497733
19,20,-1.4919055151911218
19,21,-1.8883283404337332
19,22,-1.2379468144613424
19,23,-2.6330171266362754
19,24,-2.041096179016459
19,25,-0.32921532779112017
19,26,-0.6325667856942044
19,27,-1.5429946019087115
19,28,0.3964757791600827
19,29,-0.7306396458769641
19,30,0.5137012846375891
19,31,0.26638529337540723
19,32,0.39642282524261174
20,-32,-0.25871504724781164
20,-31,-0.5372123221688674
20,-30,-1.2154253781129247
20,-29,-1.4939226530339804
20,-28,0.6571212470880348
20,-27,1.9237599834647023
20,-26,2.0567755415498397
20,-25,0.9913583612107302
20,-24,0.49398832740568743
20,-23,-0.8407813117228385
20,-22,-0.7660580900411049
20,-21,2.1168436594594273
20,-20,2.191566881141161
20,-19,2.479243210948537
20,-18,2.6122587690336743
20,-17,1.7922619091232628
20,-16,1.513764634202207
20,-15,2.1074181859424215
20,-14,2.2404337440275586
20,-13,3.799693970468471
20,-12,3.7769009487643945
20,-11,3.6953785268731454
20,-10,5.399526597971736
20,-9,4.5184572642527385
20,-8,3.370554378329543
20,-7,3.581042214325214
20,-6,3.791530050320885
20,-5,2.2259103432102387
20,-4,2.667124635972953
20,-3,1.1015049288623062
20,-2,1.0787119071582298
20,-1,0.2587150472478188
20,0,7.16093850883226e-15
20,1,0.25871504724781835
20,2,0.5372123221688718
20,3,1.2154253781129298
20,4,1.4939226530339862
20,5,-0.6571212470880274
20,6,-1.9237599834646961
20,7,-2.056775541549833
20,8,-0.9913583612107228
20,9,-0.4939883274056797
20,10,0.8407813117228451
20,11,0.7660580900411111
20,12,-2.11684365945942
20,13,-2.1915668811411537
20,14,-2.4792432109485305
20,15,-2.6122587690336676
20,16,-1.7922619091232568
20,17,-1.513764634202201
20,18,-2.107418185942415
20,19,-2.240433744027552
20,20,-3.7996939704684642
20,21,-3.7769009487643883
20,22,-3.6953785268731387
20,23,-5.399526597971729
20,24,-4.518457264252732
20,25,-3.370554378329537
20,26,-3.5810422143252074
20,27,-3.7915300503208784
20,28,-2.225910343210232
20,29,-2.6671246359729457
20,30,-1.1015049288622996
20,31,-1.0787119071582232
20,32,-0.25871504724781164
21,-32,-0.1639930379783127
21,-31,-0.865717899832864
21,-30,-1.4316078534774652
21,-29,-1.369577567296387
21,-28,0.7750808504427888
21,-27,2.2655725631724826
21,-26,2.9181848578600764
21,-25,1.9813369017894913
21,-24,0.7464210710323314
21,-23,-0.4484779846156577
21,-22,-1.150202846470209
21,-21,0.8412878304153215
21,-20,0.9967428209613215
21,-19,0.8137975683787152
21,-18,1.0250990938828184
21,-17,0.32337423202826776
21,-16,0.14042897944566143
21,-15,1.1358040983741335
21,-14,0.1989561423035484
21,-13,1.7069188352497713
21,-12,1.7126838607982375
21,-11,1.7747141469793157
21,-10,3.2652058597090097
21,-9,2.795759546956079
21,-8,1.7798867803415044
21,-7,2.0654100396713577
21,-6,2.9890933688677555
21,-5,0.9140497966583769
21,-4,1.9451787400440887
21,-3,0.7102629092869288
21,-2,0.8657178998329288
21,-1,0.16399303797837694
21,0,6.425415755018093e-14
21,1,0.16399303797837717
21,2,0.8657178998329288
21,3,1.431607853477529
21,4,1.369577567296451
21,5,-0.7750808504427251
21,6,-2.2655725631724186
21,7,-2.9181848578600116
21,8,-1.9813369017894273
21,9,-0.746421071032267
21,10,0.4484779846157215
21,11,1.1502028464702725
21,12,-0.8412878304152576
21,13,-0.9967428209612577
21,14,-0.8137975683786514
21,15,-1.0250990938827544
21,16,-0.32337423202820303
21,17,-0.14042897944559662
21,18,-1.1358040983740687
21,19,-0.1989561423034836
21,20,-1.7069188352497064
21,21,-1.7126838607981727
21,22,-1.7747141469792511
21,23,-3.265205859708944
21,24,-2.795759546956014
21,25,-1.7798867803414395
21,26,-2.065410039671293
21,27,-2.9890933688676906
21,28,-0.9140497966583121
21,29,-1.9451787400440241
21,30,-0.710262909286864
21,31,-0.865717899832864
21,32,-0.1639930379783127
22,-32,-0.9575159511119837
22,-31,-1.644281474928927
22,-30,-2.497200576856918
22,-29,-2.5334379230109922
22,-28,-0.7728692719042181
22,-27,0.6368935075647126
22,-26,0.8982681889845484
22,-25,-0.4836302802075493
22,-24,-1.0056871219419345
22,-23,-2.216659057982321
22,-22,-2.193013421597731
22,-21,0.4643567217108684
22,-20,0.4880023580954585
22,-19,1.0426009454648661
22,-18,0.8256062434716934
22,-17,0.34450518421867515
22,-16,-0.34226033959826807
22,-15,0.615836161914611
22,-14,0.39884145992143827
22,-13,1.432901333736666
22,-12,2.1806383507283833
22,-11,2.104377121917916
22,-10,3.514139901386847
22,-9,2.951039294519992
22,-8,2.4289824527856068
22,-7,2.827729240351084
22,-6,3.265552463575122
22,-5,1.0263432825379786
22,-4,2.136088271739221
22,-3,0.7541898025471232
22,-2,0.6779285737366563
22,-1,0.1968275144836369
22,0,-8.182343691487404e-14
22,1,0.9575159511119025
22,2,1.6442814749288464
22,3,2.4972005768568373
22,4,2.5334379230109114
22,5,0.7728692719041362
22,6,-0.6368935075647947
22,7,-0.8982681889846308
22,8,0.48363028020746734
22,9,1.0056871219418526
22,10,2.2166590579822394
22,11,2.19301342159765
22,12,-0.46435672171094955
22,13,-0.48800235809554005
22,14,-1.0426009454649479
22,15,-0.8256062434717749
22,16,-0.3445051842187562
22,17,0.34226033959818736
22,18,-0.6158361619146925
22,19,-0.39884145992151987
22,20,-1.4329013337367469
22,21,-2.180638350728464
22,22,-2.104377121917997
22,23,-3.514139901386928
22,24,-2.951039294520073
22,25,-2.4289824527856876
22,26,-2.827729240351165
22,27,-3.265552463575203
22,28,-1.0263432825380598
22,29,-2.136088271739302
22,30,-0.7541898025472044
22,31,-0.6779285737367374
22,32,-0.1968275144837187
23,-32,-0.5135913823647834
23,-31,-1.3156366472852832
23,-30,-1.7101881606221552
23,-29,-2.1284945342573343
23,-28,0.052073154510198005
23,-27,1.259393233822339
23,-26,1.1946791483152137
23,-25,0.19810534569485616
23,-24,-0.0308958991387554
23,-23,-0.8329411640592552
23,-22,-1.0619424088928668
23,-21,1.538703104400386
23,-20,2.2999736972590545
23,-19,2.0945187038571724
23,-18,2.423701775935317
23,-17,2.4523099605008634
23,-16,2.2468549670989812
23,-15,3.0081255599576497
23,-14,2.0115517573372923
23,-13,3.7645384526874146
23,-12,4.162505992676471
23,-11,3.648914610311688
23,-10,4.611990938604054
23,-9,4.547276853096928
23,-8,3.3296568835980027
23,-7,3.6588399556761475
23,-6,4.0796882547658
23,-5,2.107423925610175
23,-4,2.528272224699828
23,-3,0.5560078955442027
23,-2,0.16145638220733083
23,-1,-0.3521350001574517
23,0,-6.078471059822732e-14
23,1,0.5135913823647225
23,2,1.3156366472852221
23,3,1.7101881606220932
23,4,2.1284945342572725
23,5,-0.052073154510259234
23,6,-1.2593932338224
23,7,-1.1946791483152752
23,8,-0.1981053456949175
23,9,0.030895899138693894
23,10,0.8329411640591942
23,11,1.0619424088928058
23,12,-1.5387031044004476
23,13,-2.299973697259116
23,14,-2.0945187038572333
23,15,-2.4237017759353785
23,16,-2.452309960500925
23,17,-2.246854967099043
23,18,-3.008125559957711
23,19,-2.0115517573373536
23,20,-3.764538452687476
23,21,-4.162505992676532
23,22,-3.64891461031175
23,23,-4.611990938604114
23,24,-4.547276853096989
23,25,-3.3296568835980636
23,26,-3.658839955676209
23,27,-4.079688254765862
23,28,-2.1074239256102363
23,29,-2.528272224699889
23,30,-0.5560078955442644
23,31,-0.1614563822073925
23,32,0.3521350001573909
24,-32,-0.7552495809863261
24,-31,-1.5104991619726522
24,-30,-2.2866590157060274
24,-29,-2.2454162976398986
24,-28,-0.020666808755903432
24,-27,1.3863852104155892
24,-26,1.4276279284817177
24,-25,0.6723783474953916
24,-24,0.042058455497339
24,-23,-0.923456292662396
24,-22,-0.7231643015019715
24,-21,1.8545237107956365
24,-20,2.054815701956061
24,-19,1.773650928459098
24,-18,2.442914945995576
24,-17,1.6876653650092504
24,-16,0.7221506168495153
24,-15,1.7544433939781092
24,-14,1.3098407743270146
24,-13,2.5678692217363
24,-12,3.294924170192965
24,-11,2.51876431645959
24,-10,3.72060905306327
24,-9,3.2760064334121752
24,-8,2.645686541414123
24,-7,2.7068874787150965
24,-6,3.453166249187752
24,-5,1.371860212069548
24,-4,2.1181389825422037
24,-3,0.8537864174308878
24,-2,0.07762656369751264
24,-1,0.038813281848746994
24,0,-1.802724636235098e-14
24,1,0.755249580986308
24,2,1.510499161972634
24,3,2.286659015706009
24,4,2.2454162976398813
24,5,0.02066680875588603
24,6,-1.386385210415607
24,7,-1.4276279284817357
24,8,-0.672378347495409
24,9,-0.042058455497356734
24,10,0.9234562926623777
24,11,0.7231643015019538
24,12,-1.8545237107956545
24,13,-2.054815701956079
24,14,-1.773650928459116
24,15,-2.442914945995594
24,16,-1.6876653650092686
24,17,-0.7221506168495335
24,18,-1.7544433939781272
24,19,-1.3098407743270326
24,20,-2.567869221736318
24,21,-3.2949241701929832
24,22,-2.518764316459608
24,23,-3.7206090530632876
24,24,-3.276006433412193
24,25,-2.6456865414141406
24,26,-2.706887478715114
24,27,-3.4531662491877695
24,28,-1.3718602120695653
24,29,-2.118138982542221
24,30,-0.8537864174309051
24,31,-0.07762656369753004
24,32,-0.03881328184876502
25,-32,-1.2461119860284136
25,-31,-1.6795133610845703
25,-30,-2.258178014599117
25,-29,-2.6915793896552738
25,-28,-0.9527074083976272
25,-27,0.4576868650758077
25,-26,0.9436629616320632
25,-25,0.5102615865759066
25,-24,-0.9127620157756464
25,-23,-2.3611948609905777
25,-22,-2.4360217486144897
25,-21,-0.09678843723726072
25,-20,0.5727755216664193
25,-19,0.6866021513981951
25,-18,0.611775263774283
25,-17,-0.3348386513242867
25,-16,-0.22101202159251088
25,-15,0.5397432622034286
25,-14,0.106341887147272
25,-13,1.3172322548304178
25,-12,1.641222761098411
25,-11,1.1836850149665037
25,-10,3.0093242201563353
25,-9,3.3333147264243284
25,-8,2.875776980292421
25,-7,3.384790508798549
25,-6,4.0771895910505105
25,-5,2.113143872911318
25,-4,2.6681556014849885
25,-3,0.9894721067484011
25,-2,0.5319343606164939
25,-1,0.43340137505618404
25,0,2.7422508708241367e-14
25,1,1.2461119860284406
25,2,1.6795133610845983
25,3,2.2581780145991446
25,4,2.6915793896552995
25,5,0.9527074083976549
25,6,-0.4576868650757795
25,7,-0.9436629616320347
25,8,-0.5102615865758791
25,9,0.9127620157756743
25,10,2.361194860990605
25,11,2.436021748614517
25,12,0.09678843723728847
25,13,-0.5727755216663917
25,14,-0.6866021513981675
25,15,-0.6117752637742555
25,16,0.334838651324315
25,17,0.22101202159253908
25,18,-0.5397432622034006
25,19,-0.10634188714724391
25,20,-1.3172322548303899
25,21,-1.641222761098383
25,22,-1.1836850149664757
25,23,-3.0093242201563073
25,24,-3.3333147264243004
25,25,-2.875776980292393
25,26,-3.384790508798521
25,27,-4.077189591050483
25,28,-2.1131438729112904
25,29,-2.668155601484961
25,30,-0.9894721067483734
25,31,-0.5319343606164662
25,32,-0.4334013750561566
26,-32,-0.6940791999581621
26,-31,-1.660798700665382
26,-30,-2.2566672412790227
26,-29,-2.706126937230984
26,-28,-0.04346193122678921
26,-27,1.3654144475558871
26,-26,1.5383478598111435
26,-25,0.7702880036346818
26,-24,0.2965015938633123
26,-23,-0.5458189744929967
26,-22,-0.6338764152621612
26,-21,1.7111639538927548
26,-20,1.6231065131235902
26,-19,1.1736468171716288
26,-18,1.6508149300867656
26,-17,0.6840954293795449
26,-16,0.23463573342758348
26,-15,0.9887499800647476
26,-14,0.2206901238882858
26,-13,1.5180871494884198
26,-12,1.8319922314597932
26,-11,1.5278739582778567
26,-10,3.1580156100447248
26,-9,2.5866236721131535
26,-8,1.9907551314995127
26,-7,2.537503300925998
26,-6,3.2227222796074595
26,-5,1.518159997818681
26,-4,2.018547219042178
26,-3,0.3139849372533996
26,-2,0.009866664071463138
26,-1,-0.10208382418456896
26,0,2.4966140266258208e-14
26,1,0.6940791999581868
26,2,1.6607987006654068
26,3,2.2566672412790467
26,4,2.7061269372310086
26,5,0.04346193122681334
26,6,-1.365414447555863
26,7,-1.538347859811119
26,8,-0.7702880036346572
26,9,-0.29650159386328784
26,10,0.5458189744930216
26,11,0.633876415262186
26,12,-1.7111639538927303
26,13,-1.6231065131235656
26,14,-1.1736468171716044
26,15,-1.6508149300867412
26,16,-0.6840954293795208
26,17,-0.2346357334275595
26,18,-0.9887499800647234
26,19,-0.22069012388826198
26,20,-1.5180871494883958
26,21,-1.8319922314597694
26,22,-1.5278739582778331
26,23,-3.1580156100447008
26,24,-2.58662367211313
26,25,-1.9907551314994891
26,26,-2.537503300925975
26,27,-3.222722279607436
26,28,-1.5181599978186575
26,29,-2.018547219042154
26,30,-0.3139849372533759
26,31,-0.009866664071439449
26,32,0.10208382418459393
27,-32,-0.8833207145487771
27,-31,-1.2982804028327242
27,-30,-1.4379898043939312
27,-29,-1.8760774423363071
27,-28,-0.0911783611270145
27,-27,1.1509866979097627
27,-26,1.79137294468332
27,-25,0.693153141965229
27,-24,-0.2853509534005433
27,-23,-1.2638550487663156
27,-22,-0.6234688019927583
27,-21,1.9690203905760102
27,-20,2.3677228468781943
27,-19,1.9527631585942473
27,-18,2.0167984573876283
27,-17,1.157192868653942
27,-16,1.2212281674473229
27,-15,2.057096864313931
27,-14,1.826100772253782
27,-13,3.5077672982825576
27,-12,3.4362244949075142
27,-11,2.7417352483573776
27,-10,3.6853515770998544
27,-9,3.636474694945854
27,-8,2.6579705995800817
27,-7,3.056673055882266
27,-6,3.6314508845835975
27,-5,1.6708242737674799
27,-4,2.6144406025099567
27,-3,0.979317006582443
27,-2,0.28482776003230614
27,-1,-0.5747778287013805
27,0,-4.907185768843192e-14
27,1,0.8833207145487281
27,2,1.2982804028326758
27,3,1.437989804393883
27,4,1.876077442336259
27,5,0.09117836112696664
27,6,-1.1509866979098107
27,7,-1.7913729446833682
27,8,-0.6931531419652777
27,9,0.28535095340049466
27,10,1.263855048766267
27,11,0.6234688019927103
27,12,-1.9690203905760588
27,13,-2.3677228468782427
27,14,-1.9527631585942957
27,15,-2.0167984573876767
27,16,-1.1571928686539914
27,17,-1.2212281674473722
27,18,-2.05709686431398
27,19,-1.8261007722538307
27,20,-3.507767298282607
27,21,-3.436224494907563
27,22,-2.7417352483574264
27,23,-3.685351577099903
27,24,-3.6364746949459024
27,25,-2.65797059958013
27,26,-3.0566730558823147
27,27,-3.6314508845836455
27,28,-1.670824273767528
27,29,-2.6144406025100047
27,30,-0.9793170065824912
27,31,-0.2848277600323542
27,32,0.5747778287013314
28,-32,0.0
28,-31,0.0
28,-30,0.0
28,-29,0.0
28,-28,0.0
28,-27,0.0
28,-26,0.0
28,-25,0.0
28,-24,0.0
28,-23,0.0
28,-22,0.0
28,-21,0.0
28,-20,0.0
28,-19,0.0
28,-18,0.0
28,-17,0.0
28,-16,0.0
28,-15,0.0
28,-14,0.0
28,-13,0.0
28,-12,0.0
28,-11,0.0
28,-10,0.0
28,-9,0.0
28,-8,0.0
28,-7,0.0
28,-6,0.0
28,-5,0.0
28,-4,0.0
28,-3,0.0
28,-2,0.0
28,-1,0.0
28,0,0.0
28,1,0.0
28,2,0.0
28,3,0.0
28,4,0.0
28,5,0.0
28,6,0.0
28,7,0.0
28,8,0.0
28,9,0.0
28,10,0.0
28,11,0.0
28,12,0.0
28,13,0.0
28,14,0.0
28,15,0.0
28,16,0.0
28,17,0.0
28,18,0.0
28,19,0.0
28,20,0.0
28,21,0.0
28,22,0.0
28,23,0.0
28,24,0.0
28,25,0.0
28,26,0.0
28,27,0.0
28,28,0.0
28,29,0.0
28,30,0.0
28,31,0.0
28,32,0.0
29,-32,0.0
29,-31,0.0
29,-30,0.0
29,-29,0.0
29,-28,0.0
29,-27,0.0
29,-26,0.0
29,-25,0.0
29,-24,0.0
29,-23,0.0
29,-22,0.0
29,-21,0.0
29,-20,0.0
29,-19,0.0
29,-18,0.0
29,-17,0.0
29,-16,0.0
29,-15,0.0
29,-14,0.0
29,-13,0.0
29,-12,0.0
29,-11,0.0
29,-10,0.0
29,-9,0.0
29,-8,0.0
29,-7,0.0
29,-6,0.0
29,-5,0.0
29,-4,0.0
29,-3,0.0
29,-2,0.0
29,-1,0.0
29,0,0.0
29,1,0.0
29,2,0.0
29,3,0.0
29,4,0.0
29,5,0.0
29,6,0.0
29,7,0.0
29,8,0.0
29,9,0.0
29,10,0.0
29,11,0.0
29,12,0.0
29,13,0.0
29,14,0.0
29,15,0.0
29,16,0.0
29,17,0.0
29,18,0.0
29,19,0.0
29,20,0.0
29,21,0.0
29,22,0.0
29,23,0.0
29,24,0.0
29,25,0.0
29,26,0.0
29,27,0.0
29,28,0.0
29,29,0.0
29,30,0.0
29,31,0.0
29,32,0.0
30,-32,0.0
30,-31,0.0
30,-30,0.0
30,-29,0.0
30,-28,0.0
30,-27,0.0
30,-26,0.0
30,-25,0.0
30,-24,0.0
30,-23,0.0
30,-22,0.0
30,-21,0.0
30,-20,0.0
30,-19,0.0
30,-18,0.0
30,-17,0.0
30,-16,0.0
30,-15,0.0
30,-14,0.0
30,-13,0.0
30,-12,0.0
30,-11,0.0
30,-10,0.0
30,-9,0.0
30,-8,0.0
30,-7,0.0
30,-6,0.0
30,-5,0.0
30,-4,0.0
30,-3,0.0
30,-2,0.0
30,-1,0.0
30,0,0.0
30,1,0.0
30,2,0.0
30,3,0.0
30,4,0.0
30,5,0.0
30,6,0.0
30,7,0.0
30,8,0.0
30,9,0.0
30,10,0.0
30,11,0.0
30,12,0.0
30,13,0.0
30,14,0.0
30,15,0.0
30,16,0.0
30,17,0.0
30,18,0.0
30,19,0.0
30,20,0.0
30,21,0.0
30,22,0.0
30,23,0.0
30,24,0.0
30,25,0.0
30,26,0.0
30,27,0.0
30,28,0.0
30,29,0.0
30,30,0.0
30,31,0.0
30,32,0.0
31,-32,0.0
31,-31,0.0
31,-30,0.0
31,-29,0.0
31,-28,0.0
31,-27,0.0
31,-26,0.0
31,-25,0.0
31,-24,0.0
31,-23,0.0
31,-22,0.0
31,-21,0.0
31,-20,0.0
31,-19,0.0
31,-18,0.0
31,-17,0.0
31,-16,0.0
31,-15,0.0
31,-14,0.0
31,-13,0.0
31,-12,0.0
31,-11,0.0
31,-10,0.0
31,-9,0.0
31,-8,0.0
31,-7,0.0
31,-6,0.0
31,-5,0.0
31,-4,0.0
31,-3,0.0
31,-2,0.0
31,-1,0.0
31,0,0.0
31,1,0.0
31,2,0.0
31,3,0.0
31,4,0.0
31,5,0.0
31,6,0.0
31,7,0.0
31,8,0.0
31,9,0.0
31,10,0.0
31,11,0.0
31,12,0.0
31,13,0.0
31,14,0.0
31,15,0.0
31,16,0.0
31,17,0.0
31,18,0.0
31,19,0.0
31,20,0.0
31,21,0.0
31,22,0.0
31,23,0.0
31,24,0.0
31,25,0.0
31,26,0.0
31,27,0.0
31,28,0.0
31,29,0.0
31,30,0.0
31,31,0.0
31,32,0.0
32,-32,0.0
32,-31,0.0
32,-30,0.0
32,-29,0.0
32,-28,0.0
32,-27,0.0
32,-26,0.0
32,-25,0.0
32,-24,0.0
32,-23,0.0
32,-22,0.0
32,-21,0.0
32,-20,0.0
32,-19,0.0
32,-18,0.0
32,-17,0.0
32,-16,0.0
32,-15,0.0
32,-14,0.0
32,-13,0.0
32,-12,0.0
32,-11,0.0
32,-10,0.0
32,-9,0.0
32,-8,0.0
32,-7,0.0
32,-6,0.0
32,-5,0.0
32,-4,0.0
32,-3,0.0
32,-2,0.0
32,-1,0.0
32,0,0.0
32,1,0.0
32,2,0.0
32,3,0.0
32,4,0.0
32,5,0.0
32,6,0.0
32,7,0.0
32,8,0.0
32,9,0.0
32,10,0.0
32,11,0.0
32,12,0.0
32,13,0.0
32,14,0.0
32,15,0.0
32,16,0.0
32,17,0.0
32,18,0.0
32,19,0.0
32,20,0.0
32,21,0.0
32,22,0.0
32,23,0.0
32,24,0.0
32,25,0.0
32,26,0.0
32,27,0.0
32,28,0.0
32,29,0.0
32,30,0.0
32,31,0.0
32,32,0.0
33,-32,0.0
33,-31,0.0
33,-30,0.0
33,-29,0.0
33,-28,0.0
33,-27,0.0
33,-26,0.0
33,-25,0.0
33,-24,0.0
33,-23,0.0
33,-22,0.0
33,-21,0.0
33,-20,0.0
33,-19,0.0
33,-18,0.0
33,-17,0.0
33,-16,0.0
33,-15,0.0
33,-14,0.0
33,-13,0.0
33,-12,0.0
33,-11,0.0
33,-10,0.0
33,-9,0.0
33,-8,0.0
33,-7,0.0
33,-6,0.0
33,-5,0.0
33,-4,0.0
33,-3,0.0
33,-2,0.0
33,-1,0.0
33,0,0.0
33,1,0.0
33,2,0.0
33,3,0.0
33,4,0.0
33,5,0.0
33,6,0.0
33,7,0.0
33,8,0.0
33,9,0.0
33,10,0.0
33,11,0.0
33,12,0.0
33,13,0.0
33,14,0.0
33,15,0.0
33,16,0.0
33,17,0.0
33,18,0.0
33,19,0.0
33,20,0.0
33,21,0.0
33,22,0.0
33,23,0.0
33,24,0.0
33,25,0.0
33,26,0.0
33,27,0.0
33,28,0.0
33,29,0.0
33,30,0.0
33,31,0.0
33,32,0.0
34,-32,0.0
34,-31,0.0
34,-30,0.0
34,-29,0.0
34,-28,0.0
34,-27,0.0
34,-26,0.0
34,-25,0.0
34,-24,0.0
34,-23,0.0
34,-22,0.0
34,-21,0.0
34,-20,0.0
34,-19,0.0
34,-18,0.0
34,-17,0.0
34,-16,0.0
34,-15,0.0
34,-14,0.0
34,-13,0.0
34,-12,0.0
34,-11,0.0
34,-10,0.0
34,-9,0.0
34,-8,0.0
34,-7,0.0
34,-6,0.0
34,-5,0.0
34,-4,0.0
34,-3,0.0
34,-2,0.0
34,-1,0.0
34,0,0.0
34,1,0.0
34,2,0.0
34,3,0.0
34,4,0.0
34,5,0.0
34,6,0.0
34,7,0.0
34,8,0.0
34,9,0.0
34,10,0.0
34,11,0.0
34,12,0.0
34,13,0.0
34,14,0.0
34,15,0.0
34,16,0.0
34,17,0.0
34,18,0.0
34,19,0.0
34,20,0.0
34,21,0.0
34,22,0.0
34,23,0.0
34,24,0.0
34,25,0.0
34,26,0.0
34,27,0.0
34,28,0.0
34,29,0.0
34,30,0.0
34,31,0.0
34,32,0.0
35,-32,0.0
35,-31,0.0
35,-30,0.0
35,-29,0.0
35,-28,0.0
35,-27,0.0
35,-26,0.0
35,-25,0.0
35,-24,0.0
35,-23,0.0
35,-22,0.0
35,-21,0.0
35,-20,0.0
35,-19,0.0
35,-18,0.0
35,-17,0.0
35,-16,0.0
35,-15,0.0
35,-14,0.0
35,-13,0.0
35,-12,0.0
35,-11,0.0
35,-10,0.0
35,-9,0.0
35,-8,0.0
35,-7,0.0
35,-6,0.0
35,-5,0.0
35,-4,0.0
35,-3,0.0
35,-2,0.0
35,-1,0.0
35,0,0.0
35,1,0.0
35,2,0.0
35,3,0.0
35,4,0.0
35,5,0.0
35,6,0.0
35,7,0.0
35,8,0.0
35,9,0.0
35,10,0.0
35,11,0.0
35,12,0.0
35,13,0.0
35,14,0.0
35,15,0.0
35,16,0.0
35,17,0.0
35,18,0.0
35,19,0.0
35,20,0.0
35,21,0.0
35,22,0.0
35,23,0.0
35,24,0.0
35,25,0.0
35,26,0.0
35,27,0.0
35,28,0.0
35,29,0.0
35,30,0.0
35,31,0.0
35,32,0.0
36,-32,0.0
36,-31,0.0
36,-30,0.0
36,-29,0.0
36,-28,0.0
36,-27,0.0
36,-26,0.0
36,-25,0.0
36,-24,0.0
36,-23,0.0
36,-22,0.0
36,-21,0.0
36,-20,0.0
36,-19,0.0
36,-18,0.0
36,-17,0.0
36,-16,0.0
36,-15,0.0
36,-14,0.0
36,-13,0.0
36,-12,0.0
36,-11,0.0
36,-10,0.0
36,-9,0.0
36,-8,0.0
36,-7,0.0
36,-6,0.0
36,-5,0.0
36,-4,0.0
36,-3,0.0
36,-2,0.0
36,-1,0.0
36,0,0.0
36,1,0.0
36,2,0.0
36,3,0.0
36,4,0.0
36,5,0.0
36,6,0.0
36,7,0.0
36,8,0.0
36,9,0.0
36,10,0.0
36,11,0.0
36,12,0.0
36,13,0.0
36,14,0.0
36,15,0.0
36,16,0.0
36,17,0.0
36,18,0.0
36,19,0.0
36,20,0.0
36,21,0.0
36,22,0.0
36,23,0.0
36,24,0.0
36,25,0.0
36,26,0.0
36,27,0.0
36,28,0.0
36,29,0.0
36,30,0.0
36,31,0.0
36,32,0.0
37,-32,0.0
37,-31,0.0
37,-30,0.0
37,-29,0.0
37,-28,0.0
37,-27,0.0
37,-26,0.0
37,-25,0.0
37,-24,0.0
37,-23,0.0
37,-22,0.0
37,-21,0.0
37,-20,0.0
37,-19,0.0
37,-18,0.0
37,-17,0.0
37,-16,0.0
37,-15,0.0
37,-14,0.0
37,-13,0.0
37,-12,0.0
37,-11,0.0
37,-10,0.0
37,-9,0.0
37,-8,0.0
37,-7,0.0
37,-6,0.0
37,-5,0.0
37,-4,0.0
37,-3,0.0
37,-2,0.0
37,-1,0.0
37,0,0.0
37,1,0.0
37,2,0.0
37,3,0.0
37,4,0.0
37,5,0.0
37,6,0.0
37,7,0.0
37,8,0.0
37,9,0.0
37,10,0.0
37,11,0.0
37,12,0.0
37,13,0.0
37,14,0.0
37,15,0.0
37,16,0.0
37,17,0.0
37,18,0.0
37,19,0.0
37,20,0.0
37,21,0.0
37,22,0.0
37,23,0.0
37,24,0.0
37,25,0.0
37,26,0.0
37,27,0.0
37,28,0.0
37,29,0.0
37,30,0.0
37,31,0.0
37,32,0.0
38,-32,0.0
38,-31,0.0
38,-30,0.0
38,-29,0.0
38,-28,0.0
38,-27,0.0
38,-26,0.0
38,-25,0.0
38,-24,0.0
38,-23,0.0
38,-22,0.0
38,-21,0.0
38,-20,0.0
38,-19,0.0
38,-18,0.0
38,-17,0.0
38,-16,0.0
38,-15,0.0
38,-14,0.0
38,-13,0.0
38,-12,0.0
38,-11,0.0
38,-10,0.0
38,-9,0.0
38,-8,0.0
38,-7,0.0
38,-6,0.0
38,-5,0.0
38,-4,0.0
38,-3,0.0
38,-2,0.0
38,-1,0.0
38,0,0.0
38,1,0.0
38,2,0.0
38,3,0.0
38,4,0.0
38,5,0.0
38,6,0.0
38,7,0.0
38,8,0.0
38,9,0.0
38,10,0.0
38,11,0.0
38,12,0.0
38,13,0.0
38,14,0.0
38,15,0.0
38,16,0.0
38,17,0.0
38,18,0.0
38,19,0.0
38,20,0.0
38,21,0.0
38,22,0.0
38,23,0.0
38,24,0.0
38,25,0.0
38,26,0.0
38,27,0.0
38,28,0.0
38,29,0.0
38,30,0.0
38,31,0.0
38,32,0.0
39,-32,-1.1800696566533568
39,-31,0.46229025408024116
39,-30,-0.08565244812264161
39,-29,0.8685047215385904
39,-28,0.926960146842872
39,-27,3.943725341991034
39,-26,4.002180767295315
39,-25,3.2046580672475358
39,-24,3.2333574731425965
39,-23,3.7603784644265854
39,-22,2.994285107451418
39,-21,3.8921352446535975
39,-20,2.968215602279905
39,-19,1.160540761761427
39,-18,2.0301645715382106
39,-17,1.5747440707397096
39,-16,1.7516573208670592
39,-15,1.8101127461713409
39,-14,1.8685681714756226
39,-13,2.1630485481792556
39,-12,1.3969551912040885
39,-11,1.3060543993309834
39,-10,1.9480863368380668
39,-9,0.24141129186464538
39,-8,-1.465263753108776
39,-7,0.177096157624822
39,-6,0.3540094077521717
39,-5,0.5309226578795214
39,-4,1.0579436491635104
39,-3,0.03850024621353776
39,-2,-0.022413407630245005
39,-1,-0.29448037670369676
39,0,-6.350475700855895e-14
39,1,1.180069656653293
39,2,-0.4622902540803048
39,3,0.08565244812257855
39,4,-0.8685047215386541
39,5,-0.926960146842936
39,6,-3.943725341991098
39,7,-4.002180767295378
39,8,-3.2046580672475993
39,9,-3.2333574731426604
39,10,-3.760378464426649
39,11,-2.9942851074514816
39,12,-3.892135244653662
39,13,-2.9682156022799693
39,14,-1.1605407617614911
39,15,-2.030164571538275
39,16,-1.574744070739773
39,17,-1.751657320867123
39,18,-1.8101127461714035
39,19,-1.8685681714756854
39,20,-2.163048548179319
39,21,-1.396955191204152
39,22,-1.3060543993310467
39,23,-1.9480863368381303
39,24,-0.24141129186470878
39,25,1.4652637531087125
39,26,-0.1770961576248854
39,27,-0.354009407752235
39,28,-0.5309226578795847
39,29,-1.0579436491635734
39,30,-0.03850024621360093
39,31,0.022413407630181847
39,32,0.29448037670363325
40,-32,-1.2538005252481024
40,-31,0.021963586754051745
40,-30,-0.09119732697367537
40,-29,0.6747954327909913
40,-28,1.440788192555658
40,-27,3.972854866932015
40,-26,4.398484185453799
40,-25,2.722467049332221
40,-24,3.1745437809527113
40,-23,3.1978881026535046
40,-22,3.0847271889257777
40,-21,3.4573254706951944
40,-20,3.1509316464180763
40,-19,1.6876650673363873
40,-18,2.8374918780601224
40,-17,2.641825015195348
40,-16,2.961209077101829
40,-15,2.543249414820978
40,-14,2.1252897525401266
40,-13,1.9296228896753531
40,-12,1.4836384409694297
40,-11,0.9532547039870614
40,-10,1.7192474637517279
40,-9,0.4654469385036255
40,-8,-1.9672428807385018
40,-7,-0.3193707443748359
40,-6,0.05322753739458064
40,-5,-0.05993337633314648
40,-4,-0.0365890546323529
40,-3,-1.4697343852052491
40,-2,-1.0971361034358327
40,-1,-1.0737917817350378
40,0,8.881784197001252e-15
40,1,1.253800525248111
40,2,-0.021963586754044417
40,3,0.09119732697368343
40,4,-0.6747954327909831
40,5,-1.4407881925556503
40,6,-3.972854866932007
40,7,-4.398484185453791
40,8,-2.722467049332213
40,9,-3.174543780952704
40,10,-3.197888102653497
40,11,-3.0847271889257692
40,12,-3.457325470695186
40,13,-3.150931646418069
40,14,-1.6876650673363798
40,15,-2.8374918780601144
40,16,-2.641825015195341
40,17,-2.9612090771018225
40,18,-2.5432494148209708
40,19,-2.1252897525401186
40,20,-1.9296228896753453
40,21,-1.483638440969422
40,22,-0.953254703987054
40,23,-1.71924746375172
40,24,-0.46544693850361796
40,25,1.9672428807385094
40,26,0.3193707443748436
40,27,-0.05322753739457298
40,28,0.05993337633315399
40,29,0.03658905463236062
40,30,1.469734385205257
40,31,1.0971361034358402
40,32,1.0737917817350466
41,-32,-0.9885851629439972
41,-31,0.7438287130083991
41,-30,-0.14185210152024885
41,-29,1.0663919916043163
41,-28,1.640037207661695
41,-27,4.18982900910747
41,-26,4.763474225164848
41,-25,3.7490399991191614
41,-24,3.489637277437771
41,-23,4.06328249349515
41,-22,3.355832821297195
41,-21,4.74072590699239
41,-20,3.855045092463742
41,-19,2.579335025099769
41,-18,3.787579118224334
41,-17,3.6744182228979216
41,-16,3.9677437628595706
41,-15,3.3107948456742857
41,-14,3.100306060198082
41,-13,3.393631600159731
41,-12,3.2075369649081047
41,-11,2.1152558466397635
41,-10,2.218706155533404
41,-9,0.8103982595155428
41,-8,-1.2540940184314533
41,-7,0.21838952528311828
41,-6,-0.041013196398272056
41,-5,0.06243711249536828
41,-4,-0.05072378283104416
41,-3,-1.0651580088767307
41,-2,-0.5146729364751124
41,-1,-0.3873531447930243
41,0,-6.727951529228449e-14
41,1,0.9885851629439304
41,2,-0.7438287130084669
41,3,0.14185210152018113
41,4,-1.0663919916043842
41,5,-1.6400372076617626
41,6,-4.189829009107539
41,7,-4.763474225164918
41,8,-3.749039999119228
41,9,-3.489637277437838
41,10,-4.063282493495219
41,11,-3.3558328212972626
41,12,-4.740725906992457
41,13,-3.8550450924638096
41,14,-2.5793350250998364
41,15,-3.787579118224402
41,16,-3.6744182228979883
41,17,-3.967743762859638
41,18,-3.3107948456743532
41,19,-3.1003060601981485
41,20,-3.3936316001597984
41,21,-3.207536964908172
41,22,-2.1152558466398306
41,23,-2.2187061555334706
41,24,-0.8103982595156098
41,25,1.254094018431386
41,26,-0.21838952528318556
41,27,0.041013196398205
41,28,-0.06243711249543549
41,29,0.050723782830977004
41,30,1.0651580088766637
41,31,0.5146729364750453
41,32,0.387353144792957
42,-32,-0.7792352041052049
42,-31,0.5453335016795777
42,-30,0.41107637617918585
42,-29,0.8455849074417878
42,-28,2.2662133224072285
42,-27,4.29863684466614
42,-26,4.859656729487476
42,-25,3.262107291803494
42,-24,2.915844500953256
42,-23,3.4768643857745922
42,-22,2.8885689001032597
42,-21,4.333128740375119
42,-20,4.382053613453639
42,-19,2.9289180892064914
42,-18,4.181087355810756
42,-17,3.9940983228076306
42,-16,4.249818627316848
42,-15,3.470583423211643
42,-14,3.1775933972377364
42,-13,2.8313306063874983
42,-12,2.564908547134169
42,-11,2.218645756283931
42,-10,3.1534698226635722
42,-9,1.5559203849795904
42,-8,-0.7562874712661989
42,-7,0.7836682058056783
42,-6,0.4374054149554403
42,-5,0.7187884261800044
42,-4,0.5317993931768801
42,-3,-0.6367774236289525
42,-2,-1.0097454844709801
42,-1,-0.9348240663797163
42,0,-7.51620987671231e-14
42,1,0.7792352041051304
42,2,-0.5453335016796522
42,3,-0.4110763761792605
42,4,-0.845584907441863
42,5,-2.2662133224073036
42,6,-4.2986368446662135
42,7,-4.859656729487551
42,8,-3.26210729180357
42,9,-2.9158445009533307
42,10,-3.4768643857746664
42,11,-2.888568900103334
42,12,-4.3331287403751935
42,13,-4.382053613453714
42,14,-2.9289180892065656
42,15,-4.181087355810831
42,16,-3.994098322807706
42,17,-4.249818627316923
42,18,-3.4705834232117185
42,19,-3.1775933972378114
42,20,-2.831330606387573
42,21,-2.564908547134244
42,22,-2.218645756284006
42,23,-3.1534698226636477
42,24,-1.555920384979665
42,25,0.7562874712661238
42,26,-0.7836682058057532
42,27,-0.4374054149555152
42,28,-0.7187884261800793
42,29,-0.531799393176955
42,30,0.6367774236288775
42,31,1.009745484470905
42,32,0.9348240663796411
43,-32,-0.6832186925102277
43,-31,1.531834979307886
43,-30,1.082976202415225
43,-29,1.9952732175628203
43,-28,3.0729588511179884
43,-27,5.615513540493965
43,-26,5.574718965732326
43,-25,4.4926382216068985
43,-24,4.726383537554108
43,-23,5.471643811690469
43,-22,4.57702249935086
43,-21,5.678203356563853
43,-20,5.4091876927157205
43,-19,3.6654899098187563
43,-18,4.577786924966352
43,-17,4.077157392892296
43,-16,4.111707900792832
43,-15,3.4284892082826044
43,-14,3.6622345242298135
43,-13,3.5962450007251703
43,-12,2.93924481727848
43,-11,2.2822446338317897
43,-10,2.8829807469208255
43,-9,1.4186549775797002
43,-8,-0.3250428053172638
43,-7,0.8697950945893231
43,-6,0.9043456024898592
43,-5,0.8635510277282202
43,-4,0.8981015356287563
43,-3,-0.5662242337123691
43,-2,-0.3572431513609864
43,-1,-0.6007361130890194
43,0,1.6653345369377348e-14
43,1,0.6832186925102444
43,2,-1.5318349793078696
43,3,-1.0829762024152088
43,4,-1.9952732175628036
43,5,-3.0729588511179706
43,6,-5.615513540493948
43,7,-5.574718965732309
43,8,-4.492638221606882
43,9,-4.72638353755409
43,10,-5.471643811690452
43,11,-4.577022499350844
43,12,-5.678203356563836
43,13,-5.409187692715704
43,14,-3.6654899098187395
43,15,-4.577786924966334
43,16,-4.077157392892278
43,17,-4.111707900792815
43,18,-3.4284892082825866
43,19,-3.6622345242297962
43,20,-3.596245000725153
43,21,-2.939244817278462
43,22,-2.2822446338317723
43,23,-2.8829807469208086
43,24,-1.4186549775796828
43,25,0.3250428053172808
43,26,-0.8697950945893063
43,27,-0.904345602489842
43,28,-0.8635510277282032
43,29,-0.898101535628739
43,30,0.5662242337123863
43,31,0.3572431513610036
43,32,0.6007361130890361
44,-32,-0.6157397997713396
44,-31,0.5106470607836335
44,-30,0.2365294226939038
44,-29,0.8997845966331743
44,-28,1.314505367665992
44,-27,3.5401132991267033
44,-26,3.677425169045645
44,-25,1.7933658849731697
44,-24,2.2580670378037304
44,-23,2.3189658427478737
44,-22,1.5432152639720729
44,-21,2.9325698754560596
44,-20,2.839642200680114
44,-19,1.041402187500556
44,-18,1.7785609434841718
44,-17,2.0929026993592235
44,-16,2.731456810709279
44,-15,2.1157170109379395
44,-14,1.6321771229175166
44,-13,1.4876727688610367
44,-12,1.004132880840614
44,-11,0.5994251781278853
44,-10,1.4346612698400083
44,-9,-0.02486314857904981
44,-8,-2.613124548474424
44,-7,-1.414654448647839
44,-6,-0.7761003372977836
44,-5,-0.3613795662649659
44,-4,0.27717454508508943
44,-3,-0.9329053476180046
44,-2,-0.4682041947874438
44,-1,-0.63855411135009
44,0,-3.4638958368304884e-14
44,1,0.6157397997713052
44,2,-0.5106470607836683
44,3,-0.2365294226939384
44,4,-0.8997845966332086
44,5,-1.314505367666026
44,6,-3.540113299126739
44,7,-3.677425169045679
44,8,-1.7933658849732037
44,9,-2.258067037803765
44,10,-2.3189658427479083
44,11,-1.5432152639721073
44,12,-2.9325698754560943
44,13,-2.8396422006801485
44,14,-1.0414021875005908
44,15,-1.7785609434842065
44,16,-2.0929026993592577
44,17,-2.7314568107093136
44,18,-2.1157170109379733
44,19,-1.6321771229175503
44,20,-1.4876727688610707
44,21,-1.0041328808406478
44,22,-0.5994251781279193
44,23,-1.434661269840042
44,24,0.024863148579015726
44,25,2.6131245484743904
44,26,1.4146544486478048
44,27,0.7761003372977495
44,28,0.3613795662649318
44,29,-0.2771745450851236
44,30,0.9329053476179705
44,31,0.46820419478740966
44,32,0.6385541113500554
45,-32,-1.0949307260665313
45,-31,0.49250578641532106
45,-30,-0.4165222994052785
45,-29,0.3591205675721617
45,-28,0.9676609128396272
45,-27,3.1785806021999834
45,-26,3.5545811348692915
45,-25,2.1047084632822104
45,-24,1.9615610370932237
45,-23,2.6329604105243116
45,-22,2.2014088366734232
45,-21,3.7093541522969806
45,-20,3.2778025784460922
45,-19,1.8518605482847708
45,-18,3.0381774795734557
45,-17,2.762575278639697
45,-16,2.7725786027574952
45,-15,2.0700012503312175
45,-14,1.8828250481114472
45,-13,2.3860702156479188
45,-12,2.242922789458932
45,-11,1.4489342551647517
45,-10,2.3075094582037066
45,-9,0.46927100505738584
45,-8,-1.5671831490675159
45,-7,0.11911663546572582
45,-6,0.1291199595835239
45,-5,-0.058056242636246425
45,-4,-0.04805291851844833
45,-3,-0.8420414528126287
45,-2,-0.9851888790016154
45,-1,-0.5454433623943118
45,0,-1.7530421558831222e-13
45,1,1.0949307260663559
45,2,-0.49250578641549636
45,3,0.4165222994051032
45,4,-0.359120567572337
45,5,-0.967660912839802
45,6,-3.178580602200159
45,7,-3.5545811348694683
45,8,-2.1047084632823863
45,9,-1.9615610370933991
45,10,-2.632960410524487
45,11,-2.2014088366735987
45,12,-3.7093541522971574
45,13,-3.2778025784462685
45,14,-1.8518605482849466
45,15,-3.038177479573632
45,16,-2.762575278639872
45,17,-2.7725786027576707
45,18,-2.0700012503313925
45,19,-1.8828250481116218
45,20,-2.3860702156480933
45,21,-2.242922789459107
45,22,-1.448934255164926
45,23,-2.3075094582038806
45,24,-0.46927100505756025
45,25,1.5671831490673416
45,26,-0.11911663546590057
45,27,-0.1291199595836987
45,28,0.058056242636071786
45,29,0.048052918518273646
45,30,0.842041452812454
45,31,0.9851888790014407
45,32,0.5454433623941365
46,-32,-0.5389266139285646
46,-31,1.5096937469386886
46,-30,0.8466663213227089
46,-29,1.5980103526767535
46,-28,2.6247064667691387
46,-27,4.564682276137796
46,-26,4.417343486614814
46,-25,3.0689667214848706
46,-24,3.2814347523623004
46,-23,4.055872403175598
46,-22,2.989901697277068
46,-21,4.152852765734261
46,-20,4.0055139762112795
46,-19,2.317392083084285
46,-18,3.9721973397855335
46,-17,3.8973717370668317
46,-16,4.086064271087085
46,-15,3.5471376571585203
46,-14,2.7591564631985195
46,-13,2.7565649684107605
46,-12,2.018668764105625
46,-11,1.4797421501770605
46,-10,2.045348062530365
46,-9,0.6710716406914381
46,-8,-1.3098725338408763
46,-7,0.03332124171354889
46,-6,0.22201377573380193
46,-5,0.33920094305731296
46,-4,0.3846120580042066
46,-3,-0.9120800789720062
46,-2,-0.6996120480945764
46,-1,-0.7744376508132769
46,0,2.0650148258027912e-14
46,1,0.5389266139285847
46,2,-1.5096937469386689
46,3,-0.846666321322689
46,4,-1.5980103526767333
46,5,-2.6247064667691182
46,6,-4.564682276137775
46,7,-4.417343486614793
46,8,-3.0689667214848484
46,9,-3.281434752362279
46,10,-4.055872403175577
46,11,-2.9899016972770474
46,12,-4.15285276573424
46,13,-4.005513976211258
46,14,-2.317392083084264
46,15,-3.9721973397855113
46,16,-3.897371737066811
46,17,-4.086064271087064
46,18,-3.5471376571584994
46,19,-2.759156463198499
46,20,-2.756564968410739
46,21,-2.0186687641056045
46,22,-1.4797421501770402
46,23,-2.045348062530344
46,24,-0.6710716406914179
46,25,1.3098725338408963
46,26,-0.03332124171352857
46,27,-0.22201377573378178
46,28,-0.33920094305729265
46,29,-0.3846120580041863
46,30,0.9120800789720265
46,31,0.6996120480945968
46,32,0.7744376508132975
47,-32,-0.75182653840058
47,-31,0.6527947056626944
47,-30,0.2649817584210598
47,-29,1.2022620029725035
47,-28,2.4965501817383315
47,-27,4.995424687715257
47,-26,5.106060341060007
47,-25,3.958129150620896
47,-24,3.4739162512554596
47,-23,3.5845519046002097
47,-22,3.0277223283370693
47,-21,4.498268862222696
47,-20,3.67280216364615
47,-19,2.0945840059069303
47,-18,2.760024164974162
47,-17,3.334045458787708
47,-16,3.6313167478224857
47,-15,2.8794902094219057
47,-14,2.3226606331587654
47,-13,2.3393197292564696
47,-12,1.855106829891033
47,-11,1.5871251886085842
47,-10,2.2753563659239604
47,-9,0.20388342004877735
47,-8,-1.5544922354494715
47,-7,-0.17189165600452272
47,-6,0.1253796330302548
47,-5,-0.11872380538529523
47,-4,0.6150135646082534
47,-3,-0.43310754406816143
47,-2,-0.820920491309796
47,-1,-0.7337373699936305
47,0,-8.182343691487404e-14
47,1,0.7518265384004977
47,2,-0.6527947056627773
47,3,-0.26498175842114313
47,4,-1.2022620029725863
47,5,-2.4965501817384133
47,6,-4.995424687715339
47,7,-5.106060341060089
47,8,-3.958129150620978
47,9,-3.4739162512555413
47,10,-3.5845519046002914
47,11,-3.0277223283371506
47,12,-4.498268862222779
47,13,-3.672802163646232
47,14,-2.0945840059070124
47,15,-2.760024164974243
47,16,-3.334045458787791
47,17,-3.6313167478225687
47,18,-2.8794902094219883
47,19,-2.3226606331588475
47,20,-2.339319729256552
47,21,-1.8551068298911155
47,22,-1.5871251886086668
47,23,-2.275356365924043
47,24,-0.20388342004886018
47,25,1.5544922354493889
47,26,0.1718916560044399
47,27,-0.1253796330303376
47,28,0.11872380538521243
47,29,-0.6150135646083362
47,30,0.4331075440680786
47,31,0.8209204913097132
47,32,0.7337373699935487
48,-32,-0.778944826806009
48,-31,0.8332466046046424
48,-30,0.395773702945415
48,-29,1.6397378928384778
48,-28,2.780201430202296
48,-27,5.343119097946444
48,-26,5.174283832972459
48,-25,4.023763270050232
48,-24,3.4958600162413265
48,-23,4.110485045200452
48,-22,3.5144619270230946
48,-21,4.820268960640277
48,-20,4.22424584246292
48,-19,2.6700839797152107
48,-18,4.0785389054552965
48,-17,3.2995940786492883
48,-16,2.99693142537805
48,-15,2.217986598572041
48,-14,2.4884106990845303
48,-13,2.4303627712769758
48,-12,1.9024595174680705
48,-11,1.7336242524940861
48,-10,2.3055610753056257
48,-9,0.7513992125579168
48,-8,-1.1915614977407238
48,-7,0.03174566471473472
48,-6,-0.27091698855650326
48,-5,-0.5735796418277412
48,-4,0.04104538713138395
48,-3,-0.8069794077696204
48,-2,-0.3421799823997333
48,-1,0.05804792780755097
48,0,-3.400058012914542e-15
48,1,0.7789448268060054
48,2,-0.8332466046046464
48,3,-0.39577370294541925
48,4,-1.6397378928384816
48,5,-2.7802014302023
48,6,-5.343119097946448
48,7,-5.1742838329724625
48,8,-4.023763270050237
48,9,-3.495860016241332
48,10,-4.1104850452004555
48,11,-3.5144619270230986
48,12,-4.8202689606402815
48,13,-4.224245842462923
48,14,-2.670083979715215
48,15,-4.0785389054553
48,16,-3.2995940786492914
48,17,-2.9969314253780537
48,18,-2.2179865985720446
48,19,-2.488410699084534
48,20,-2.43036277127698
48,21,-1.902459517468074
48,22,-1.7336242524940895
48,23,-2.3055610753056297
48,24,-0.7513992125579209
48,25,1.1915614977407198
48,26,-0.03174566471473879
48,27,0.2709169885564992
48,28,0.5735796418277371
48,29,-0.041045387131388014
48,30,0.8069794077696163
48,31,0.34217998239972924
48,32,-0.05804792780755437
49,-32,-0.7338708021124942
49,-31,1.223069783225319
49,-30,0.28948729041954
49,-29,1.0802636590519383
49,-28,1.7690102602931863
49,-27,4.182012927594339
49,-26,4.457192246575094
49,-25,2.5840725170755925
49,-24,1.6504900242698135
49,-23,2.4209029299389626
49,-22,1.6870321278264684
49,-21,2.5995481833523835
49,-20,2.4306197922742707
49,-19,1.2272354345387961
49,-18,2.1801649017879288
49,-17,1.7526491396457025
49,-16,1.5194110115579271
49,-15,0.7855402094454329
49,-14,0.3797120201188371
49,-13,0.5500929938324618
49,-12,0.48785779081265396
49,-11,-0.1140874923310024
49,-10,0.8993077635405313
49,-9,-0.5780730249385748
49,-8,-2.0554538134176807
49,-7,-0.6238500222281087
49,-6,-0.12011386669570268
49,-5,-0.5259420560222985
49,-4,0.24447084964685073
49,-3,-1.0270117558183083
49,-2,-0.8987123307437413
49,-1,-0.12829942507459147
49,0,-2.456368441983159e-14
49,1,0.7338708021124694
49,2,-1.2230697832253443
49,3,-0.28948729041956556
49,4,-1.080263659051964
49,5,-1.769010260293212
49,6,-4.182012927594364
49,7,-4.457192246575119
49,8,-2.5840725170756182
49,9,-1.6504900242698386
49,10,-2.4209029299389875
49,11,-1.6870321278264933
49,12,-2.599548183352409
49,13,-2.4306197922742956
49,14,-1.2272354345388217
49,15,-2.1801649017879545
49,16,-1.7526491396457282
49,17,-1.5194110115579524
49,18,-0.7855402094454584
49,19,-0.3797120201188626
49,20,-0.5500929938324872
49,21,-0.4878577908126793
49,22,0.11408749233097712
49,23,-0.8993077635405567
49,24,0.5780730249385495
49,25,2.0554538134176554
49,26,0.6238500222280836
49,27,0.12011386669567756
49,28,0.5259420560222734
49,29,-0.24447084964687596
49,30,1.027011755818283
49,31,0.8987123307437161
49,32,0.1282994250745669
50,-32,-0.8719737073433219
50,-31,0.38159105270027804
50,-30,-0.3037883593690448
50,-29,1.0056312566314687
50,-28,1.8637957041843418
50,-27,4.365206262319285
50,-26,4.839305543375659
50,-25,3.2008183684013805
50,-24,2.5154389563320576
50,-23,2.617494841645295
50,-22,1.2596639756384362
50,-21,2.3635207407032643
50,-20,2.6427064511743192
50,-19,1.582188958794487
50,-18,2.6860457238593147
50,-17,2.388448537767764
50,-16,2.231698286714707
50,-15,1.6080940805026884
50,-14,1.4112099684709187
50,-13,1.592193017122089
50,-12,0.9068136050527662
50,-11,0.7099294930209966
50,-10,1.9074843156311911
50,-9,0.5496534496243324
50,-8,-1.5297436827429414
50,-7,-0.1275737941003261
50,-6,-0.28432404515338316
50,-5,-0.18226815984014572
50,-4,0.5231722012065336
50,-3,-0.28638978648867885
50,-2,-0.807496246359955
50,-1,-0.7054403610467164
50,0,-3.697042672001771e-14
50,1,0.8719737073432845
50,2,-0.3815910527003149
50,3,0.30378835936900744
50,4,-1.0056312566315064
50,5,-1.8637957041843793
50,6,-4.3652062623193215
50,7,-4.839305543375695
50,8,-3.2008183684014178
50,9,-2.5154389563320945
50,10,-2.6174948416453323
50,11,-1.2596639756384738
50,12,-2.363520740703301
50,13,-2.6427064511743565
50,14,-1.5821889587945241
50,15,-2.686045723859352
50,16,-2.388448537767802
50,17,-2.231698286714745
50,18,-1.6080940805027262
50,19,-1.4112099684709571
50,20,-1.5921930171221272
50,21,-0.906813605052805
50,22,-0.709929493021035
50,23,-1.9074843156312293
50,24,-0.5496534496243705
50,25,1.5297436827429034
50,26,0.12757379410028802
50,27,0.28432404515334514
50,28,0.18226815984010758
50,29,-0.5231722012065717
50,30,0.2863897864886407
50,31,0.8074962463599169
50,32,0.7054403610466794
51,-32,-0.8204203571770509
51,-31,0.30531847894066677
51,-30,-0.7210047273896351
51,-29,0.03048688172849634
51,-28,1.340822800637338
51,-27,3.7648305038694354
51,-26,3.9847413068277127
51,-25,1.9897547576092192
51,-24,1.883716213091861
51,-23,2.614213082101367
51,-22,1.793792724924316
51,-21,2.67079800977862
51,-20,2.717546367878394
51,-19,0.9637015338669546
51,-18,1.610000403735056
51,-17,1.9159240430885132
51,-16,2.371477054452677
51,-15,1.5510566972756261
51,-14,1.068848431648228
51,-13,1.883193925987166
51,-12,1.7771553814698078
51,-11,1.0927502977973158
51,-10,2.0737620867243582
51,-9,0.4867825760228621
51,-8,-1.2670622579885773
51,-7,-0.4527167636496394
51,-6,0.00283624771452462
51,-5,-0.4793720179128735
51,-4,0.2511248510966326
51,-3,-0.867451992411918
51,-2,-0.7989744307106988
51,-1,-0.06847756170119235
51,0,2.671474153004283e-14
51,1,0.8204203571770776
51,2,-0.3053184789406412
51,3,0.7210047273896613
51,4,-0.03048688172847007
51,5,-1.3408228006373117
51,6,-3.7648305038694083
51,7,-3.984741306827686
51,8,-1.9897547576091932
51,9,-1.883716213091835
51,10,-2.614213082101341
51,11,-1.7937927249242902
51,12,-2.6707980097785944
51,13,-2.7175463678783682
51,14,-0.9637015338669287
51,15,-1.6100004037350297
51,16,-1.9159240430884867
51,17,-2.371477054452651
51,18,-1.5510566972756004
51,19,-1.068848431648202
51,20,-1.8831939259871402
51,21,-1.777155381469782
51,22,-1.0927502977972896
51,23,-2.0737620867243325
51,24,-0.486782576022836
51,25,1.2670622579886035
51,26,0.4527167636496656
51,27,-0.0028362477144984605
51,28,0.47937201791289963
51,29,-0.2511248510966065
51,30,0.8674519924119443
51,31,0.7989744307107252
51,32,0.06847756170121906
52,-32,-0.9970031625471305
52,-31,0.5680161460656277
52,-30,-0.20407517187492596
52,-29,0.5380023944111983
52,-28,1.3729359581580316
52,-27,3.471446572786871
52,-26,4.096935450264338
52,-25,2.176013591984794
52,-24,1.4039222740442403
52,-23,1.5809678253878063
52,-22,0.3820726380108299
52,-21,1.7666410852851726
52,-20,1.1679024791040065
52,-19,-0.056362349826857505
52,-18,1.0320603216286968
52,-17,0.727383163495303
52,-16,0.5924761685931765
52,-15,0.45756917369105016
52,-14,0.2742867411012317
52,-13,0.5464673225368601
52,-12,-0.2256239954036935
52,-11,-0.6278917073071653
52,-10,-0.28461704373457786
52,-9,-1.867249202119253
52,-8,-3.475711469037449
52,-7,-1.7315706415051384
52,-6,-1.8664776364072648
52,-5,-1.6894320850636988
52,-4,-0.7850957275092365
52,-3,-1.7068707863755317
52,-2,-1.081381908898065
52,-1,-0.9043363575545
52,0,-3.774758283725532e-14
52,1,0.9970031625470925
52,2,-0.5680161460656643
52,3,0.20407517187488877
52,4,-0.5380023944112355
52,5,-1.3729359581580685
52,6,-3.471446572786909
52,7,-4.0969354502643744
52,8,-2.1760135919848302
52,9,-1.4039222740442767
52,10,-1.5809678253878428
52,11,-0.38207263801086655
52,12,-1.766641085285209
52,13,-1.1679024791040433
52,14,0.05636234982682087
52,15,-1.0320603216287334
52,16,-0.7273831634953394
52,17,-0.5924761685932127
52,18,-0.45756917369108696
52,19,-0.2742867411012686
52,20,-0.5464673225368963
52,21,0.22562399540365674
52,22,0.6278917073071286
52,23,0.28461704373454144
52,24,1.8672492021192164
52,25,3.475711469037412
52,26,1.731570641505102
52,27,1.8664776364072282
52,28,1.6894320850636622
52,29,0.7850957275091999
52,30,1.706870786375495
52,31,1.0813819088980283
52,32,0.9043363575544623
53,-32,-0.6469294612123708
53,-31,1.061818049844034
53,-30,0.6216860149205685
53,-29,1.573771578730292
53,-28,2.6112345103880856
53,-27,4.810505894140549
53,-26,4.71041184184592
53,-25,3.2139761720482216
53,-24,2.7738441371247564
53,-23,3.2064054105826387
53,-22,2.0210135606454593
53,-21,2.6064158400689568
53,-20,2.3256746753540027
53,-19,0.6352910343957174
53,-18,1.9058270403423774
53,-17,1.8954635906536856
53,-16,2.04119700139618
53,-15,0.8558051514590006
53,-14,0.9570592862126593
53,-13,0.7442479258899894
53,-12,0.3041158909665241
53,-11,0.4053700257201828
53,-10,0.9907723051436801
53,-9,-0.9943119821272004
53,-8,-2.979396269398081
53,-7,-1.7088602634514212
53,-6,-1.5631268527089268
53,-5,-1.1305655792510443
53,-4,-0.6980043057931618
53,-3,-1.275764540933849
53,-2,-1.5338372922465673
53,-1,-1.101276018788684
53,0,1.2678746941219288e-13
53,1,0.6469294612124981
53,2,-1.0618180498439074
53,3,-0.6216860149204415
53,4,-1.5737715787301667
53,5,-2.6112345103879595
53,6,-4.810505894140422
53,7,-4.710411841845793
53,8,-3.2139761720480955
53,9,-2.77384413712463
53,10,-3.206405410582512
53,11,-2.0210135606453337
53,12,-2.606415840068831
53,13,-2.325674675353877
53,14,-0.6352910343955911
53,15,-1.9058270403422513
53,16,-1.8954635906535593
53,17,-2.0411970013960534
53,18,-0.8558051514588747
53,19,-0.9570592862125338
53,20,-0.7442479258898638
53,21,-0.3041158909663979
53,22,-0.40537002572005676
53,23,-0.9907723051435546
53,24,0.9943119821273265
53,25,2.9793962693982072
53,26,1.7088602634515473
53,27,1.5631268527090527
53,28,1.1305655792511702
53,29,0.6980043057932879
53,30,1.275764540933975
53,31,1.5338372922466934
53,32,1.1012760187888109
54,-32,-0.3395395367782627
54,-31,0.8428280696088946
54,-30,-0.06716876919482262
54,-29,1.175473246521072
54,-28,1.9311542224358305
54,-27,4.460104272278249
54,-26,4.801330664831858
54,-25,3.1656741945790587
54,-24,2.2556773557753416
54,-23,2.1954221664880897
54,-22,1.7691706308488662
54,-21,3.7225370337321158
54,-20,3.853427187190456
54,-19,2.538609212962549
54,-18,3.5594230777001745
54,-17,2.649426238896458
54,-16,1.806092611024346
54,-15,1.4665530742460833
54,-14,1.0837040575107046
54,-13,1.1086211969079351
54,-12,1.1335383363051657
54,-11,0.7506893195697869
54,-10,1.7715031843074125
54,-9,0.13584671405461313
54,-8,-1.3616472337295717
54,-7,-0.018916017123167483
54,-6,-0.3584555539014302
54,-5,-0.4187107431886822
54,-4,0.17216174926077488
54,-3,-0.8718436957158001
54,-2,-0.530617303162191
54,-1,-0.5908724924494435
54,0,1.354472090042691e-14
54,1,0.3395395367782763
54,2,-0.8428280696088812
54,3,0.06716876919483616
54,4,-1.175473246521059
54,5,-1.9311542224358165
54,6,-4.460104272278236
54,7,-4.801330664831845
54,8,-3.1656741945790445
54,9,-2.255677355775328
54,10,-2.1954221664880755
54,11,-1.769170630848852
54,12,-3.7225370337321015
54,13,-3.8534271871904426
54,14,-2.5386092129625357
54,15,-3.5594230777001616
54,16,-2.649426238896444
54,17,-1.8060926110243323
54,18,-1.4665530742460697
54,19,-1.0837040575106913
54,20,-1.1086211969079214
54,21,-1.1335383363051519
54,22,-0.7506893195697733
54,23,-1.7715031843073985
54,24,-0.13584671405459925
54,25,1.3616472337295855
54,26,0.018916017123181472
54,27,0.3584555539014442
54,28,0.4187107431886962
54,29,-0.1721617492607609
54,30,0.8718436957158142
54,31,0.530617303162205
54,32,0.590872492449457
55,-32,-1.169053490409749
55,-31,-0.22166975694525504
55,-30,-1.6146414427169902
55,-29,-1.0742494727642438
55,-28,0.3168464928886505
55,-27,2.315042615864457
55,-26,2.4872361860960663
55,-25,0.38106792809311774
55,-24,-0.03494285977063716
55,-23,0.4826174478882167
55,-22,0.25660507904467145
55,-21,1.866356789284763
55,-20,2.292352244400945
55,-19,1.4667862456450742
55,-18,2.188985445252575
55,-17,2.244824743345245
55,-16,2.4633851455487554
55,-15,2.1425870517990697
55,-14,1.3413373169023628
55,-13,1.1861374726811098
55,-12,0.7701266848173549
55,-11,-0.2510109573656434
55,-10,0.5389829227759132
55,-9,-1.15649256981171
55,-8,-3.159174846813193
55,-7,-1.9002825251817343
55,-6,-1.6817221229782235
55,-5,-1.555994991576277
55,-4,-1.0384346839174232
55,-3,-1.5740706476759807
55,-2,-1.7764526292903167
55,-1,-1.2588923216314623
55,0,-3.552713678800501e-15
55,1,1.1690534904097452
55,2,0.2216697569452517
55,3,1.6146414427169866
55,4,1.0742494727642398
55,5,-0.3168464928886543
55,6,-2.3150426158644595
55,7,-2.487236186096071
55,8,-0.38106792809312173
55,9,0.03494285977063338
55,10,-0.48261744788822014
55,11,-0.2566050790446748
55,12,-1.8663567892847661
55,13,-2.292352244400949
55,14,-1.4667862456450775
55,15,-2.1889854452525785
55,16,-2.244824743345249
55,17,-2.4633851455487594
55,18,-2.1425870517990737
55,19,-1.3413373169023664
55,20,-1.1861374726811138
55,21,-0.7701266848173591
55,22,0.25101095736563916
55,23,-0.5389829227759173
55,24,1.156492569811706
55,25,3.159174846813189
55,26,1.9002825251817301
55,27,1.6817221229782195
55,28,1.5559949915762727
55,29,1.0384346839174188
55,30,1.5740706476759765
55,31,1.7764526292903127
55,32,1.2588923216314587
56,-32,-0.6120951976639661
56,-31,1.0529597433947027
56,-30,0.4408645457307365
56,-29,1.3376184137550036
56,-28,2.462276279159596
56,-27,4.6897939938458215
56,-26,4.506714237319529
56,-25,3.1564429409835633
56,-24,2.4614909346722125
56,-23,1.9935040683729783
56,-22,1.1944508137905658
56,-21,2.262375251972509
56,-20,2.30016115213095
56,-19,0.49178237855073026
56,-18,1.6164402439553227
56,-17,0.5650815835189225
56,-16,-0.29671910621399944
56,-15,-0.9088143038779656
56,-14,-0.8710284037195246
56,-13,-0.7535601509446896
56,-12,-0.5765473385535426
56,-11,-1.0855934497983055
56,-10,0.13326647930050028
56,-9,-1.6751122942797196
56,-8,-2.8966629904218038
56,-7,-1.4720873614660483
56,-6,-1.117539624759384
56,-5,-1.3410558048787553
56,-4,-0.5784592380965573
56,-3,-1.6086571904956002
56,-2,-1.254109453788936
56,-1,-0.7625965667820929
56,0,1.0513812043200232e-13
56,1,0.6120951976640716
56,2,-1.0529597433945974
56,3,-0.4408645457306303
56,4,-1.3376184137548983
56,5,-2.4622762791594908
56,6,-4.689793993845715
56,7,-4.506714237319423
56,8,-3.1564429409834585
56,9,-2.4614909346721077
56,10,-1.9935040683728729
56,11,-1.194450813790461
56,12,-2.262375251972404
56,13,-2.3001611521308454
56,14,-0.4917823785506251
56,15,-1.6164402439552177
56,16,-0.5650815835188169
56,17,0.296719106214105
56,18,0.9088143038780715
56,19,0.8710284037196306
56,20,0.7535601509447952
56,21,0.5765473385536485
56,22,1.0855934497984112
56,23,-0.13326647930039415
56,24,1.6751122942798253
56,25,2.8966629904219094
56,26,1.472087361466154
56,27,1.11753962475949
56,28,1.3410558048788612
56,29,0.5784592380966632
56,30,1.6086571904957059
56,31,1.2541094537890418
56,32,0.762596566782198
57,-32,-1.184407445133313
57,-31,0.14591206158781023
57,-30,-1.0384953835455029
57,-29,-0.5566343875934959
57,-28,1.0963571978728361
57,-27,3.0478216489714285
57,-26,3.2750857291913062
57,-25,1.2754877092342651
57,-24,0.9843901678451711
57,-23,0.693292626456077
57,-22,0.5112266535482213
57,-21,2.124130608225849
57,-20,1.657406852193291
57,-19,0.4729994070599779
57,-18,1.517192258475014
57,-17,1.1604058645324982
57,-16,1.0434919493800683
57,-15,0.6867055554375526
57,-14,0.21998179940499463
57,-13,-0.15874628330581336
57,-12,-0.47171747701876243
57,-11,-0.4373765631339366
57,-10,0.5450296284147531
57,-9,-1.1244699720467053
57,-8,-2.770601151639913
57,-7,-1.0775912313584295
57,-6,-1.1945051465108594
57,-5,-1.052772350767114
57,-4,-0.719065389757543
57,-3,-1.4296978851214865
57,-2,-1.5466118002739164
57,-1,-1.06475080432191
57,0,6.483702463810914e-14
57,1,1.1844074451333781
57,2,-0.14591206158774517
57,3,1.038495383545568
57,4,0.556634387593561
57,5,-1.0963571978727704
57,6,-3.0478216489713605
57,7,-3.275085729191239
57,8,-1.2754877092341999
57,9,-0.9843901678451057
57,10,-0.6932926264560115
57,11,-0.5112266535481558
57,12,-2.1241306082257836
57,13,-1.6574068521932257
57,14,-0.4729994070599126
57,15,-1.5171922584749487
57,16,-1.1604058645324327
57,17,-1.0434919493800028
57,18,-0.6867055554374875
57,19,-0.21998179940492912
57,20,0.1587462833058787
57,21,0.4717174770188278
57,22,0.43737656313400197
57,23,-0.5450296284146874
57,24,1.1244699720467708
57,25,2.7706011516399784
57,26,1.0775912313584948
57,27,1.1945051465109247
57,28,1.0527723507671793
57,29,0.7190653897576083
57,30,1.4296978851215518
57,31,1.5466118002739817
57,32,1.0647508043219749
58,-32,-0.320090576863237
58,-31,0.5049478262408547
58,-30,-0.16905604808643282
58,-29,0.6559823550176588
58,-28,1.7918951310091913
58,-27,4.0935849992165
58,-26,4.080854618071531
58,-25,2.0382688866777428
58,-24,1.3011733425855925
58,-23,1.1660378708237438
58,-22,0.2597374499037044
58,-21,1.3570283000984833
58,-20,1.3442979189535147
58,-19,0.2459369339178905
58,-18,0.7953101946255188
58,-17,0.8029118722401483
58,-16,-0.2954491127954759
58,-15,-1.0958317591452886
58,-14,-1.7278822041747972
58,-13,-1.238036527054366
58,-12,-1.0483172977653163
58,-11,-1.4718732381515491
58,-10,-0.06745721091150991
58,-9,-1.3164788803889087
58,-8,-3.3590646117826974
58,-7,-2.1845966723322174
58,-6,-1.4576116823968608
58,-5,-1.7777022592600977
58,-4,-0.6032343198096175
58,-3,-1.7445255607481576
58,-2,-1.394217966057072
58,-1,-0.5691795629529801
58,0,9.470202400052585e-14
58,1,0.32009057686333175
58,2,-0.5049478262407595
58,3,0.1690560480865274
58,4,-0.6559823550175642
58,5,-1.7918951310090967
58,6,-4.0935849992164055
58,7,-4.080854618071436
58,8,-2.038268886677647
58,9,-1.3011733425854968
58,10,-1.1660378708236485
58,11,-0.2597374499036086
58,12,-1.3570283000983872
58,13,-1.3442979189534183
58,14,-0.2459369339177947
58,15,-0.7953101946254232
58,16,-0.8029118722400531
58,17,0.2954491127955712
58,18,1.0958317591453834
58,19,1.7278822041748922
58,20,1.238036527054461
58,21,1.048317297765411
58,22,1.4718732381516442
58,23,0.06745721091160506
58,24,1.3164788803890035
58,25,3.3590646117827925
58,26,2.184596672332312
58,27,1.4576116823969554
58,28,1.777702259260192
58,29,0.603234319809712
58,30,1.7445255607482522
58,31,1.3942179660571665
58,32,0.5691795629530748
59,-32,-0.3724629641377662
59,-31,0.7156555993573661
59,-30,-0.5735716365514727
59,-29,0.44585335697332384
59,-28,1.6252693787417638
59,-27,3.4790579618106277
59,-26,2.9848162614361544
59,-25,1.1841329399522749
59,-24,-0.10509429595656394
59,-23,-0.4047930487587587
59,-22,-1.1692149450937
59,-21,0.6623805193280503
59,-20,0.9368762168297382
59,-19,0.22181329099232394
59,-18,1.4012293127607638
59,-17,1.5809811348939056
59,-16,1.4742273597859608
59,-15,0.5859426321657697
59,-14,0.40701925878987305
59,-13,0.7523287952094109
59,-12,0.4526300424072161
59,-11,-0.710539467822572
59,-10,0.4004348412126819
59,-9,-0.9647671573786374
59,-8,-2.765450478862517
59,-7,-1.6544761698272632
59,-6,-1.1213376158078643
59,-5,-1.3002609891837609
59,-4,-0.09807271349703717
59,-3,-0.8624946098319783
59,-2,-1.0896538493919037
59,-1,-0.5331385540193072
59,0,9.159339953157541e-14
59,1,0.3724629641378576
59,2,-0.7156555993572747
59,3,0.5735716365515641
59,4,-0.4458533569732327
59,5,-1.6252693787416725
59,6,-3.4790579618105366
59,7,-2.984816261436063
59,8,-1.1841329399521836
59,9,0.10509429595665509
59,10,0.4047930487588499
59,11,1.169214945093791
59,12,-0.6623805193279594
59,13,-0.9368762168296473
59,14,-0.2218132909922329
59,15,-1.4012293127606732
59,16,-1.5809811348938148
59,17,-1.47422735978587
59,18,-0.585942632165679
59,19,-0.40701925878978196
59,20,-0.75232879520932
59,21,-0.4526300424071249
59,22,0.710539467822663
59,23,-0.40043484121259076
59,24,0.9647671573787281
59,25,2.765450478862608
59,26,1.6544761698273538
59,27,1.1213376158079549
59,28,1.3002609891838515
59,29,0.09807271349712787
59,30,0.862494609832069
59,31,1.0896538493919943
59,32,0.5331385540193988
60,-32,-0.15498097560753368
60,-31,0.9922897783711436
60,-30,-0.7049245542865009
60,-29,-0.44476272263858113
60,-28,0.860171243384162
60,-27,2.785366016403486
60,-26,2.880407200525786
60,-25,1.4964335782903806
60,-24,0.6386441549334317
60,-23,0.4626986454900571
60,-22,-0.8769141841541571
60,-21,0.11161158241241986
60,-20,-0.29628785229961135
60,-19,-1.5916349824837006
60,-18,-0.8433046309113457
60,-17,-1.3361714762171966
60,-16,-2.08597987709607
60,-15,-2.2409608527036036
60,-14,-2.733827698009454
60,-13,-1.7253988842315247
60,-12,-1.6925971262102546
60,-11,-2.442405527089128
60,-10,-0.9808683058267076
60,-9,-2.8592677264399606
60,-8,-3.9565798104666596
60,-7,-2.2620791700811687
60,-6,-2.4380246795245433
60,-5,-2.342983495402243
60,-4,-1.175946134926399
60,-3,-1.5838455696384304
60,-2,-1.4888043855161301
60,-1,-1.1670373604758097
60,0,3.419486915845482e-14
60,1,0.15498097560756752
60,2,-0.9922897783711098
60,3,0.7049245542865348
60,4,0.44476272263861527
60,5,-0.8601712433841278
60,6,-2.7853660164034513
60,7,-2.880407200525753
60,8,-1.4964335782903464
60,9,-0.6386441549333974
60,10,-0.46269864549002326
60,11,0.8769141841541912
60,12,-0.11161158241238534
60,13,0.2962878522996455
60,14,1.5916349824837348
60,15,0.8433046309113801
60,16,1.336171476217231
60,17,2.085979877096104
60,18,2.2409608527036373
60,19,2.733827698009488
60,20,1.7253988842315588
60,21,1.6925971262102886
60,22,2.442405527089162
60,23,0.9808683058267416
60,24,2.8592677264399953
60,25,3.9565798104666943
60,26,2.262079170081203
60,27,2.4380246795245775
60,28,2.3429834954022772
60,29,1.1759461349264335
60,30,1.5838455696384646
60,31,1.4888043855161643
60,32,1.167037360475844
61,-32,-0.8908289399518038
61,-31,0.18063421494314602
61,-30,-0.4912178374052324
61,-29,0.5620653218250885
61,-28,2.083081384062564
61,-27,4.131568358782584
61,-26,4.236088302085781
61,-25,2.981472019017315
61,-24,2.2103911294864167
61,-23,2.0658886623941437
61,-22,0.8520375968083391
61,-21,2.655945769742829
61,-20,2.298289937771063
61,-19,1.1251167041199481
61,-18,1.5132259578817284
61,-17,1.0774895784383336
61,-16,0.4056375260899552
61,-15,0.28040035457336043
61,-14,-0.15533602487003473
61,-13,0.7885387449354655
61,-12,0.835863954042044
61,-11,0.16401190169366564
61,-10,1.5242692854111475
61,-9,-0.1846981041773028
61,-8,-1.3985491697631074
61,-7,0.17578925018775515
61,-6,0.031286783095482024
61,-5,-0.7000418498935906
61,-4,-0.2931654721759239
61,-3,-1.5070165377617286
61,-2,-1.4024965944585315
61,-1,-1.0896276187307516
61,0,2.19824158875781e-14
61,1,0.8908289399518259
61,2,-0.1806342149431237
61,3,0.49121783740525427
61,4,-0.5620653218250666
61,5,-2.0830813840625417
61,6,-4.131568358782563
61,7,-4.2360883020857605
61,8,-2.9814720190172936
61,9,-2.2103911294863945
61,10,-2.065888662394122
61,11,-0.8520375968083176
61,12,-2.6559457697428073
61,13,-2.298289937771041
61,14,-1.125116704119926
61,15,-1.5132259578817064
61,16,-1.0774895784383116
61,17,-0.405637526089933
61,18,-0.280400354573338
61,19,0.15533602487005682
61,20,-0.7885387449354431
61,21,-0.8358639540420216
61,22,-0.16401190169364321
61,23,-1.524269285411125
61,24,0.18469810417732502
61,25,1.3985491697631296
61,26,-0.17578925018773273
61,27,-0.031286783095459736
61,28,0.700041849893613
61,29,0.29316547217594624
61,30,1.5070165377617508
61,31,1.4024965944585537
61,32,1.0896276187307736
62,-32,-0.23481896101437208
62,-31,0.38206543396591863
62,-30,-0.9583383408572586
62,-29,-0.3618653380874014
62,-28,0.7597496894178338
62,-27,2.1792476577830246
62,-26,2.652883582433731
62,-25,0.6581876120088679
62,-24,-0.7936242594761953
62,-23,-0.9228974333464747
62,-22,-1.671225202474331
62,-21,-0.23199613747466175
62,-20,-0.2562030672492912
62,-19,-1.5966068420724684
62,-18,-0.47499181456723316
62,-17,-0.7098107755816054
62,-16,-1.458138544709462
62,-15,-1.3152208197315267
62,-14,-1.4655645777092987
62,-13,-0.9919286530585922
62,-12,-1.5248839871242812
62,-11,-1.8870002307854872
62,-10,-0.9458752594405342
62,-9,-2.131252528885434
62,-8,-4.080179795184526
62,-7,-2.21078679084943
62,-6,-1.573508441850405
62,-5,-2.0422490107646363
62,-4,-0.781171507930196
62,-3,-1.7688148969178412
62,-2,-1.254162743979159
62,-1,-0.6372783489988669
62,0,1.582067810090848e-13
62,1,0.23481896101453037
62,2,-0.3820654339657613
62,3,0.9583383408574164
62,4,0.3618653380875584
62,5,-0.7597496894176766
62,6,-2.179247657782868
62,7,-2.652883582433573
62,8,-0.6581876120087106
62,9,0.7936242594763527
62,10,0.9228974333466322
62,11,1.6712252024744885
62,12,0.2319961374748193
62,13,0.25620306724944897
62,14,1.596606842072626
62,15,0.4749918145673906
62,16,0.7098107755817625
62,17,1.4581385447096193
62,18,1.315220819731684
62,19,1.465564577709456
62,20,0.9919286530587494
62,21,1.5248839871244382
62,22,1.8870002307856444
62,23,0.9458752594406912
62,24,2.1312525288855912
62,25,4.080179795184683
62,26,2.2107867908495873
62,27,1.5735084418505623
62,28,2.042249010764793
62,29,0.781171507930353
62,30,1.768814896917998
62,31,1.254162743979316
62,32,0.6372783489990251
63,-32,-0.4605702571507605
63,-31,0.45306780861383966
63,-30,-0.007502448536920836
63,-29,0.4296758084499211
63,-28,1.4218672520064777
63,-27,3.7146069062721905
63,-26,4.071496950550455
63,-25,2.264499753691287
63,-24,0.6982226661895485
63,-23,0.25842360996574953
63,-22,-0.6213623207227232
63,-21,0.7600573238839292
63,-20,0.8542204852382778
63,-19,-0.777459210713656
63,-18,0.21473223284290055
63,-17,0.2682291042409852
63,-16,-0.17156995198281377
63,-15,-0.22003143078973403
63,-14,-0.5149255888778224
63,-13,0.30018163974777456
63,-12,0.677167766047581
63,-11,0.2165975088968205
63,-10,1.0711625307926536
63,-9,-1.2250075870004706
63,-8,-2.104793517688943
63,-7,-0.5692949192785597
63,-6,-1.0090939755023587
63,-5,-1.303988133590447
63,-4,-0.33141256493769455
63,-3,-1.2111984956261672
63,-2,-0.7740202386393253
63,-1,-0.35689004427827586
63,0,-1.1379786002407855e-14
63,1,0.4605702571507492
63,2,-0.4530678086138505
63,3,0.007502448536910344
63,4,-0.42967580844993153
63,5,-1.4218672520064892
63,6,-3.714606906272201
63,7,-4.071496950550466
63,8,-2.2644997536912985
63,9,-0.6982226661895592
63,10,-0.25842360996576025
63,11,0.6213623207227125
63,12,-0.7600573238839397
63,13,-0.8542204852382884
63,14,0.7774592107136451
63,15,-0.21473223284291137
63,16,-0.26822910424099594
63,17,0.17156995198280311
63,18,0.22003143078972326
63,19,0.5149255888778114
63,20,-0.3001816397477853
63,21,-0.6771677660475917
63,22,-0.21659750889683155
63,23,-1.071162530792665
63,24,1.2250075870004598
63,25,2.104793517688932
63,26,0.5692949192785489
63,27,1.009093975502348
63,28,1.3039881335904364
63,29,0.3314125649376838
63,30,1.2111984956261566
63,31,0.7740202386393147
63,32,0.3568900442782645
64,-32,0.29491610965126946
64,-31,1.6962651327261984
64,-30,1.1981146889787992
64,-29,1.5147314195112518
64,-28,2.8325065976158346
64,-27,4.108402130419626
64,-26,4.338112505074321
64,-25,2.2255667961340913
64,-24,0.4911319756725634
64,-23,0.7208423503272585
64,-22,0.4231691773945333
64,-21,0.739785907926986
64,-20,1.5081945205568656
64,-19,-0.41458229689307613
64,-18,-0.09796556636062348
64,-17,0.3916388011104015
64,-16,0.4466981238819917
64,-15,-0.23093750304023497
64,-14,-0.706737787240936
64,-13,0.018960533200214846
64,-12,0.3355772637326675
64,-11,0.760439268258198
64,-10,1.5288478808880777
64,-9,-1.113193186315456
64,-8,-2.965176269871517
64,-7,-2.1967676572416375
64,-6,-2.141708334470047
64,-5,-1.911997959815352
64,-4,-1.015851211937508
64,-3,-1.3135243848702332
64,-2,-1.0620614117083085
64,-1,-0.22971037465461297
64,0,8.210099267103033e-14
64,1,-0.2949161096511872
64,2,-1.6962651327261171
64,3,-1.1981146889787175
64,4,-1.5147314195111705
64,5,-2.8325065976157533
64,6,-4.108402130419546
64,7,-4.338112505074242
64,8,-2.2255667961340104
64,9,-0.4911319756724814
64,10,-0.720842350327177
64,11,-0.4231691773944523
64,12,-0.7397859079269045
64,13,-1.5081945205567835
64,14,0.41458229689315734
64,15,0.09796556636070447
64,16,-0.3916388011103196
64,17,-0.44669812388190966
64,18,0.2309375030403163
64,19,0.7067377872410181
64,20,-0.018960533200132967
64,21,-0.3355772637325855
64,22,-0.7604392682581163
64,23,-1.5288478808879957
64,24,1.1131931863155378
64,25,2.965176269871599
64,26,2.196767657241719
64,27,2.141708334470129
64,28,1.911997959815434
64,29,1.01585121193759
64,30,1.3135243848703153
64,31,1.0620614117083904
64,32,0.22971037465469507
