subcarrier_1,subcarrier_5,subcarrier_6,subcarrier_7,subcarrier_8,subcarrier_9,subcarrier_10,subcarrier_11,timestamp
-111.0,0.0,-8.0,2.0,-8.0,0.0,-10.0,0.0,2503.89
-47.0,-4.0,6.0,-2.0,-4.0,-14.0,5.0,-7.0,2503.89
-48.0,0.0,-15.0,-6.0,0.0,-6.0,1.0,-12.0,2503.94
16.0,-3.0,3.0,5.0,-3.0,4.0,-5.0,-2.0,2503.94
0.0,-4.0,5.0,0.0,-2.0,0.0,-3.0,12.0,2503.95
-32.0,-8.0,9.0,-6.0,8.0,-10.0,11.0,-8.0,2503.96
16.0,2.0,13.0,11.0,11.0,7.0,16.0,9.0,2503.97
80.0,12.0,-5.0,14.0,-2.0,14.0,-7.0,19.0,2503.97
-48.0,-15.0,-3.0,-13.0,1.0,-12.0,-3.0,-14.0,2503.98
16.0,7.0,-9.0,5.0,-13.0,6.0,-13.0,-1.0,2503.98
0.0,10.0,-15.0,4.0,-15.0,8.0,-15.0,10.0,2503.99
32.0,3.0,-6.0,-5.0,-4.0,2.0,-6.0,-4.0,2504.03
48.0,7.0,-10.0,-2.0,-5.0,-7.0,-4.0,-8.0,2504.03
-96.0,8.0,-13.0,7.0,-18.0,9.0,1.0,4.0,2504.06
-111.0,4.0,26.0,6.0,30.0,4.0,25.0,-22.0,2504.07
-47.0,-13.0,11.0,-14.0,-13.0,-14.0,-21.0,-34.0,2504.07
96.0,-12.0,-27.0,-2.0,-53.0,27.0,-33.0,-4.0,2504.08
32.0,12.0,-18.0,47.0,-14.0,11.0,-24.0,9.0,2504.08
-32.0,18.0,6.0,13.0,4.0,10.0,5.0,10.0,2504.09
48.0,17.0,-3.0,7.0,-7.0,12.0,-5.0,10.0,2504.1
-48.0,-16.0,11.0,-18.0,13.0,-15.0,3.0,-15.0,2504.1
-31.0,-16.0,5.0,-13.0,9.0,-13.0,5.0,-11.0,2504.11
33.0,3.0,-9.0,7.0,-18.0,2.0,-6.0,-1.0,2504.11
-30.0,6.0,-4.0,8.0,-7.0,1.0,-1.0,6.0,2504.13
0.0,-8.0,3.0,-4.0,3.0,-15.0,3.0,-8.0,2504.16
0.0,30.0,-52.0,32.0,-23.0,16.0,-11.0,19.0,2504.16
-32.0,-3.0,-5.0,-2.0,-13.0,-10.0,-5.0,-4.0,2504.18
32.0,-6.0,10.0,-10.0,11.0,-1.0,2.0,16.0,2504.18
32.0,8.0,-6.0,4.0,-9.0,2.0,-13.0,13.0,2504.19
-64.0,-10.0,-1.0,4.0,2.0,-3.0,-2.0,-4.0,2504.2
-96.0,-12.0,5.0,-9.0,1.0,0.0,6.0,-1.0,2504.2
32.0,5.0,6.0,1.0,1.0,8.0,-7.0,3.0,2504.21
0.0,-11.0,0.0,0.0,-2.0,0.0,8.0,8.0,2504.21
-96.0,-8.0,5.0,2.0,5.0,-14.0,9.0,0.0,2504.22
32.0,-7.0,-7.0,5.0,-5.0,-8.0,-3.0,-11.0,2504.24
32.0,0.0,4.0,-4.0,2.0,-2.0,0.0,5.0,2504.25
32.0,9.0,4.0,5.0,0.0,5.0,-12.0,4.0,2504.26
-64.0,-5.0,-1.0,0.0,5.0,1.0,9.0,-4.0,2504.26
32.0,-12.0,11.0,-20.0,-3.0,-5.0,-4.0,-19.0,2504.27
-32.0,8.0,20.0,-23.0,9.0,9.0,22.0,3.0,2504.27
-64.0,22.0,25.0,25.0,54.0,3.0,25.0,20.0,2504.28
96.0,30.0,34.0,46.0,10.0,11.0,19.0,-7.0,2504.28
-32.0,1.0,9.0,14.0,10.0,-10.0,25.0,-6.0,2504.29
0.0,32.0,10.0,48.0,29.0,19.0,9.0,14.0,2504.3
96.0,5.0,-17.0,6.0,-15.0,6.0,-14.0,1.0,2504.3
-32.0,-8.0,12.0,-10.0,14.0,-10.0,13.0,-6.0,2504.31
32.0,14.0,7.0,11.0,8.0,9.0,5.0,11.0,2504.31
-64.0,-16.0,2.0,-18.0,3.0,-14.0,3.0,-14.0,2504.32
-94.0,-4.0,-4.0,-9.0,-5.0,-6.0,11.0,-12.0,2504.32
32.0,-4.0,-3.0,-2.0,9.0,-9.0,-1.0,-8.0,2504.34
-32.0,0.0,11.0,-8.0,7.0,5.0,2.0,2.0,2504.35
32.0,-5.0,-4.0,-10.0,2.0,-6.0,6.0,-10.0,2504.35
-32.0,-13.0,4.0,-1.0,10.0,-2.0,3.0,8.0,2504.36
-32.0,3.0,5.0,-4.0,4.0,8.0,0.0,7.0,2504.37
-30.0,39.0,-11.0,41.0,-29.0,29.0,-31.0,14.0,2504.37
-32.0,-19.0,-4.0,-33.0,-2.0,-28.0,-16.0,-5.0,2504.38
-32.0,-61.0,8.0,-31.0,9.0,-25.0,36.0,-1.0,2504.38
-32.0,-25.0,-39.0,-28.0,5.0,-8.0,-27.0,-4.0,2504.39
-32.0,-49.0,7.0,-32.0,26.0,-57.0,9.0,-33.0,2504.39
-32.0,-44.0,-30.0,-17.0,-22.0,-5.0,-46.0,7.0,2504.4
-47.0,-8.0,-6.0,-8.0,-2.0,-3.0,0.0,-12.0,2504.44
-64.0,-8.0,2.0,-5.0,8.0,1.0,1.0,5.0,2504.44
32.0,1.0,-3.0,-5.0,3.0,-5.0,0.0,2.0,2504.5
32.0,-9.0,-7.0,-7.0,-4.0,-9.0,-4.0,-7.0,2504.51
-32.0,2.0,9.0,6.0,13.0,-3.0,-9.0,9.0,2504.52
-64.0,-8.0,3.0,-1.0,-1.0,-6.0,-7.0,-12.0,2504.56
-63.0,-7.0,-4.0,-5.0,-10.0,-10.0,4.0,-10.0,2504.56
1.0,11.0,-10.0,-6.0,3.0,-7.0,-2.0,-3.0,2504.57
0.0,9.0,-6.0,-1.0,-9.0,-7.0,0.0,-4.0,2504.57
-79.0,9.0,-5.0,8.0,1.0,0.0,-7.0,-2.0,2504.58
-15.0,3.0,5.0,8.0,-3.0,11.0,-13.0,9.0,2504.59
-32.0,26.0,9.0,23.0,-4.0,8.0,6.0,27.0,2504.59
0.0,10.0,-24.0,19.0,-51.0,30.0,-29.0,13.0,2504.6
-32.0,38.0,-38.0,53.0,4.0,15.0,-23.0,12.0,2504.6
-32.0,-10.0,14.0,-28.0,11.0,-32.0,-7.0,-28.0,2504.68
-31.0,-14.0,-34.0,-33.0,-31.0,1.0,-18.0,-18.0,2504.68
-95.0,11.0,-14.0,11.0,-15.0,10.0,-14.0,3.0,2504.69
-48.0,11.0,13.0,11.0,9.0,7.0,16.0,16.0,2504.69
17.0,4.0,-10.0,13.0,-13.0,8.0,-16.0,4.0,2504.7
66.0,11.0,-16.0,11.0,-13.0,7.0,-19.0,7.0,2504.71
-32.0,8.0,11.0,12.0,15.0,8.0,15.0,4.0,2504.71
64.0,19.0,3.0,8.0,0.0,11.0,0.0,14.0,2504.72
-128.0,-1.0,14.0,2.0,15.0,-2.0,16.0,-1.0,2504.72
-30.0,-17.0,6.0,-20.0,3.0,-17.0,3.0,-14.0,2504.73
0.0,11.0,-3.0,5.0,-9.0,1.0,-6.0,-1.0,2504.77
-95.0,4.0,-15.0,-1.0,-14.0,1.0,-16.0,0.0,2504.78
-32.0,-10.0,11.0,-16.0,10.0,-13.0,8.0,-13.0,2504.79
-32.0,21.0,8.0,16.0,2.0,14.0,4.0,15.0,2504.79
-32.0,-11.0,19.0,-8.0,19.0,-12.0,14.0,-9.0,2504.8
32.0,-18.0,-8.0,-13.0,-6.0,-16.0,-7.0,-8.0,2504.8
-48.0,15.0,12.0,9.0,12.0,9.0,12.0,12.0,2504.81
-32.0,20.0,7.0,19.0,9.0,15.0,7.0,15.0,2504.81
-79.0,7.0,-14.0,10.0,-19.0,9.0,-11.0,10.0,2504.82
-15.0,-2.0,-18.0,1.0,-20.0,-2.0,-14.0,0.0,2504.82
-32.0,-21.0,2.0,-15.0,5.0,-19.0,9.0,-14.0,2504.83
-127.0,-6.0,-4.0,-4.0,3.0,-14.0,-2.0,-9.0,2504.85
-63.0,14.0,-4.0,9.0,-7.0,8.0,-11.0,-14.0,2504.85
-32.0,-2.0,4.0,0.0,7.0,0.0,5.0,5.0,2504.86
97.0,-7.0,13.0,-10.0,-2.0,5.0,5.0,4.0,2504.86
-30.0,5.0,-8.0,8.0,-4.0,-13.0,1.0,-4.0,2504.87
64.0,-2.0,-6.0,-13.0,-6.0,-11.0,4.0,-6.0,2504.87
-128.0,-8.0,-3.0,-11.0,-1.0,-10.0,4.0,-3.0,2504.88
32.0,-5.0,4.0,4.0,-4.0,-18.0,14.0,-2.0,2504.89
32.0,12.0,-9.0,14.0,0.0,9.0,-6.0,-7.0,2504.89
0.0,1.0,-2.0,-10.0,-4.0,6.0,-2.0,-8.0,2504.9
-127.0,32.0,-13.0,18.0,-1.0,8.0,-9.0,6.0,2504.9
-63.0,-51.0,31.0,-23.0,23.0,-43.0,31.0,-5.0,2504.91
-96.0,-9.0,8.0,4.0,1.0,0.0,2.0,5.0,2504.93
-32.0,7.0,0.0,17.0,0.0,4.0,3.0,18.0,2504.98
-96.0,12.0,18.0,-9.0,7.0,2.0,19.0,-4.0,2504.99
-32.0,-33.0,-58.0,-21.0,-5.0,-17.0,-18.0,-37.0,2504.99
-32.0,11.0,-30.0,27.0,-34.0,0.0,-43.0,26.0,2505.0
-32.0,-42.0,-71.0,-28.0,-32.0,-19.0,-28.0,-12.0,2505.01
-32.0,-50.0,24.0,-58.0,14.0,-29.0,-13.0,-34.0,2505.01
-112.0,27.0,44.0,16.0,34.0,19.0,37.0,46.0,2505.02
-111.0,-9.0,22.0,-26.0,27.0,-15.0,59.0,-11.0,2505.02
-47.0,9.0,-14.0,9.0,-21.0,6.0,-18.0,6.0,2505.03
32.0,4.0,-9.0,6.0,-11.0,-1.0,-2.0,1.0,2505.03
-111.0,17.0,-2.0,4.0,-3.0,2.0,-8.0,7.0,2505.04
-47.0,16.0,-14.0,2.0,0.0,-9.0,-4.0,-3.0,2505.05
34.0,-9.0,-3.0,-11.0,-5.0,-5.0,1.0,-1.0,2505.07
98.0,8.0,5.0,1.0,0.0,1.0,-10.0,7.0,2505.07
32.0,-2.0,-17.0,0.0,-9.0,2.0,-10.0,-1.0,2505.11
-111.0,5.0,13.0,4.0,12.0,7.0,5.0,8.0,2505.12
-47.0,-13.0,-2.0,-13.0,-3.0,-20.0,4.0,-10.0,2505.12
-32.0,-9.0,-12.0,-10.0,-18.0,-15.0,-14.0,-11.0,2505.13
80.0,-11.0,11.0,-13.0,8.0,-15.0,9.0,-9.0,2505.13
-112.0,-12.0,-12.0,-10.0,-13.0,-6.0,-12.0,-7.0,2505.14
17.0,17.0,-15.0,8.0,-11.0,11.0,-6.0,12.0,2505.15
81.0,0.0,-15.0,-1.0,-18.0,-1.0,-16.0,-2.0,2505.15
34.0,-19.0,11.0,-11.0,9.0,-9.0,8.0,-10.0,2505.16
98.0,-20.0,-3.0,-19.0,0.0,-18.0,0.0,-10.0,2505.16
1.0,-12.0,-17.0,-16.0,-15.0,-13.0,-7.0,-8.0,2505.17
32.0,-9.0,-7.0,-4.0,-2.0,-7.0,7.0,-8.0,2505.18
-64.0,-13.0,0.0,-4.0,4.0,-6.0,5.0,0.0,2505.19
-48.0,4.0,-16.0,7.0,-16.0,3.0,-18.0,5.0,2505.19
-48.0,2.0,-16.0,-1.0,-19.0,-4.0,-19.0,-5.0,2505.2
-32.0,7.0,-18.0,3.0,-16.0,-2.0,-16.0,2.0,2505.2
-64.0,-7.0,-19.0,-13.0,-17.0,-5.0,-13.0,-9.0,2505.21
0.0,8.0,-17.0,13.0,-9.0,13.0,-15.0,8.0,2505.21
-96.0,-11.0,-13.0,-12.0,-13.0,-9.0,-14.0,-12.0,2505.22
-48.0,1.0,5.0,0.0,4.0,8.0,1.0,9.0,2505.27
-32.0,-10.0,-20.0,-8.0,-5.0,-16.0,-1.0,-22.0,2505.29
-32.0,-43.0,26.0,-29.0,21.0,3.0,15.0,-33.0,2505.3
-48.0,-1.0,-39.0,-13.0,-18.0,-9.0,-10.0,-13.0,2505.3
-32.0,-23.0,-29.0,-28.0,-24.0,-27.0,-18.0,-19.0,2505.31
-32.0,27.0,-22.0,-3.0,-37.0,9.0,1.0,18.0,2505.31
-64.0,5.0,8.0,3.0,2.0,0.0,-2.0,6.0,2505.36
96.0,14.0,-8.0,14.0,-9.0,12.0,-7.0,3.0,2505.39
-64.0,0.0,-40.0,-5.0,-19.0,-1.0,-28.0,-8.0,2505.4
0.0,14.0,-8.0,-2.0,-40.0,13.0,-30.0,3.0,2505.4
-32.0,-26.0,-27.0,-37.0,-23.0,-43.0,14.0,-31.0,2505.41
80.0,10.0,-23.0,9.0,-26.0,35.0,-20.0,11.0,2505.42
-112.0,-6.0,31.0,8.0,10.0,-2.0,30.0,17.0,2505.42
0.0,-5.0,31.0,-23.0,9.0,-17.0,-15.0,-52.0,2505.43
-64.0,-10.0,9.0,25.0,27.0,34.0,10.0,45.0,2505.43
0.0,-13.0,-13.0,-16.0,-6.0,-8.0,-3.0,-8.0,2505.44
0.0,-6.0,2.0,-2.0,-2.0,-4.0,3.0,4.0,2505.44
32.0,-13.0,-3.0,-10.0,9.0,-6.0,7.0,-15.0,2505.45
-32.0,2.0,6.0,-2.0,7.0,8.0,5.0,-2.0,2505.45
80.0,2.0,4.0,8.0,-21.0,16.0,-9.0,10.0,2505.46
65.0,-2.0,-3.0,9.0,-3.0,8.0,-2.0,5.0,2505.48
-32.0,-11.0,-5.0,-3.0,-5.0,1.0,-13.0,12.0,2505.49
-112.0,40.0,-3.0,64.0,7.0,20.0,-7.0,46.0,2505.5
-48.0,-2.0,23.0,33.0,30.0,44.0,26.0,34.0,2505.5
32.0,29.0,20.0,8.0,12.0,48.0,-2.0,14.0,2505.51
-64.0,-37.0,31.0,-45.0,22.0,-29.0,13.0,-31.0,2505.51
-32.0,-31.0,1.0,-20.0,8.0,-50.0,16.0,-53.0,2505.52
80.0,-23.0,-13.0,-30.0,-18.0,-5.0,-29.0,-38.0,2505.52
65.0,24.0,36.0,0.0,26.0,17.0,38.0,29.0,2505.53
-32.0,-5.0,-15.0,-11.0,-12.0,-7.0,-16.0,-2.0,2505.53
32.0,-10.0,-5.0,-9.0,5.0,-2.0,-3.0,-1.0,2505.54
32.0,-1.0,5.0,10.0,3.0,5.0,5.0,0.0,2505.55
-64.0,-3.0,-5.0,-4.0,0.0,-13.0,1.0,-1.0,2505.58
32.0,8.0,-13.0,3.0,-3.0,-7.0,-4.0,3.0,2505.59
80.0,-3.0,-9.0,-4.0,-2.0,-7.0,4.0,-6.0,2505.62
-112.0,2.0,-7.0,-1.0,-8.0,-4.0,-8.0,-9.0,2505.62
32.0,-13.0,1.0,-7.0,2.0,1.0,7.0,3.0,2505.63
32.0,11.0,1.0,5.0,-11.0,-7.0,-13.0,15.0,2505.63
-32.0,2.0,-8.0,2.0,-3.0,3.0,-4.0,-5.0,2505.64
97.0,-11.0,-5.0,-6.0,1.0,-10.0,10.0,-9.0,2505.67
-95.0,7.0,5.0,11.0,0.0,-2.0,0.0,7.0,2505.68
-32.0,7.0,8.0,0.0,1.0,4.0,0.0,11.0,2505.68
-32.0,-6.0,-1.0,16.0,2.0,11.0,-18.0,4.0,2505.69
80.0,-8.0,-3.0,-10.0,-8.0,-14.0,4.0,-12.0,2505.7
-112.0,-9.0,-14.0,4.0,-8.0,-2.0,-6.0,-7.0,2505.71
-32.0,18.0,3.0,60.0,12.0,26.0,-11.0,21.0,2505.71
-32.0,34.0,-17.0,4.0,-27.0,26.0,-50.0,-14.0,2505.72
-32.0,-17.0,-24.0,-27.0,-26.0,-45.0,3.0,-18.0,2505.72
32.0,-3.0,-15.0,-1.0,-34.0,5.0,-6.0,29.0,2505.73
-95.0,10.0,26.0,-9.0,12.0,-26.0,33.0,-28.0,2505.73
97.0,16.0,-6.0,47.0,-8.0,14.0,2.0,44.0,2505.74
-32.0,13.0,-35.0,-6.0,-11.0,21.0,-38.0,-11.0,2505.75
-32.0,45.0,-28.0,15.0,0.0,35.0,-8.0,18.0,2505.75
32.0,-5.0,-7.0,2.0,-6.0,0.0,10.0,-8.0,2505.76
32.0,1.0,-10.0,1.0,-5.0,-4.0,-10.0,-8.0,2505.78
-32.0,-9.0,-5.0,-2.0,-9.0,-21.0,-2.0,-9.0,2505.78
96.0,9.0,-6.0,3.0,1.0,5.0,-1.0,-6.0,2505.79
32.0,-5.0,4.0,0.0,4.0,-8.0,10.0,3.0,2505.8
32.0,3.0,11.0,-6.0,0.0,0.0,15.0,3.0,2505.8
-32.0,2.0,3.0,9.0,2.0,17.0,-16.0,6.0,2505.81
-32.0,-5.0,-66.0,-14.0,-34.0,-4.0,-33.0,13.0,2505.81
-32.0,-30.0,-18.0,-22.0,-22.0,-16.0,-48.0,-4.0,2505.82
96.0,-17.0,-23.0,3.0,-22.0,-3.0,-53.0,20.0,2505.82
96.0,3.0,4.0,-3.0,-3.0,-3.0,-8.0,-2.0,2505.83
-48.0,10.0,5.0,8.0,-3.0,-1.0,-19.0,1.0,2505.86
-32.0,-4.0,-8.0,-6.0,-3.0,-5.0,-7.0,-5.0,2505.91
-64.0,-9.0,13.0,-16.0,31.0,-12.0,18.0,-24.0,2505.91
96.0,-14.0,1.0,-14.0,-19.0,-25.0,3.0,-22.0,2505.92
-32.0,-10.0,-34.0,-7.0,-9.0,1.0,-22.0,-2.0,2505.93
0.0,13.0,-3.0,14.0,-6.0,11.0,-3.0,13.0,2505.93
16.0,-1.0,-17.0,-2.0,-20.0,-5.0,-17.0,-3.0,2505.94
16.0,6.0,-13.0,4.0,-16.0,4.0,-15.0,4.0,2505.94
32.0,-13.0,5.0,-7.0,10.0,-8.0,6.0,-4.0,2505.95
-30.0,-15.0,4.0,-10.0,1.0,-6.0,12.0,-2.0,2505.96
80.0,15.0,10.0,6.0,-9.0,8.0,-11.0,9.0,2505.97
32.0,12.0,-7.0,8.0,-9.0,-1.0,-10.0,-4.0,2505.97
-96.0,-7.0,-3.0,-11.0,4.0,-9.0,1.0,-6.0,2505.98
-32.0,-11.0,-1.0,-5.0,9.0,-4.0,6.0,1.0,2505.98
-111.0,-16.0,0.0,-15.0,2.0,-17.0,0.0,-17.0,2506.01
-96.0,18.0,-3.0,14.0,-8.0,11.0,0.0,15.0,2506.02
-32.0,13.0,-16.0,4.0,-9.0,0.0,-14.0,5.0,2506.02
96.0,-13.0,17.0,-6.0,12.0,-9.0,10.0,-8.0,2506.03
-31.0,-17.0,-8.0,-2.0,-8.0,-11.0,-6.0,-10.0,2506.03
-63.0,0.0,-12.0,-3.0,-6.0,-9.0,-1.0,-3.0,2506.1
80.0,-16.0,0.0,-14.0,-4.0,-12.0,-1.0,-12.0,2506.11
-32.0,20.0,4.0,20.0,2.0,17.0,6.0,18.0,2506.12
-64.0,13.0,-3.0,18.0,-1.0,12.0,-4.0,13.0,2506.12
-48.0,-1.0,-9.0,5.0,-13.0,7.0,-16.0,-4.0,2506.13
-96.0,11.0,-17.0,16.0,-12.0,6.0,-10.0,9.0,2506.13
-111.0,-3.0,15.0,-4.0,14.0,-2.0,13.0,-3.0,2506.14
32.0,-9.0,1.0,7.0,5.0,4.0,4.0,6.0,2506.2
32.0,10.0,6.0,-3.0,11.0,9.0,-6.0,9.0,2506.21
97.0,17.0,7.0,16.0,14.0,19.0,14.0,6.0,2506.22
-127.0,-2.0,29.0,-7.0,24.0,-8.0,4.0,-14.0,2506.23
0.0,11.0,-21.0,2.0,-17.0,-6.0,-33.0,-10.0,2506.23
64.0,-26.0,4.0,-25.0,9.0,-36.0,-8.0,-37.0,2506.24
-63.0,-19.0,-24.0,-29.0,-16.0,-30.0,-13.0,-37.0,2506.25
-63.0,-20.0,26.0,-26.0,29.0,-17.0,25.0,-5.0,2506.25
1.0,-2.0,-18.0,-5.0,-13.0,-6.0,-12.0,-5.0,2506.26
-32.0,15.0,1.0,12.0,-1.0,12.0,8.0,9.0,2506.26
-111.0,10.0,-1.0,14.0,-6.0,13.0,-10.0,16.0,2506.27
-47.0,2.0,13.0,7.0,15.0,7.0,18.0,1.0,2506.27
32.0,5.0,-4.0,-4.0,-7.0,-6.0,-1.0,-4.0,2506.28
-48.0,3.0,-5.0,5.0,-8.0,2.0,-9.0,0.0,2506.28
0.0,3.0,-15.0,-5.0,2.0,7.0,-10.0,-5.0,2506.29
32.0,-3.0,-8.0,-7.0,4.0,-7.0,4.0,-7.0,2506.3
16.0,10.0,5.0,1.0,3.0,11.0,-8.0,15.0,2506.31
80.0,-5.0,-2.0,-4.0,-8.0,-8.0,-2.0,-7.0,2506.31
-32.0,1.0,-36.0,-6.0,-10.0,5.0,-25.0,1.0,2506.32
-32.0,-33.0,-20.0,-20.0,-18.0,-13.0,1.0,-32.0,2506.32
-48.0,-1.0,50.0,-10.0,28.0,-6.0,19.0,-26.0,2506.33
16.0,-25.0,-5.0,-35.0,-20.0,-19.0,5.0,-50.0,2506.33
0.0,-7.0,0.0,-9.0,5.0,-12.0,20.0,1.0,2506.34
-127.0,-5.0,-4.0,-4.0,2.0,-3.0,6.0,-2.0,2506.37
32.0,-1.0,0.0,-3.0,11.0,-13.0,-8.0,-4.0,2506.38
-63.0,8.0,8.0,-1.0,-2.0,-1.0,-15.0,-10.0,2506.4
-47.0,-9.0,13.0,-11.0,3.0,-3.0,12.0,9.0,2506.45
17.0,-4.0,-6.0,-3.0,7.0,-10.0,7.0,2.0,2506.45
32.0,-7.0,0.0,-4.0,4.0,-7.0,7.0,-11.0,2506.5
-48.0,-9.0,2.0,-12.0,-2.0,-8.0,1.0,-6.0,2506.51
-96.0,15.0,12.0,9.0,10.0,9.0,9.0,12.0,2506.52
32.0,-10.0,-44.0,-12.0,-24.0,1.0,-17.0,-16.0,2506.53
-47.0,-10.0,4.0,-16.0,-6.0,-12.0,7.0,-6.0,2506.55
-32.0,4.0,5.0,6.0,8.0,-2.0,0.0,15.0,2506.6
-48.0,-4.0,-4.0,-4.0,0.0,-11.0,3.0,-5.0,2506.61
-32.0,-19.0,-1.0,-16.0,5.0,-15.0,5.0,-11.0,2506.62
-32.0,3.0,6.0,-3.0,6.0,1.0,2.0,0.0,2506.65
-64.0,9.0,9.0,2.0,1.0,7.0,2.0,11.0,2506.66
-30.0,-4.0,3.0,-5.0,5.0,3.0,-2.0,9.0,2506.67
-32.0,-16.0,6.0,3.0,-3.0,-8.0,5.0,-4.0,2506.67
32.0,-1.0,1.0,5.0,1.0,9.0,-20.0,0.0,2506.68
64.0,-1.0,3.0,2.0,9.0,-4.0,6.0,3.0,2506.68
32.0,-2.0,1.0,5.0,-4.0,-5.0,4.0,1.0,2506.71
32.0,-1.0,10.0,0.0,4.0,-5.0,13.0,7.0,2506.73
2.0,-12.0,-1.0,-11.0,1.0,-15.0,14.0,-5.0,2506.73
66.0,-20.0,18.0,-23.0,25.0,-8.0,22.0,-12.0,2506.74
-30.0,-19.0,-26.0,-14.0,-15.0,-6.0,-32.0,-12.0,2506.74
-32.0,-10.0,-12.0,-12.0,-9.0,-15.0,-10.0,-12.0,2506.75
0.0,10.0,-16.0,10.0,-11.0,13.0,-9.0,9.0,2506.76
64.0,10.0,-4.0,16.0,-7.0,16.0,-2.0,15.0,2506.76
0.0,-14.0,0.0,-17.0,1.0,-14.0,-5.0,-10.0,2506.77
-64.0,-1.0,12.0,-1.0,8.0,2.0,9.0,-7.0,2506.77
32.0,-21.0,-5.0,-8.0,-5.0,-15.0,1.0,-10.0,2506.78
-111.0,-8.0,-13.0,-6.0,-17.0,-14.0,-10.0,-7.0,2506.78
32.0,-7.0,3.0,-8.0,2.0,-1.0,4.0,-2.0,2506.79
-15.0,12.0,-17.0,11.0,-14.0,10.0,-10.0,-6.0,2506.8
-48.0,7.0,-3.0,0.0,9.0,7.0,-4.0,3.0,2506.8
-47.0,-21.0,-2.0,-7.0,12.0,-49.0,-15.0,-22.0,2506.83
17.0,39.0,-20.0,17.0,-40.0,-4.0,8.0,-6.0,2506.83
-95.0,-13.0,-5.0,-10.0,-8.0,-9.0,0.0,-14.0,2506.84
32.0,-26.0,-2.0,-12.0,-1.0,-22.0,3.0,-17.0,2506.85
32.0,4.0,-14.0,7.0,-18.0,7.0,-14.0,1.0,2506.85
-32.0,7.0,13.0,9.0,7.0,7.0,7.0,9.0,2506.86
32.0,-17.0,7.0,-15.0,7.0,-10.0,3.0,-6.0,2506.86
-15.0,7.0,-13.0,7.0,1.0,6.0,-14.0,9.0,2506.87
-48.0,16.0,7.0,14.0,2.0,13.0,-2.0,14.0,2506.87
0.0,15.0,-3.0,8.0,4.0,12.0,-7.0,16.0,2506.88
-32.0,-5.0,3.0,-4.0,3.0,-10.0,7.0,-3.0,2506.88
32.0,-10.0,5.0,-5.0,5.0,-11.0,4.0,-5.0,2506.89
64.0,10.0,-14.0,11.0,-6.0,2.0,-15.0,4.0,2506.9
64.0,-7.0,4.0,-3.0,1.0,-1.0,5.0,14.0,2506.9
-64.0,11.0,-1.0,11.0,-4.0,-4.0,-4.0,-5.0,2506.91
-79.0,1.0,-3.0,14.0,6.0,14.0,-10.0,7.0,2506.91
-15.0,-13.0,-1.0,-3.0,2.0,-9.0,8.0,2.0,2506.92
-95.0,-14.0,8.0,-12.0,6.0,-17.0,-1.0,-15.0,2506.93
-79.0,3.0,-9.0,1.0,-16.0,4.0,-14.0,-2.0,2506.94
-32.0,21.0,1.0,12.0,0.0,11.0,2.0,10.0,2506.94
-64.0,-5.0,6.0,3.0,-2.0,-8.0,2.0,4.0,2506.99
-128.0,-7.0,8.0,-5.0,6.0,-10.0,15.0,7.0,2506.99
0.0,9.0,-3.0,-2.0,-7.0,7.0,-4.0,3.0,2507.0
32.0,-9.0,5.0,-5.0,9.0,-2.0,-8.0,1.0,2507.0
0.0,-9.0,-5.0,-4.0,0.0,-1.0,12.0,-7.0,2507.01
-64.0,-15.0,0.0,-13.0,8.0,-9.0,9.0,3.0,2507.01
0.0,-14.0,1.0,-3.0,10.0,-1.0,3.0,-5.0,2507.02
32.0,14.0,8.0,9.0,-3.0,5.0,1.0,12.0,2507.02
32.0,-1.0,-11.0,6.0,-6.0,-2.0,-12.0,2.0,2507.03
-64.0,8.0,-19.0,9.0,-15.0,9.0,-26.0,13.0,2507.04
0.0,25.0,-16.0,10.0,-12.0,15.0,-2.0,16.0,2507.04
0.0,8.0,6.0,11.0,16.0,4.0,10.0,9.0,2507.05
-64.0,15.0,-2.0,18.0,-1.0,26.0,5.0,12.0,2507.05
64.0,-19.0,-21.0,-10.0,-13.0,-7.0,-22.0,-8.0,2507.06
0.0,10.0,10.0,15.0,11.0,21.0,6.0,17.0,2507.06
-32.0,10.0,20.0,11.0,7.0,15.0,7.0,10.0,2507.07
-32.0,19.0,-15.0,11.0,-17.0,11.0,-14.0,14.0,2507.07
-47.0,26.0,5.0,17.0,-5.0,13.0,5.0,24.0,2507.08
-32.0,12.0,18.0,4.0,12.0,1.0,18.0,-1.0,2507.08
-48.0,-2.0,-8.0,-6.0,1.0,-11.0,-2.0,-7.0,2507.16
-63.0,-4.0,-1.0,-5.0,-8.0,-10.0,9.0,-9.0,2507.19
32.0,-2.0,-3.0,3.0,3.0,4.0,8.0,11.0,2507.2
32.0,-2.0,10.0,14.0,6.0,3.0,8.0,6.0,2507.2
-32.0,-7.0,-13.0,2.0,-11.0,-16.0,0.0,-11.0,2507.21
-79.0,-3.0,-3.0,1.0,-5.0,-5.0,0.0,-1.0,2507.21
-15.0,-11.0,-3.0,-4.0,-10.0,-12.0,0.0,-10.0,2507.22
32.0,5.0,5.0,-7.0,3.0,10.0,-4.0,9.0,2507.23
-30.0,1.0,14.0,-1.0,10.0,2.0,-6.0,0.0,2507.23
-32.0,-11.0,2.0,-10.0,8.0,-14.0,11.0,-4.0,2507.24
-32.0,5.0,-13.0,4.0,-8.0,4.0,-17.0,1.0,2507.24
-30.0,-20.0,11.0,-16.0,11.0,-12.0,13.0,-13.0,2507.25
-32.0,3.0,17.0,1.0,14.0,2.0,14.0,3.0,2507.25
-32.0,13.0,-13.0,13.0,-13.0,15.0,-14.0,15.0,2507.26
32.0,7.0,17.0,14.0,17.0,5.0,17.0,4.0,2507.27
-32.0,-25.0,-16.0,-23.0,-11.0,-16.0,6.0,-24.0,2507.27
32.0,-30.0,16.0,-32.0,18.0,-24.0,39.0,-2.0,2507.28
32.0,-14.0,12.0,-7.0,22.0,-5.0,17.0,-3.0,2507.28
-32.0,21.0,-17.0,28.0,-2.0,26.0,-6.0,26.0,2507.29
-32.0,-5.0,-1.0,-3.0,-6.0,-15.0,-3.0,-12.0,2507.29
-32.0,17.0,0.0,20.0,-11.0,18.0,-5.0,14.0,2507.34
-128.0,11.0,8.0,-1.0,-2.0,2.0,1.0,10.0,2507.39
-80.0,10.0,4.0,0.0,1.0,6.0,-10.0,10.0,2507.4
-16.0,1.0,-10.0,-5.0,-6.0,-1.0,-2.0,-4.0,2507.4
32.0,11.0,-6.0,6.0,-11.0,5.0,-19.0,4.0,2507.41
-48.0,6.0,-6.0,6.0,-1.0,-3.0,1.0,9.0,2507.43
-48.0,-9.0,-2.0,-14.0,6.0,-9.0,11.0,-7.0,2507.44
0.0,5.0,-15.0,3.0,-19.0,8.0,-12.0,5.0,2507.45
-30.0,-10.0,-7.0,-14.0,-6.0,-13.0,-9.0,-13.0,2507.45
-32.0,-16.0,2.0,-14.0,10.0,-14.0,3.0,-17.0,2507.46
-127.0,-2.0,-18.0,0.0,-19.0,-2.0,-19.0,-5.0,2507.46
64.0,-16.0,-7.0,1.0,-20.0,-13.0,6.0,-11.0,2507.49
-128.0,-16.0,-1.0,-8.0,-9.0,-6.0,2.0,-7.0,2507.5
32.0,-14.0,4.0,-10.0,3.0,-2.0,0.0,-5.0,2507.51
96.0,9.0,-8.0,-5.0,-7.0,-8.0,-1.0,-9.0,2507.51
-46.0,-11.0,10.0,2.0,1.0,2.0,0.0,10.0,2507.52
18.0,6.0,10.0,6.0,2.0,-2.0,-6.0,3.0,2507.53
32.0,-4.0,-2.0,-10.0,-6.0,-8.0,-11.0,-13.0,2507.53
32.0,1.0,-13.0,-3.0,-2.0,1.0,-4.0,-3.0,2507.54
64.0,0.0,2.0,-9.0,3.0,1.0,-1.0,-13.0,2507.54
-32.0,12.0,-26.0,-3.0,-19.0,20.0,-47.0,-10.0,2507.55
64.0,1.0,19.0,-4.0,17.0,-4.0,19.0,-7.0,2507.55
32.0,-9.0,-10.0,-15.0,-2.0,-9.0,-16.0,-15.0,2507.56
64.0,-1.0,-20.0,6.0,-20.0,-2.0,-19.0,-3.0,2507.56
32.0,17.0,4.0,16.0,-1.0,19.0,4.0,20.0,2507.57
96.0,1.0,15.0,-7.0,21.0,4.0,17.0,-2.0,2507.57
-46.0,-17.0,12.0,-13.0,13.0,-15.0,10.0,-24.0,2507.58
18.0,-6.0,21.0,2.0,23.0,-3.0,15.0,-4.0,2507.59
-32.0,-10.0,-21.0,-9.0,-20.0,-6.0,-25.0,-5.0,2507.59
-32.0,-22.0,-12.0,-19.0,-9.0,-21.0,-13.0,-21.0,2507.6
-63.0,-13.0,-19.0,-15.0,-14.0,-11.0,-17.0,-13.0,2507.65
1.0,9.0,-21.0,7.0,-23.0,8.0,-20.0,7.0,2507.65
-32.0,-5.0,-17.0,-13.0,-15.0,-5.0,-14.0,-3.0,2507.66
-128.0,-20.0,-5.0,-21.0,-3.0,-22.0,1.0,-21.0,2507.66
-32.0,-10.0,-20.0,-10.0,-16.0,-8.0,-21.0,-9.0,2507.67
-79.0,-18.0,5.0,-17.0,5.0,-24.0,0.0,-15.0,2507.67
-15.0,-20.0,24.0,-10.0,11.0,-9.0,21.0,-9.0,2507.68
32.0,16.0,-4.0,22.0,-2.0,23.0,-4.0,18.0,2507.69
-32.0,3.0,21.0,4.0,17.0,-6.0,19.0,-3.0,2507.69
16.0,-12.0,-3.0,-16.0,-2.0,-22.0,-3.0,-16.0,2507.7
-32.0,-14.0,6.0,-16.0,-1.0,-20.0,17.0,-13.0,2507.75
32.0,-6.0,-3.0,-4.0,-2.0,-5.0,0.0,-5.0,2507.77
32.0,-17.0,-1.0,6.0,-6.0,-13.0,-14.0,0.0,2507.81
0.0,-2.0,3.0,-11.0,-3.0,-7.0,9.0,3.0,2507.82
96.0,-9.0,10.0,-12.0,6.0,2.0,10.0,-7.0,2507.83
32.0,-5.0,-1.0,-11.0,6.0,-2.0,7.0,-4.0,2507.83
-32.0,-22.0,-5.0,-18.0,-1.0,-26.0,-5.0,-16.0,2507.85
0.0,-4.0,53.0,28.0,18.0,-11.0,29.0,0.0,2507.86
96.0,55.0,-9.0,19.0,1.0,15.0,-2.0,22.0,2507.86
32.0,-3.0,1.0,-10.0,1.0,-2.0,0.0,4.0,2507.94
-32.0,-19.0,-8.0,0.0,-36.0,-25.0,-26.0,3.0,2507.95
-64.0,-18.0,21.0,-22.0,5.0,-19.0,51.0,-14.0,2507.96
-64.0,-1.0,-43.0,5.0,-34.0,-21.0,-15.0,11.0,2507.96
-32.0,-47.0,6.0,-14.0,11.0,-45.0,0.0,-49.0,2507.97
-32.0,-34.0,31.0,-19.0,27.0,16.0,11.0,-30.0,2507.98
-32.0,18.0,-20.0,7.0,-10.0,8.0,-11.0,18.0,2507.98
64.0,10.0,-1.0,5.0,1.0,8.0,-9.0,0.0,2508.0
-128.0,-1.0,-2.0,-5.0,-3.0,-4.0,-15.0,0.0,2508.0
0.0,-18.0,3.0,-6.0,4.0,-11.0,9.0,-3.0,2508.03
64.0,-3.0,11.0,5.0,-7.0,5.0,4.0,5.0,2508.03
0.0,-2.0,-7.0,-9.0,-4.0,-2.0,-2.0,-5.0,2508.04
0.0,-11.0,5.0,-4.0,-3.0,-9.0,0.0,12.0,2508.04
-64.0,-10.0,6.0,-2.0,11.0,6.0,6.0,7.0,2508.05
-128.0,8.0,-4.0,9.0,4.0,10.0,-4.0,4.0,2508.05
-64.0,5.0,0.0,-2.0,-2.0,-6.0,-7.0,-7.0,2508.06
-128.0,-3.0,-5.0,5.0,7.0,-11.0,-6.0,-13.0,2508.06
-128.0,4.0,-16.0,3.0,-9.0,-2.0,4.0,0.0,2508.07
-64.0,7.0,5.0,1.0,-13.0,20.0,-14.0,1.0,2508.08
-32.0,50.0,23.0,30.0,31.0,-5.0,18.0,43.0,2508.08
0.0,2.0,-14.0,35.0,-1.0,-11.0,13.0,16.0,2508.09
32.0,-17.0,-6.0,-28.0,1.0,-16.0,4.0,-13.0,2508.09
16.0,14.0,-18.0,-9.0,-1.0,-10.0,1.0,-11.0,2508.12
-64.0,-3.0,10.0,8.0,-1.0,10.0,-6.0,9.0,2508.17
-64.0,5.0,-5.0,2.0,-8.0,8.0,-2.0,-2.0,2508.19
0.0,7.0,-6.0,4.0,2.0,-1.0,-4.0,-1.0,2508.2
-32.0,0.0,3.0,1.0,10.0,4.0,2.0,1.0,2508.24
-32.0,-17.0,-3.0,-52.0,8.0,0.0,3.0,-23.0,2508.27
64.0,5.0,-9.0,3.0,-6.0,8.0,-9.0,-2.0,2508.32
0.0,-1.0,5.0,5.0,4.0,-2.0,0.0,8.0,2508.32
96.0,17.0,-3.0,3.0,-2.0,5.0,-2.0,6.0,2508.34
-48.0,9.0,-10.0,-4.0,-6.0,0.0,-6.0,-7.0,2508.35
16.0,1.0,3.0,8.0,-2.0,9.0,-9.0,-1.0,2508.35
-96.0,21.0,-2.0,14.0,3.0,15.0,1.0,17.0,2508.37
-48.0,5.0,-20.0,1.0,-20.0,8.0,-16.0,3.0,2508.37
16.0,22.0,10.0,24.0,1.0,21.0,-5.0,25.0,2508.38
-32.0,-17.0,-8.0,-15.0,-11.0,-20.0,-8.0,-23.0,2508.38
-32.0,-11.0,24.0,-12.0,14.0,-13.0,21.0,-7.0,2508.39
-32.0,13.0,9.0,15.0,11.0,22.0,1.0,13.0,2508.39
-48.0,20.0,-26.0,-7.0,-20.0,15.0,-17.0,3.0,2508.47
-32.0,1.0,33.0,28.0,25.0,33.0,3.0,34.0,2508.47
-32.0,-13.0,-22.0,24.0,-25.0,32.0,-46.0,34.0,2508.48
-32.0,29.0,-8.0,-7.0,-7.0,-10.0,-10.0,10.0,2508.48
-64.0,-51.0,17.0,8.0,23.0,-35.0,9.0,-27.0,2508.49
-32.0,15.0,-18.0,9.0,-10.0,13.0,-14.0,12.0,2508.49
32.0,2.0,7.0,-3.0,4.0,9.0,-1.0,3.0,2508.51
-64.0,-15.0,-5.0,-10.0,0.0,-6.0,2.0,-12.0,2508.51
-32.0,-27.0,-50.0,-1.0,-24.0,-8.0,-22.0,-13.0,2508.57
-64.0,-26.0,-4.0,-49.0,-1.0,-36.0,2.0,-26.0,2508.57
-64.0,-27.0,-21.0,-50.0,-17.0,-22.0,-28.0,-17.0,2508.58
0.0,-5.0,12.0,-1.0,-2.0,3.0,6.0,5.0,2508.63
96.0,-12.0,-2.0,3.0,3.0,0.0,-1.0,-18.0,2508.66
-79.0,-2.0,22.0,-1.0,22.0,-1.0,23.0,1.0,2508.68
-128.0,10.0,18.0,13.0,18.0,10.0,14.0,7.0,2508.69
32.0,12.0,-5.0,1.0,-1.0,9.0,-2.0,11.0,2508.69
32.0,2.0,10.0,6.0,-2.0,11.0,-4.0,3.0,2508.76
-32.0,-16.0,-32.0,-8.0,-17.0,-12.0,-12.0,-8.0,2508.77
-32.0,-24.0,-8.0,-13.0,6.0,-20.0,9.0,-47.0,2508.78
32.0,-2.0,-13.0,-4.0,-8.0,-6.0,-6.0,-1.0,2508.79
32.0,9.0,-6.0,0.0,-8.0,-3.0,-13.0,-9.0,2508.81
32.0,-8.0,0.0,-2.0,1.0,0.0,12.0,-6.0,2508.81
0.0,-5.0,3.0,-9.0,-10.0,-14.0,5.0,-11.0,2508.84
-48.0,-11.0,-1.0,9.0,-8.0,-4.0,-20.0,10.0,2508.85
16.0,12.0,-12.0,12.0,-10.0,6.0,-15.0,-2.0,2508.85
-32.0,-8.0,4.0,-11.0,9.0,1.0,9.0,-6.0,2508.86
32.0,-19.0,8.0,-20.0,8.0,-10.0,8.0,-8.0,2508.86
-32.0,-15.0,1.0,-5.0,-1.0,4.0,8.0,-13.0,2508.87
32.0,12.0,-2.0,6.0,1.0,6.0,3.0,10.0,2508.87
0.0,6.0,-3.0,2.0,1.0,1.0,-7.0,-4.0,2508.88
-79.0,3.0,6.0,1.0,8.0,3.0,2.0,8.0,2508.88
0.0,0.0,-2.0,-7.0,-4.0,-5.0,8.0,-11.0,2508.89
0.0,-7.0,14.0,-8.0,18.0,-8.0,18.0,-14.0,2508.9
-15.0,16.0,6.0,15.0,14.0,18.0,5.0,17.0,2508.9
0.0,10.0,21.0,6.0,20.0,6.0,18.0,7.0,2508.91
32.0,-8.0,-22.0,-5.0,-24.0,-11.0,-19.0,-6.0,2508.91
-48.0,-15.0,6.0,-11.0,24.0,-14.0,6.0,-22.0,2508.98
32.0,13.0,49.0,15.0,31.0,-11.0,50.0,-31.0,2508.98
-32.0,-48.0,-24.0,-20.0,-20.0,-15.0,-36.0,-18.0,2508.99
-64.0,-34.0,-4.0,-19.0,18.0,-56.0,9.0,-54.0,2509.0
-32.0,6.0,-3.0,-1.0,-9.0,6.0,-11.0,-1.0,2509.01
-48.0,11.0,-1.0,1.0,-6.0,-5.0,-1.0,4.0,2509.06
-48.0,10.0,-5.0,2.0,-10.0,0.0,-7.0,-10.0,2509.07
-48.0,-4.0,13.0,8.0,14.0,20.0,7.0,5.0,2509.08
-32.0,-10.0,0.0,-13.0,2.0,-10.0,2.0,-12.0,2509.09
-48.0,1.0,-2.0,11.0,6.0,7.0,-1.0,2.0,2509.1
-128.0,-9.0,8.0,-8.0,4.0,1.0,-4.0,-1.0,2509.15
64.0,0.0,7.0,1.0,-1.0,-4.0,13.0,0.0,2509.15
-128.0,2.0,-19.0,-7.0,-16.0,-5.0,-7.0,-6.0,2509.16
32.0,-15.0,5.0,-3.0,2.0,-1.0,12.0,-7.0,2509.16
-48.0,11.0,2.0,3.0,-9.0,11.0,4.0,7.0,2509.17
-48.0,12.0,0.0,7.0,-7.0,-1.0,-7.0,13.0,2509.17
64.0,-16.0,-24.0,-13.0,-17.0,-12.0,-20.0,-12.0,2509.18
-128.0,-3.0,21.0,-4.0,21.0,-5.0,21.0,-3.0,2509.19
-32.0,6.0,-19.0,-10.0,-20.0,-1.0,-19.0,-3.0,2509.2
-48.0,-20.0,-3.0,-22.0,1.0,-24.0,3.0,-21.0,2509.2
-112.0,-16.0,21.0,-19.0,15.0,-10.0,20.0,-18.0,2509.21
-48.0,-23.0,-13.0,-20.0,-19.0,-13.0,-18.0,-17.0,2509.21
0.0,6.0,-7.0,-2.0,-6.0,7.0,-3.0,6.0,2509.23
16.0,-11.0,3.0,-4.0,7.0,1.0,5.0,-12.0,2509.27
-48.0,-8.0,8.0,-7.0,5.0,-3.0,8.0,-2.0,2509.27
16.0,4.0,10.0,7.0,1.0,-2.0,-2.0,2.0,2509.28
-48.0,3.0,-3.0,-2.0,8.0,15.0,4.0,8.0,2509.28
-128.0,17.0,-9.0,23.0,-9.0,13.0,-6.0,18.0,2509.29
-64.0,18.0,12.0,16.0,12.0,16.0,12.0,19.0,2509.29
-48.0,28.0,1.0,24.0,2.0,21.0,-2.0,20.0,2509.3
16.0,24.0,6.0,19.0,0.0,20.0,5.0,20.0,2509.3
-48.0,6.0,-20.0,5.0,-20.0,10.0,-20.0,4.0,2509.31
16.0,11.0,-4.0,13.0,3.0,7.0,-10.0,14.0,2509.31
-48.0,19.0,-15.0,22.0,-9.0,12.0,-10.0,12.0,2509.32
16.0,-36.0,-21.0,-34.0,-7.0,-30.0,-8.0,-39.0,2509.32
-32.0,-24.0,21.0,-34.0,27.0,-19.0,38.0,-20.0,2509.33
-48.0,32.0,44.0,21.0,30.0,31.0,38.0,19.0,2509.34
0.0,-3.0,3.0,-7.0,10.0,-10.0,5.0,0.0,2509.34
-48.0,1.0,-1.0,7.0,-8.0,-6.0,-6.0,-3.0,2509.37
16.0,-2.0,-10.0,-3.0,-5.0,-2.0,-16.0,-5.0,2509.38
96.0,1.0,-14.0,-10.0,-13.0,-16.0,-3.0,-7.0,2509.39
-32.0,26.0,-57.0,6.0,-41.0,8.0,-44.0,35.0,2509.39
-32.0,-47.0,-16.0,-35.0,-13.0,-21.0,16.0,-28.0,2509.4
96.0,-38.0,-27.0,-47.0,-31.0,-41.0,-70.0,-36.0,2509.4
-96.0,-76.0,-7.0,-38.0,-23.0,-42.0,20.0,-42.0,2509.41
0.0,16.0,55.0,10.0,42.0,36.0,37.0,1.0,2509.42
-48.0,83.0,8.0,36.0,0.0,46.0,-3.0,71.0,2509.42
16.0,-13.0,42.0,-8.0,41.0,-4.0,62.0,29.0,2509.43
17.0,1.0,-9.0,-4.0,-1.0,-8.0,-1.0,-7.0,2509.43
32.0,-4.0,1.0,-8.0,-1.0,-5.0,10.0,-5.0,2509.44
32.0,8.0,-10.0,-2.0,3.0,6.0,-13.0,1.0,2509.44
80.0,-9.0,8.0,-4.0,3.0,2.0,5.0,-4.0,2509.45
-112.0,4.0,6.0,5.0,5.0,7.0,3.0,16.0,2509.45
80.0,-3.0,-3.0,-2.0,-3.0,-6.0,1.0,-8.0,2509.46
32.0,14.0,10.0,12.0,7.0,5.0,4.0,11.0,2509.47
65.0,11.0,-10.0,4.0,-7.0,-2.0,-4.0,-5.0,2509.48
17.0,17.0,-14.0,18.0,-10.0,18.0,-13.0,18.0,2509.49
81.0,5.0,-54.0,-24.0,-35.0,4.0,-36.0,6.0,2509.49
-32.0,-5.0,-21.0,-47.0,-19.0,-48.0,-19.0,-60.0,2509.5
32.0,22.0,60.0,3.0,23.0,-19.0,26.0,-6.0,2509.51
80.0,-43.0,-42.0,-24.0,1.0,-14.0,-21.0,-23.0,2509.51
-112.0,-5.0,41.0,0.0,35.0,9.0,7.0,14.0,2509.52
80.0,-65.0,-36.0,-18.0,-30.0,-16.0,-41.0,11.0,2509.52
32.0,-5.0,33.0,-2.0,44.0,-31.0,37.0,-34.0,2509.53
32.0,3.0,-3.0,7.0,0.0,0.0,-9.0,-11.0,2509.54
-96.0,-1.0,-9.0,0.0,-5.0,-1.0,-1.0,-9.0,2509.56
-32.0,-4.0,-9.0,-1.0,-8.0,-7.0,-3.0,-7.0,2509.56
-30.0,8.0,8.0,13.0,-1.0,4.0,-9.0,9.0,2509.57
-32.0,-24.0,9.0,-26.0,-10.0,-22.0,4.0,-12.0,2509.59
-32.0,-38.0,-3.0,-61.0,-12.0,-30.0,4.0,-27.0,2509.6
-32.0,-5.0,35.0,-22.0,15.0,-33.0,37.0,-22.0,2509.6
-64.0,25.0,51.0,12.0,28.0,36.0,41.0,-3.0,2509.61
96.0,27.0,29.0,14.0,13.0,56.0,28.0,21.0,2509.61
-32.0,-18.0,55.0,3.0,54.0,-13.0,46.0,-39.0,2509.62
32.0,-66.0,-14.0,-41.0,-31.0,-36.0,-9.0,-60.0,2509.63
-30.0,12.0,-38.0,47.0,-31.0,53.0,-40.0,22.0,2509.63
-64.0,17.0,-27.0,7.0,-27.0,10.0,-17.0,10.0,2509.64
0.0,7.0,-30.0,11.0,-24.0,18.0,-30.0,5.0,2509.64
-32.0,-29.0,3.0,-19.0,-3.0,-5.0,2.0,-19.0,2509.69
18.0,26.0,47.0,6.0,42.0,28.0,18.0,14.0,2509.7
64.0,-40.0,-36.0,-2.0,-24.0,-9.0,-40.0,-29.0,2509.7
-32.0,-27.0,60.0,-33.0,37.0,-13.0,48.0,-33.0,2509.71
81.0,-47.0,-16.0,-36.0,-10.0,-34.0,-23.0,-49.0,2509.72
0.0,-4.0,26.0,-6.0,17.0,-1.0,24.0,-4.0,2509.72
-32.0,-4.0,22.0,-10.0,25.0,-9.0,23.0,-6.0,2509.73
-32.0,14.0,21.0,14.0,19.0,13.0,16.0,12.0,2509.73
32.0,22.0,-8.0,19.0,-9.0,25.0,-6.0,21.0,2509.74
34.0,-5.0,24.0,-7.0,27.0,-2.0,22.0,-6.0,2509.74
0.0,-11.0,3.0,-16.0,-3.0,-3.0,4.0,-9.0,2509.75
-64.0,-17.0,6.0,-7.0,2.0,-12.0,-1.0,-3.0,2509.78
0.0,1.0,-2.0,-5.0,-1.0,-13.0,1.0,-3.0,2509.78
-32.0,-18.0,7.0,-21.0,0.0,-22.0,4.0,-23.0,2509.8
-32.0,-3.0,18.0,4.0,17.0,-7.0,22.0,-4.0,2509.8
-128.0,8.0,19.0,7.0,17.0,15.0,21.0,11.0,2509.81
-64.0,15.0,20.0,11.0,27.0,10.0,22.0,12.0,2509.81
0.0,12.0,24.0,11.0,18.0,11.0,24.0,9.0,2509.82
64.0,20.0,-9.0,24.0,-8.0,27.0,-6.0,20.0,2509.82
0.0,-7.0,-21.0,-6.0,-11.0,-11.0,-13.0,-5.0,2509.83
32.0,2.0,3.0,-3.0,5.0,11.0,-13.0,8.0,2509.85
-31.0,-5.0,12.0,3.0,5.0,2.0,8.0,15.0,2509.87
-32.0,-18.0,8.0,-7.0,8.0,-11.0,11.0,-7.0,2509.88
-32.0,11.0,-12.0,14.0,-7.0,7.0,-9.0,9.0,2509.89
32.0,10.0,-22.0,3.0,-18.0,14.0,-8.0,-13.0,2509.89
32.0,0.0,7.0,2.0,4.0,3.0,4.0,12.0,2509.9
96.0,29.0,5.0,31.0,7.0,24.0,5.0,24.0,2509.9
32.0,-3.0,5.0,9.0,-8.0,5.0,-6.0,12.0,2509.96
-128.0,-11.0,8.0,-12.0,11.0,0.0,3.0,-2.0,2509.98
-128.0,4.0,-9.0,3.0,-12.0,-8.0,-8.0,-3.0,2509.99
-64.0,1.0,4.0,-10.0,-1.0,-6.0,-1.0,3.0,2509.99
-128.0,-10.0,16.0,4.0,16.0,5.0,1.0,6.0,2510.0
-128.0,-9.0,-6.0,-14.0,3.0,-4.0,1.0,0.0,2510.0
-64.0,10.0,2.0,4.0,-4.0,0.0,-10.0,-3.0,2510.01
-48.0,2.0,4.0,3.0,10.0,7.0,3.0,5.0,2510.09
-112.0,-8.0,0.0,-6.0,5.0,0.0,6.0,0.0,2510.1
-15.0,-7.0,4.0,0.0,10.0,2.0,7.0,-1.0,2510.15
96.0,-2.0,-12.0,-7.0,-5.0,-6.0,-3.0,-17.0,2510.16
-111.0,-4.0,3.0,17.0,-7.0,-2.0,-8.0,5.0,2510.17
32.0,-23.0,-4.0,-22.0,-10.0,-22.0,-4.0,-19.0,2510.22
-48.0,-7.0,8.0,5.0,4.0,-4.0,10.0,6.0,2510.26
32.0,10.0,-9.0,2.0,-5.0,6.0,-12.0,5.0,2510.28
-30.0,5.0,-3.0,4.0,-7.0,-1.0,-6.0,-2.0,2510.3
96.0,3.0,-2.0,-3.0,-8.0,7.0,-11.0,-1.0,2510.3
-96.0,7.0,-14.0,-4.0,-6.0,-5.0,-18.0,-10.0,2510.31
-30.0,7.0,5.0,6.0,-5.0,9.0,-3.0,5.0,2510.37
-96.0,-7.0,-4.0,-10.0,-8.0,-12.0,9.0,-4.0,2510.38
32.0,-12.0,7.0,-13.0,5.0,-6.0,2.0,-8.0,2510.39
32.0,3.0,4.0,-1.0,8.0,-2.0,-4.0,10.0,2510.4
32.0,9.0,1.0,8.0,1.0,9.0,-5.0,2.0,2510.4
-96.0,6.0,-11.0,1.0,-19.0,9.0,-20.0,0.0,2510.41
-32.0,2.0,13.0,3.0,14.0,2.0,20.0,6.0,2510.42
-32.0,-11.0,-9.0,-12.0,-9.0,-3.0,-11.0,-6.0,2510.42
-32.0,-19.0,7.0,-14.0,6.0,-29.0,4.0,-19.0,2510.43
48.0,-2.0,-3.0,-5.0,-3.0,-2.0,1.0,5.0,2510.45
32.0,-3.0,6.0,-5.0,5.0,-2.0,10.0,4.0,2510.46
-96.0,-2.0,4.0,-6.0,8.0,-4.0,5.0,4.0,2510.47
32.0,-10.0,4.0,-8.0,0.0,-3.0,-1.0,-15.0,2510.49
-48.0,-3.0,12.0,-6.0,19.0,2.0,20.0,3.0,2510.52
16.0,-18.0,-3.0,-9.0,-5.0,-15.0,-7.0,-19.0,2510.52
96.0,-19.0,-15.0,-19.0,-11.0,-15.0,-18.0,-9.0,2510.53
-32.0,9.0,-15.0,6.0,-13.0,6.0,-14.0,0.0,2510.53
-32.0,22.0,-4.0,20.0,1.0,18.0,-13.0,12.0,2510.54
-32.0,13.0,-9.0,1.0,-13.0,10.0,-18.0,7.0,2510.54
96.0,-21.0,6.0,-19.0,6.0,-13.0,13.0,-16.0,2510.55
-64.0,2.0,14.0,13.0,9.0,2.0,-9.0,10.0,2510.55
-32.0,14.0,-10.0,2.0,0.0,2.0,7.0,2.0,2510.59
64.0,-3.0,13.0,13.0,-6.0,9.0,-5.0,8.0,2510.6
-128.0,-8.0,-11.0,-4.0,4.0,-5.0,-1.0,-16.0,2510.61
64.0,14.0,0.0,6.0,-5.0,0.0,-5.0,-9.0,2510.61
-48.0,3.0,8.0,4.0,3.0,8.0,2.0,1.0,2510.69
-32.0,-14.0,-10.0,-23.0,-16.0,-14.0,-5.0,-20.0,2510.72
-32.0,4.0,16.0,-7.0,23.0,-1.0,29.0,3.0,2510.73
-48.0,-23.0,12.0,-16.0,10.0,-25.0,0.0,-24.0,2510.73
2.0,19.0,1.0,24.0,5.0,15.0,4.0,24.0,2510.74
66.0,15.0,13.0,11.0,12.0,12.0,12.0,12.0,2510.74
-31.0,-4.0,13.0,6.0,2.0,11.0,1.0,9.0,2510.79
-31.0,-22.0,-2.0,-25.0,-1.0,-20.0,-4.0,-24.0,2510.82
0.0,-20.0,-18.0,-26.0,-16.0,-17.0,-14.0,-21.0,2510.92
-95.0,-28.0,16.0,-24.0,15.0,-25.0,14.0,-21.0,2510.93
-31.0,6.0,-27.0,2.0,-25.0,1.0,-25.0,3.0,2510.94
-32.0,19.0,-21.0,20.0,-11.0,24.0,-14.0,18.0,2510.94
-64.0,-10.0,-23.0,-10.0,-23.0,-12.0,-20.0,-8.0,2510.95
-64.0,-22.0,20.0,-16.0,19.0,-24.0,16.0,-17.0,2510.95
-32.0,24.0,10.0,25.0,15.0,22.0,5.0,21.0,2510.96
-32.0,-10.0,43.0,-20.0,31.0,4.0,34.0,-28.0,2510.96
32.0,23.0,6.0,32.0,13.0,37.0,17.0,42.0,2510.97
0.0,10.0,-1.0,9.0,-6.0,3.0,-6.0,3.0,2510.97
-64.0,1.0,-6.0,1.0,-11.0,6.0,-5.0,-13.0,2510.98
-32.0,-5.0,8.0,-8.0,2.0,1.0,8.0,-4.0,2511.02
-64.0,1.0,-8.0,3.0,-6.0,23.0,-12.0,6.0,2511.02
83.0,24.0,5.0,25.0,6.0,19.0,5.0,28.0,2511.03
-109.0,9.0,-25.0,6.0,-18.0,7.0,-18.0,11.0,2511.03
-109.0,-39.0,-3.0,-35.0,10.0,-32.0,17.0,-34.0,2511.04
82.0,56.0,-18.0,47.0,-5.0,53.0,-6.0,37.0,2511.04
-64.0,8.0,37.0,-12.0,54.0,-2.0,41.0,10.0,2511.05
32.0,31.0,-16.0,42.0,-16.0,26.0,-16.0,41.0,2511.06
-64.0,-28.0,-1.0,-24.0,2.0,-24.0,6.0,-32.0,2511.06
-111.0,-37.0,-1.0,-33.0,11.0,-42.0,-3.0,-49.0,2511.07
-47.0,-5.0,-40.0,-13.0,-44.0,-11.0,-52.0,-11.0,2511.07
32.0,13.0,-6.0,-1.0,-7.0,3.0,-10.0,-2.0,2511.08
32.0,3.0,12.0,2.0,5.0,7.0,10.0,6.0,2511.09
96.0,-4.0,2.0,-3.0,13.0,3.0,5.0,-3.0,2511.09
0.0,-3.0,-15.0,-5.0,-4.0,-3.0,-3.0,-2.0,2511.11
0.0,-16.0,1.0,-11.0,3.0,-10.0,13.0,-4.0,2511.12
-96.0,-12.0,19.0,-14.0,25.0,-11.0,22.0,-16.0,2511.13
0.0,12.0,-25.0,17.0,-25.0,8.0,-30.0,3.0,2511.13
0.0,0.0,-30.0,-1.0,-22.0,3.0,-28.0,-5.0,2511.14
0.0,-13.0,-8.0,-6.0,-4.0,-9.0,-14.0,-17.0,2511.18
32.0,-6.0,11.0,-8.0,5.0,2.0,10.0,4.0,2511.2
-128.0,-6.0,0.0,-11.0,4.0,-2.0,3.0,-8.0,2511.21
0.0,34.0,20.0,35.0,-8.0,35.0,13.0,21.0,2511.23
-128.0,37.0,-55.0,41.0,-46.0,50.0,-43.0,43.0,2511.24
-32.0,-13.0,-49.0,-9.0,-38.0,-3.0,-53.0,-14.0,2511.24
-64.0,-32.0,-3.0,-31.0,-1.0,-30.0,-5.0,-26.0,2511.25
64.0,17.0,-25.0,13.0,-26.0,11.0,-27.0,11.0,2511.25
0.0,-18.0,23.0,-17.0,23.0,-19.0,26.0,-23.0,2511.26
0.0,14.0,28.0,13.0,23.0,16.0,24.0,9.0,2511.26
-32.0,-2.0,31.0,-7.0,28.0,-3.0,25.0,-6.0,2511.27
-32.0,24.0,14.0,27.0,12.0,24.0,12.0,22.0,2511.28
-128.0,12.0,19.0,15.0,22.0,17.0,24.0,16.0,2511.28
-96.0,-4.0,-8.0,-10.0,1.0,-11.0,3.0,-6.0,2511.29
32.0,15.0,-10.0,6.0,-6.0,-2.0,-8.0,3.0,2511.29
32.0,-7.0,-10.0,-7.0,-9.0,-3.0,6.0,-7.0,2511.3
32.0,0.0,9.0,-10.0,5.0,-7.0,0.0,-7.0,2511.3
80.0,-2.0,7.0,-4.0,4.0,12.0,-4.0,10.0,2511.31
-111.0,-7.0,-32.0,-5.0,-37.0,-12.0,-29.0,-19.0,2511.33
-47.0,53.0,-26.0,87.0,-4.0,51.0,-7.0,49.0,2511.34
96.0,6.0,39.0,30.0,47.0,0.0,56.0,35.0,2511.34
-32.0,3.0,33.0,-5.0,27.0,-3.0,29.0,-4.0,2511.35
80.0,28.0,8.0,31.0,12.0,32.0,13.0,23.0,2511.36
16.0,29.0,-4.0,27.0,-3.0,31.0,-6.0,29.0,2511.36
-32.0,31.0,-4.0,30.0,-2.0,31.0,-7.0,31.0,2511.37
-32.0,0.0,-36.0,5.0,-30.0,4.0,-30.0,4.0,2511.37
80.0,-18.0,-17.0,-25.0,-14.0,-28.0,-14.0,-20.0,2511.38
-48.0,30.0,4.0,27.0,6.0,33.0,3.0,30.0,2511.38
-32.0,-4.0,-9.0,-6.0,0.0,-12.0,5.0,-11.0,2511.42
-48.0,-19.0,-13.0,-26.0,-15.0,-17.0,-8.0,-25.0,2511.43
-32.0,-19.0,19.0,-27.0,9.0,-18.0,11.0,-26.0,2511.44
64.0,46.0,-36.0,29.0,-65.0,15.0,-7.0,30.0,2511.45
-32.0,-8.0,26.0,-46.0,-4.0,-49.0,42.0,-65.0,2511.45
-32.0,-19.0,-33.0,-12.0,-59.0,-17.0,-25.0,-40.0,2511.46
-32.0,-84.0,1.0,-54.0,32.0,-49.0,-2.0,-39.0,2511.46
-32.0,25.0,36.0,25.0,12.0,26.0,23.0,35.0,2511.47
0.0,62.0,47.0,26.0,49.0,50.0,34.0,49.0,2511.47
-32.0,34.0,-35.0,14.0,-59.0,-8.0,-46.0,26.0,2511.48
0.0,-44.0,15.0,-37.0,-13.0,-37.0,-16.0,-40.0,2511.48
96.0,-18.0,13.0,-16.0,1.0,-3.0,3.0,4.0,2511.51
-32.0,-1.0,0.0,-3.0,-4.0,-7.0,-1.0,-2.0,2511.52
32.0,-4.0,7.0,-5.0,5.0,-9.0,13.0,-11.0,2511.52
32.0,9.0,14.0,8.0,-1.0,6.0,9.0,8.0,2511.53
-96.0,4.0,-2.0,4.0,-11.0,6.0,-2.0,9.0,2511.53
-32.0,-25.0,-6.0,-27.0,-8.0,-27.0,-2.0,-25.0,2511.54
0.0,2.0,-30.0,6.0,-28.0,1.0,-27.0,6.0,2511.54
-32.0,-29.0,-5.0,-34.0,-14.0,-26.0,-8.0,-24.0,2511.55
-32.0,-21.0,32.0,-23.0,26.0,-11.0,22.0,-14.0,2511.56
96.0,20.0,19.0,16.0,14.0,18.0,15.0,16.0,2511.56
32.0,-9.0,24.0,-10.0,19.0,-19.0,24.0,-12.0,2511.57
0.0,8.0,-8.0,-10.0,-2.0,-4.0,-13.0,-7.0,2511.66
-96.0,1.0,-4.0,-2.0,0.0,-6.0,6.0,-6.0,2511.66
-128.0,12.0,-10.0,-2.0,-3.0,0.0,-17.0,2.0,2511.68
0.0,0.0,11.0,-9.0,13.0,11.0,12.0,-1.0,2511.69
0.0,5.0,-4.0,-7.0,-5.0,8.0,-8.0,-2.0,2511.71
16.0,27.0,-7.0,24.0,-7.0,30.0,-7.0,25.0,2511.74
0.0,-19.0,8.0,-30.0,5.0,-24.0,6.0,-26.0,2511.75
-32.0,-12.0,27.0,-9.0,26.0,-8.0,19.0,-14.0,2511.75
-31.0,19.0,14.0,14.0,12.0,27.0,12.0,17.0,2511.76
33.0,5.0,32.0,1.0,24.0,1.0,20.0,7.0,2511.77
48.0,-17.0,-17.0,-20.0,-24.0,-14.0,-19.0,-15.0,2511.77
112.0,19.0,4.0,24.0,-4.0,21.0,1.0,25.0,2511.78
80.0,18.0,16.0,18.0,17.0,24.0,17.0,24.0,2511.78
0.0,-22.0,9.0,-20.0,4.0,-18.0,10.0,-20.0,2511.79
32.0,-9.0,8.0,-6.0,6.0,-7.0,5.0,-6.0,2511.81
-32.0,2.0,-7.0,14.0,-3.0,0.0,-4.0,3.0,2511.82
32.0,0.0,-10.0,-8.0,-3.0,-12.0,1.0,-12.0,2511.83
32.0,-1.0,15.0,7.0,6.0,1.0,3.0,6.0,2511.84
-32.0,-31.0,-22.0,-49.0,11.0,-52.0,-10.0,-38.0,2511.85
32.0,-15.0,-12.0,-17.0,-35.0,-12.0,-51.0,20.0,2511.85
0.0,37.0,14.0,86.0,16.0,47.0,22.0,37.0,2511.86
64.0,3.0,36.0,23.0,38.0,46.0,46.0,30.0,2511.86
32.0,-4.0,4.0,-2.0,5.0,1.0,5.0,4.0,2511.91
-96.0,-11.0,2.0,-15.0,-2.0,-4.0,5.0,-1.0,2511.92
80.0,-12.0,1.0,-3.0,-1.0,-11.0,5.0,-8.0,2511.92
-112.0,-13.0,5.0,-6.0,7.0,-5.0,9.0,3.0,2511.93
96.0,10.0,-2.0,2.0,-10.0,1.0,0.0,2.0,2511.93
0.0,8.0,5.0,8.0,-2.0,4.0,-2.0,6.0,2511.94
-64.0,16.0,-12.0,9.0,-12.0,-7.0,-4.0,14.0,2511.94
32.0,7.0,3.0,2.0,2.0,5.0,-1.0,0.0,2511.98
32.0,16.0,3.0,4.0,-7.0,10.0,-4.0,3.0,2511.98
-15.0,7.0,-14.0,5.0,-14.0,3.0,-11.0,3.0,2511.99
-32.0,-13.0,9.0,-19.0,3.0,-25.0,-2.0,-10.0,2512.05
0.0,18.0,26.0,17.0,15.0,-19.0,35.0,16.0,2512.06
0.0,43.0,25.0,30.0,28.0,49.0,8.0,43.0,2512.06
-79.0,19.0,-51.0,30.0,-23.0,-8.0,-38.0,45.0,2512.07
-15.0,-10.0,-17.0,-4.0,-21.0,-11.0,-23.0,-8.0,2512.07
-79.0,8.0,-23.0,5.0,-25.0,4.0,-20.0,3.0,2512.08
-16.0,24.0,-1.0,29.0,-6.0,26.0,1.0,21.0,2512.08
-80.0,11.0,-15.0,9.0,-24.0,13.0,-19.0,12.0,2512.09
-32.0,3.0,-18.0,3.0,-18.0,-2.0,-17.0,1.0,2512.09
0.0,20.0,8.0,21.0,14.0,21.0,9.0,13.0,2512.1
-64.0,-7.0,-3.0,-17.0,-5.0,-4.0,-5.0,-14.0,2512.13
32.0,1.0,11.0,4.0,6.0,7.0,7.0,11.0,2512.14
-32.0,8.0,-2.0,-3.0,-9.0,1.0,-11.0,4.0,2512.14
64.0,8.0,15.0,5.0,2.0,-3.0,8.0,6.0,2512.15
64.0,5.0,10.0,1.0,-1.0,8.0,1.0,5.0,2512.16
-32.0,-20.0,37.0,-30.0,49.0,0.0,26.0,3.0,2512.16
-48.0,-24.0,-4.0,0.0,-44.0,-14.0,-26.0,-22.0,2512.17
-64.0,-22.0,0.0,-25.0,1.0,-26.0,-2.0,-23.0,2512.17
-32.0,-3.0,24.0,-3.0,21.0,-2.0,21.0,-1.0,2512.18
-32.0,21.0,-12.0,21.0,-8.0,21.0,-7.0,17.0,2512.18
-112.0,-7.0,16.0,11.0,6.0,3.0,-4.0,8.0,2512.19
-64.0,-12.0,9.0,-33.0,10.0,-59.0,9.0,-40.0,2512.25
0.0,-16.0,-16.0,9.0,-49.0,-4.0,-40.0,-18.0,2512.26
-64.0,-16.0,82.0,1.0,35.0,-19.0,34.0,-28.0,2512.27
0.0,-17.0,-21.0,-60.0,-6.0,-52.0,7.0,-41.0,2512.27
-64.0,41.0,0.0,22.0,-24.0,49.0,16.0,59.0,2512.28
0.0,-10.0,25.0,-13.0,25.0,16.0,17.0,0.0,2512.28
0.0,14.0,-21.0,15.0,-18.0,16.0,-15.0,15.0,2512.29
-64.0,-16.0,13.0,-23.0,14.0,-26.0,15.0,-26.0,2512.29
-64.0,-5.0,-31.0,-7.0,-20.0,-6.0,-25.0,1.0,2512.3
0.0,-21.0,-17.0,-23.0,-14.0,-15.0,-12.0,-17.0,2512.3
0.0,-11.0,3.0,-10.0,0.0,-6.0,-1.0,-9.0,2512.31
-64.0,-4.0,-5.0,-5.0,-6.0,-5.0,-1.0,-1.0,2512.32
-32.0,-9.0,-5.0,-5.0,-1.0,-12.0,2.0,-2.0,2512.33
32.0,6.0,6.0,6.0,0.0,8.0,3.0,2.0,2512.34
80.0,-10.0,-31.0,26.0,-40.0,6.0,-59.0,0.0,2512.36
-112.0,0.0,41.0,-2.0,29.0,-24.0,23.0,18.0,2512.36
32.0,-19.0,24.0,-21.0,23.0,-10.0,31.0,-11.0,2512.37
0.0,-66.0,-10.0,-29.0,3.0,-36.0,31.0,-43.0,2512.37
-96.0,-25.0,-4.0,-10.0,41.0,-9.0,39.0,-29.0,2512.38
96.0,16.0,-2.0,37.0,-5.0,42.0,23.0,10.0,2512.39
-32.0,16.0,-14.0,22.0,-16.0,22.0,-11.0,17.0,2512.39
-64.0,-18.0,1.0,-27.0,-4.0,-24.0,-2.0,-28.0,2512.4
0.0,4.0,-22.0,15.0,-23.0,16.0,-25.0,17.0,2512.4
-64.0,3.0,26.0,-3.0,19.0,-7.0,29.0,-3.0,2512.41
-16.0,8.0,0.0,5.0,-10.0,-6.0,-8.0,-2.0,2512.41
-80.0,8.0,-1.0,0.0,-5.0,4.0,-4.0,-6.0,2512.42
-96.0,-50.0,13.0,-38.0,43.0,-17.0,11.0,-44.0,2512.46
-32.0,27.0,-19.0,1.0,-45.0,0.0,-41.0,2.0,2512.47
-32.0,-46.0,-35.0,-18.0,-35.0,-49.0,-11.0,-53.0,2512.47
-32.0,-35.0,22.0,-41.0,4.0,-12.0,-23.0,-37.0,2512.48
16.0,15.0,-17.0,10.0,-20.0,12.0,-18.0,14.0,2512.48
32.0,17.0,-10.0,19.0,-12.0,23.0,-11.0,20.0,2512.49
-15.0,-11.0,-3.0,-6.0,1.0,-4.0,4.0,-10.0,2512.49
64.0,4.0,-5.0,2.0,-7.0,18.0,2.0,-1.0,2512.51
-128.0,-10.0,-10.0,5.0,3.0,3.0,4.0,1.0,2512.51
16.0,0.0,-4.0,0.0,-5.0,2.0,-6.0,0.0,2512.52
-48.0,-3.0,-6.0,5.0,-6.0,-8.0,-11.0,-13.0,2512.52
32.0,6.0,-6.0,8.0,-4.0,3.0,-12.0,7.0,2512.53
-112.0,4.0,11.0,2.0,9.0,-2.0,7.0,1.0,2512.53
32.0,-8.0,-2.0,-4.0,4.0,-6.0,17.0,-10.0,2512.54
98.0,-6.0,-8.0,-2.0,-3.0,-4.0,-7.0,-6.0,2512.55
-64.0,-4.0,-7.0,1.0,2.0,-4.0,2.0,-6.0,2512.55
49.0,17.0,-14.0,17.0,-14.0,13.0,-10.0,17.0,2512.56
-112.0,20.0,-13.0,16.0,-18.0,17.0,-13.0,16.0,2512.57
-15.0,20.0,3.0,22.0,7.0,22.0,11.0,22.0,2512.57
-79.0,4.0,20.0,6.0,12.0,10.0,15.0,13.0,2512.58
-128.0,-17.0,18.0,-11.0,24.0,-17.0,15.0,-20.0,2512.58
32.0,-26.0,-23.0,-26.0,-9.0,-35.0,-17.0,-31.0,2512.59
-32.0,38.0,32.0,26.0,21.0,32.0,11.0,37.0,2512.6
-48.0,-13.0,36.0,-35.0,32.0,-17.0,21.0,-28.0,2512.6
-48.0,-10.0,16.0,-11.0,37.0,-18.0,36.0,2.0,2512.61
16.0,-40.0,-12.0,-34.0,-30.0,-40.0,-11.0,-37.0,2512.61
-64.0,-38.0,-41.0,-29.0,-23.0,-37.0,-27.0,-29.0,2512.62
16.0,-5.0,-5.0,-18.0,-2.0,-2.0,12.0,-20.0,2512.63
96.0,11.0,-4.0,1.0,-15.0,-13.0,-3.0,-15.0,2512.63
96.0,3.0,5.0,-13.0,-7.0,-17.0,7.0,-9.0,2512.64
0.0,-13.0,31.0,-24.0,15.0,-4.0,16.0,-11.0,2512.66
80.0,-27.0,50.0,-27.0,54.0,-44.0,37.0,-23.0,2512.67
0.0,20.0,57.0,0.0,43.0,-17.0,13.0,12.0,2512.68
96.0,11.0,23.0,13.0,20.0,15.0,21.0,13.0,2512.68
-128.0,6.0,31.0,6.0,30.0,8.0,27.0,-1.0,2512.69
64.0,23.0,13.0,22.0,12.0,25.0,13.0,19.0,2512.69
96.0,-15.0,-30.0,-19.0,-23.0,-17.0,-24.0,-15.0,2512.7
0.0,13.0,-23.0,12.0,-23.0,16.0,-21.0,18.0,2512.7
32.0,-8.0,-6.0,-11.0,3.0,-16.0,-2.0,-12.0,2512.72
32.0,-2.0,13.0,3.0,8.0,-1.0,2.0,5.0,2512.73
32.0,6.0,-7.0,12.0,-4.0,8.0,-7.0,5.0,2512.73
64.0,-3.0,-6.0,-8.0,4.0,-16.0,2.0,-11.0,2512.74
-128.0,6.0,-2.0,0.0,-7.0,-9.0,5.0,-5.0,2512.74
-96.0,9.0,-10.0,-2.0,-2.0,-5.0,-3.0,2.0,2512.75
0.0,-13.0,11.0,-3.0,8.0,-2.0,11.0,-3.0,2512.75
32.0,-6.0,-9.0,-8.0,10.0,-13.0,5.0,-10.0,2512.76
33.0,-11.0,21.0,-10.0,24.0,-15.0,29.0,-13.0,2512.77
-32.0,11.0,-19.0,9.0,-29.0,11.0,-24.0,10.0,2512.77
33.0,-30.0,-11.0,-23.0,-14.0,-26.0,-9.0,-21.0,2512.78
-32.0,22.0,7.0,24.0,3.0,25.0,1.0,28.0,2512.78
-32.0,-5.0,21.0,-4.0,21.0,-4.0,20.0,-6.0,2512.79
33.0,23.0,-15.0,20.0,-14.0,18.0,-20.0,18.0,2512.8
-32.0,-10.0,-16.0,-20.0,-12.0,-9.0,-20.0,-8.0,2512.8
-32.0,-1.0,25.0,-2.0,24.0,-5.0,27.0,-3.0,2512.81
-32.0,22.0,12.0,22.0,11.0,25.0,9.0,23.0,2512.81
0.0,22.0,-16.0,21.0,-9.0,29.0,-15.0,23.0,2512.82
-15.0,14.0,-6.0,4.0,-2.0,4.0,-11.0,5.0,2512.86
-79.0,11.0,5.0,19.0,12.0,16.0,6.0,24.0,2512.87
112.0,21.0,-16.0,49.0,-10.0,41.0,1.0,41.0,2512.88
-80.0,-28.0,-10.0,-27.0,-32.0,-38.0,-32.0,-22.0,2512.88
64.0,37.0,3.0,37.0,9.0,27.0,-6.0,31.0,2512.89
64.0,-11.0,25.0,-8.0,21.0,-11.0,23.0,-12.0,2512.89
-32.0,19.0,-6.0,22.0,-11.0,26.0,1.0,25.0,2512.9
32.0,12.0,9.0,5.0,3.0,7.0,-7.0,8.0,2512.99
48.0,5.0,-5.0,-7.0,-1.0,-12.0,-6.0,-15.0,2513.0
32.0,-3.0,-10.0,5.0,-10.0,-2.0,0.0,-9.0,2513.01
-32.0,8.0,13.0,-1.0,4.0,9.0,-3.0,19.0,2513.03
32.0,-9.0,-6.0,-9.0,-2.0,-8.0,3.0,-8.0,2513.06
-32.0,-3.0,-7.0,-5.0,-2.0,-7.0,3.0,-1.0,2513.07
-32.0,-27.0,6.0,-24.0,6.0,-26.0,10.0,-23.0,2513.08
-32.0,-10.0,27.0,-8.0,22.0,-5.0,22.0,-14.0,2513.08
-32.0,-28.0,-10.0,-17.0,-10.0,-27.0,-8.0,-21.0,2513.09
-64.0,1.0,24.0,1.0,26.0,2.0,26.0,0.0,2513.09
32.0,5.0,23.0,9.0,23.0,6.0,21.0,7.0,2513.1
80.0,-4.0,-26.0,-9.0,-27.0,2.0,-23.0,-3.0,2513.1
16.0,-11.0,-22.0,-9.0,-21.0,-11.0,-23.0,-5.0,2513.11
-48.0,0.0,25.0,-3.0,23.0,-9.0,20.0,-4.0,2513.11
-64.0,5.0,-4.0,7.0,2.0,3.0,-8.0,2.0,2513.12
-32.0,-10.0,7.0,0.0,3.0,3.0,10.0,6.0,2513.14
-32.0,12.0,-16.0,-9.0,1.0,-4.0,8.0,-2.0,2513.15
32.0,1.0,-6.0,-3.0,-7.0,-5.0,-4.0,-10.0,2513.15
32.0,16.0,7.0,2.0,-7.0,-2.0,-13.0,12.0,2513.16
-64.0,-5.0,-3.0,-11.0,5.0,-7.0,0.0,-9.0,2513.16
-64.0,1.0,3.0,7.0,4.0,15.0,2.0,1.0,2513.17
0.0,-23.0,-6.0,-27.0,-8.0,-26.0,-7.0,-25.0,2513.18
32.0,-10.0,20.0,-7.0,18.0,-10.0,20.0,-8.0,2513.18
-32.0,8.0,23.0,11.0,24.0,15.0,26.0,12.0,2513.19
-64.0,16.0,-13.0,16.0,-16.0,21.0,-10.0,22.0,2513.19
-64.0,6.0,-20.0,10.0,-16.0,11.0,-22.0,16.0,2513.2
1.0,24.0,15.0,24.0,19.0,13.0,15.0,25.0,2513.21
-63.0,-19.0,-21.0,-11.0,-17.0,-14.0,-23.0,-7.0,2513.21
-47.0,3.0,-8.0,8.0,-2.0,14.0,2.0,6.0,2513.24
-31.0,-9.0,-3.0,-14.0,0.0,-6.0,2.0,-5.0,2513.24
32.0,-10.0,11.0,9.0,-2.0,3.0,-4.0,9.0,2513.25
33.0,7.0,8.0,1.0,-5.0,-1.0,-2.0,0.0,2513.25
-32.0,-21.0,4.0,-21.0,12.0,-23.0,12.0,-27.0,2513.28
-32.0,-1.0,33.0,-1.0,24.0,-3.0,25.0,-8.0,2513.29
-16.0,29.0,9.0,26.0,15.0,23.0,13.0,23.0,2513.29
-80.0,2.0,-27.0,-2.0,-29.0,1.0,-22.0,-2.0,2513.3
33.0,-3.0,-25.0,3.0,-21.0,4.0,-27.0,2.0,2513.3
-79.0,24.0,20.0,26.0,22.0,20.0,17.0,10.0,2513.31
-15.0,-21.0,-21.0,-26.0,-20.0,-22.0,-23.0,-17.0,2513.31
-32.0,22.0,16.0,19.0,16.0,13.0,18.0,10.0,2513.32
32.0,1.0,-7.0,-8.0,3.0,-5.0,0.0,-14.0,2513.39
32.0,-10.0,0.0,-16.0,8.0,-6.0,11.0,1.0,2513.39
0.0,6.0,8.0,-1.0,6.0,2.0,5.0,19.0,2513.4
-112.0,5.0,11.0,8.0,7.0,4.0,11.0,9.0,2513.41
32.0,-6.0,0.0,-4.0,0.0,-4.0,2.0,-4.0,2513.42
32.0,-12.0,-5.0,-8.0,-2.0,-8.0,5.0,-6.0,2513.44
32.0,-18.0,12.0,-10.0,24.0,-16.0,13.0,-24.0,2513.48
32.0,-40.0,-37.0,-3.0,-49.0,-23.0,-31.0,-32.0,2513.49
-64.0,38.0,22.0,22.0,5.0,66.0,16.0,16.0,2513.49
-32.0,-27.0,32.0,-33.0,43.0,-13.0,24.0,-5.0,2513.5
-32.0,24.0,7.0,0.0,12.0,46.0,27.0,28.0,2513.5
-128.0,9.0,-16.0,0.0,-39.0,22.0,-9.0,31.0,2513.51
-31.0,24.0,26.0,24.0,17.0,43.0,17.0,25.0,2513.52
33.0,-18.0,-12.0,-29.0,-7.0,-18.0,-12.0,-22.0,2513.52
65.0,-9.0,5.0,-5.0,6.0,-2.0,9.0,-5.0,2513.53
-80.0,-2.0,-7.0,6.0,-12.0,-3.0,-9.0,-3.0,2513.55
-16.0,0.0,-12.0,-5.0,-6.0,-13.0,4.0,-14.0,2513.56
64.0,6.0,0.0,7.0,-4.0,4.0,3.0,15.0,2513.56
-128.0,-9.0,-13.0,0.0,-5.0,-6.0,-7.0,-6.0,2513.57
32.0,3.0,0.0,3.0,1.0,5.0,-9.0,5.0,2513.57
-96.0,-9.0,1.0,4.0,5.0,-7.0,-1.0,1.0,2513.58
0.0,-1.0,9.0,-5.0,11.0,-3.0,12.0,2.0,2513.64
32.0,-12.0,9.0,-2.0,6.0,-6.0,3.0,3.0,2513.65
32.0,13.0,-2.0,14.0,-6.0,8.0,-1.0,4.0,2513.67
-32.0,3.0,1.0,4.0,-5.0,3.0,-6.0,3.0,2513.68
32.0,12.0,-14.0,6.0,-19.0,-2.0,-10.0,-4.0,2513.68
-32.0,-16.0,-5.0,-1.0,-6.0,-2.0,12.0,-7.0,2513.69
32.0,-4.0,0.0,-2.0,-11.0,-13.0,1.0,-8.0,2513.69
-32.0,-16.0,-5.0,-12.0,3.0,-7.0,9.0,-1.0,2513.7
32.0,-2.0,6.0,-2.0,0.0,-6.0,12.0,-1.0,2513.7
0.0,0.0,-2.0,7.0,-8.0,-1.0,-10.0,5.0,2513.71
-32.0,-27.0,-12.0,-29.0,-10.0,-24.0,-16.0,-24.0,2513.71
-31.0,-7.0,5.0,-11.0,-4.0,3.0,2.0,3.0,2513.77
33.0,-20.0,1.0,-27.0,2.0,-20.0,2.0,-26.0,2513.79
33.0,23.0,2.0,18.0,0.0,21.0,0.0,23.0,2513.8
-32.0,-21.0,-1.0,-18.0,-13.0,-18.0,-10.0,-18.0,2513.8
33.0,12.0,25.0,1.0,14.0,-4.0,15.0,0.0,2513.81
-32.0,-2.0,-24.0,-2.0,-19.0,5.0,-22.0,-2.0,2513.81
33.0,-47.0,13.0,-34.0,23.0,-44.0,14.0,-29.0,2513.82
-96.0,16.0,-3.0,25.0,-3.0,19.0,-1.0,22.0,2513.82
-32.0,14.0,26.0,9.0,25.0,11.0,21.0,9.0,2513.83
32.0,21.0,-8.0,24.0,-5.0,24.0,0.0,18.0,2513.84
32.0,2.0,27.0,-3.0,26.0,-10.0,23.0,-5.0,2513.84
-63.0,-9.0,-7.0,-9.0,0.0,-9.0,11.0,0.0,2513.88
