subcarrier_0,subcarrier_1,subcarrier_2,subcarrier_3,subcarrier_4,subcarrier_5,subcarrier_6,subcarrier_7
1.530804312026699,-0.5355310374496897,-1.3569894609744435,3.0826422896026413,-2.356359374668554,1.107254818716464,2.3496281151713836,1.0214710992145468
2.3986298620222755,2.897210897179344,-0.35919446890592055,2.9198008289552355,1.117505262241333,1.0924240921717938,-3.5061574323062694,-1.7840944350689156
1.5008290555213764,0.854597401101931,-0.6913128908399984,2.058919325745997,2.724955576079571,1.6870516135403189,-0.1521408805046388,-1.0134786146114425
-3.1302206416653853,-1.294726759894626,0.9756108341503935,0.9041464255319257,2.265144687866041,3.273342163130491,0.6714546934954849,-1.2040567361721546
0.6947767397445597,4.701701988341778,3.3999786677239046,1.050622381290958,3.174576654514654,4.731359847600433,1.0374389215993411,0.7286195609201721
-1.0555844008477104,3.2372524422342903,-0.2862535652962892,2.78343029371264,0.8320516865896349,1.5051575358012337,1.6168228611422824,3.596215417127243
1.1000319555039857,1.2632014393210047,3.5068844968769612,0.7219022823320684,0.5720055649888423,3.7041710441314395,2.7261231409591193,1.4951617608930758
3.713710167689932,3.2080442144900423,0.1903575507283688,-2.0113398075127833,0.2798989909585461,1.0503813277537137,1.6828868173314424,0.8672643105667526
2.6113494418803906,1.1936409021346317,0.305793345136677,2.985055878336365,1.8892548369032545,4.371061737296477,1.2649312058430842,-1.050182089960043
4.543306602414686,3.905422939738905,3.884314106306247,-0.015012390250121577,2.089943277682182,4.370143183971509,1.4319461803004296,3.3513740390795066
3.1752847841996004,-2.2903801877953973,4.335649698787755,0.5674944863917522,2.9051321998507538,4.508608882658504,1.2687453386958123,0.9309677309152666
0.13819696282111815,0.695246174769736,4.437668715684232,2.7352967381504993,2.4762539280879077,2.9229885245419713,4.309935490812654,2.9698840804751168
-2.065507590720362,4.934705910999033,0.34459160598882477,2.7859366673181674,2.7089309629715648,1.6394700944433296,1.683129463472078,2.267749190591826
3.5132541614041406,2.716325561607121,2.2837346819008584,0.39148542541369924,1.6622485321006721,0.42657976231400685,4.909178856061448,4.891991077243835
3.025194707672495,3.86813223015231,5.099024824381469,3.7840307686411063,5.336285667477807,3.3729732253326272,3.4910458048945676,3.1385748563177214
1.73437739518537,0.9946975497182651,3.7713525550769234,5.6205481956712315,3.841304998436557,6.7542939584475,2.645759260236875,3.570416164903031
0.5198966726532115,7.616885163360173,1.773765479561039,1.6644680314244016,3.572263303385403,3.301461369227821,5.157965603444237,4.892645466866886
2.6820604238865693,6.532606138267341,5.068182729082871,6.696513512529506,2.6566883443335785,5.721800021752097,2.6966390013857513,8.365427215358359
3.9903268341872193,3.977939367166112,2.9496952859338306,1.2589681536568835,1.7154835831345996,6.0672126049546335,5.655677885373198,6.15620366463388
5.936051241519916,3.794903880380483,8.19334529089156,8.838943882849042,7.220223979205823,4.03692315225279,5.029747836490706,4.427083381409917
5.203623708588655,6.885570268292081,7.916044470289211,4.003840684485728,5.935638961716309,7.459051220491734,3.6337121672688535,4.832757526683272
8.261501327980056,9.010307733972454,6.253561686345733,5.336600827288381,1.7975311484946639,-0.7719546553264092,6.102636464303717,3.9956479129857287
3.1899644631792263,7.1686930868927226,7.9831859848095625,1.4771054302986748,6.787457176689329,2.815672017793665,6.354352026647293,3.3611811682306243
7.235759700100655,9.81724725077899,5.603224616232549,5.3493697830471705,7.318604256452006,3.642377323268868,7.788681127605702,4.3681403418531435
5.777237603462829,3.8379374590815374,7.2135151059554055,6.139604472641757,5.931392361807233,4.043210071470594,7.614934142023966,4.138342189781488
7.277372889831193,4.249260980596443,8.843475232198173,5.715710433395035,9.084256433097542,6.560560543965815,6.87058268304659,7.194771409185796
5.216665510576981,3.71181300100137,6.580692600696692,4.96353308300332,6.523134521353834,6.669770843215871,3.834513334690541,3.947305521370095
8.430854767376108,7.171015318893887,5.777119676566361,4.394364982539298,3.4538469636965483,7.075475163944944,11.184667995943041,8.953915142355017
7.071755070582046,6.832512653500301,3.0720616375373293,8.742358792966183,7.211643555988203,7.6734685421565345,3.6740731317479405,7.98539832112922
5.312116963534331,6.367104686425858,6.504739881926842,6.73262120336573,7.160801536795288,4.770797795078531,8.569533281934447,6.712010392105166
6.832429800052034,8.474995114125008,8.503324227003032,9.937982610911956,5.649884160322101,4.420125724263772,7.719045491651007,6.857115080808547
6.5584889921575815,9.502257920461108,8.928867565167039,5.9846360004419346,8.184718383786631,7.830240074047506,4.689315965069551,5.923038090802674
8.192617331073496,4.162935811224225,8.22299076123473,6.344671243053475,3.8789300974161853,5.953796482505031,6.965658752040911,7.754429452493437
5.026792088588362,6.192401531535149,6.3037473974128995,9.017534076529705,9.367479242222958,4.245395496601438,7.228839814848098,9.562530513754558
7.495043049816313,9.194033642293821,3.600103316152521,4.307796530040574,5.7975030468367965,9.496435023130665,10.164911885668749,6.147433529536075
8.506971577066471,6.780879704050645,6.725926875758339,5.289430351461963,5.746464821533744,10.506560884772405,6.289735271207386,4.649572893930348
7.940120934484895,6.277662167382521,7.265384577990925,10.069044262805155,7.646424775483875,10.988396099496146,7.350184307250121,9.280510829812316
10.720680670576424,10.063873037099222,7.400940247418405,5.6829303233520445,8.892744037885704,8.400813624747874,3.3546589717559074,8.675530130286035
9.722477354349428,5.595431666759364,9.411544520163172,4.536329775602228,8.502279933394183,9.426295998153128,11.643957392454478,5.9340342033249645
8.301919977186087,7.7137219550853695,12.288234392697259,12.05393594681376,6.831563239122823,11.0566180173914,6.175945084627437,6.850098828839343
8.887435334889336,9.111345191503608,8.701115543576176,5.66642184414558,7.441878557510213,7.171225559847122,9.10787886837234,6.735848591793709
9.177202626224648,7.438231695440413,8.152407944947727,8.954110319916989,6.319786828505726,10.807226891368835,8.383055863816923,7.136806985192152
9.51884033830018,10.278552441992883,8.193797503958347,8.850411515415075,8.262881326706792,9.26303359825295,8.516239196399852,8.064875621884157
5.18176983071584,7.6953318716503185,9.081855355860485,3.2118291888088892,10.983128251066876,10.660509126730238,10.452809791786807,8.299991213483562
8.345276373645309,11.765567952075841,7.291741444487204,8.413694918848384,8.93980308989625,9.320515006935873,12.290853885791272,7.646741655047082
6.089019340936716,8.806404882332023,9.298294594815678,9.954723976281787,10.776725986842473,11.650410896819572,9.560884817207551,7.541569838323712
11.718283769920738,10.504262148412472,10.063346547665365,9.870340638039487,12.072524550454148,9.608769400084839,10.471877910262817,8.704153187163001
9.138037277411865,10.751784223383353,9.679108444566698,11.066777685024723,8.083699279343787,6.291778198482886,9.917519390871803,9.595119387136844
8.965196748825724,8.096798642696825,10.266962516194532,8.576896018374102,8.978732142074241,12.255731912814413,11.386941496046223,8.719285575455281
11.231685098814753,5.331117337436505,10.305585653445354,10.863099318932605,13.780476156873274,7.543028952804058,8.51225767577563,11.755424481430886
10.362966600338712,10.239828514766632,5.974523640946075,8.139658869278819,12.407003829398853,12.02443342592679,11.66909811427179,10.534492434280535
7.335238455386777,9.73708417839493,10.866247800935998,6.771572651319641,6.247698432520486,9.412021721264546,11.813507215439959,6.410815770427799
9.51880409752065,10.772266877725643,8.318585131250481,7.065158071212923,10.4349114546972,12.0126367929708,11.825688839941208,10.708070353403095
9.052261883641366,9.26954088532846,7.53091750408622,6.798374919703306,9.723715814773527,11.992133059827665,8.402300095421184,10.933683795265301
6.289345423899643,8.91755580351032,7.569507545401759,11.79758313689414,11.431317422829276,10.638697149742494,9.44173593263737,8.908941264863369
8.447473073535734,13.844971561973543,10.695108760955202,6.79887852189303,8.338068005040032,10.845096175264406,10.306959517571013,6.837630365403832
9.504326739556197,6.926699260567572,9.426257529139422,10.419485064887734,8.192190639507784,10.71666461797426,7.129723293931116,9.8875409024114
9.678627358035309,11.37643017774747,6.544591653048172,9.376680832874127,8.556387790431774,5.880879708456837,13.098369637191023,9.893111918054505
6.974904663932016,8.79016379491985,10.8954431416712,9.73407036438537,8.795510418889767,10.176027949083037,9.914814444282282,7.696075038220243
12.267233864219165,9.29234546264337,7.0846864365265585,12.691117288523614,11.594551031742242,7.731774345980424,10.531758473333657,7.061464265604343
9.777913104628002,9.347913557262949,10.261761939447302,9.105264487980333,7.61971687611312,10.324493509902206,8.828110342956474,9.807012129504
10.06911168536079,8.387136983697149,10.471003383385773,11.21720865513903,8.748777732121026,7.708120439273232,7.340250413305618,9.52785114793802
10.800837365922977,11.142002509715784,11.770708252633394,10.074680792005527,6.421529308240421,7.629650206791155,8.791494318293761,9.165023358598518
8.422608867567032,12.780048567274289,13.562130948308077,9.694723564108978,12.01299702219912,13.208630378882177,10.43716975064155,9.831939905881251
10.904339839402033,10.931655215629963,7.262275241335557,14.591566141909587,12.53368809199892,12.13052266938502,11.338485518644026,7.786075145496001
9.244008874229912,10.184922158690467,9.873210454140178,7.095474674835538,9.324011304538704,9.969872996377969,10.301741247471718,9.108516940534049
8.165189655368733,7.985479738464624,9.405690146574683,12.536624407538007,9.36246200703667,10.327898037161164,10.651808769147017,11.025010797891813
11.079143145684544,10.965898690622648,10.79974753089567,11.24506128995369,10.83869196353954,9.436416107487728,9.258195409610993,9.232307998271168
12.883184710233536,14.212536256088518,10.331174534497157,8.940787003366353,12.848801007386431,11.039589744588966,10.892334125120776,6.555892049044816
11.310806538318975,9.099758543757126,9.15605530587407,13.119784826230534,10.678369286475144,8.5090390582497,12.826813524119125,8.915763235900167
11.66216022037211,9.064237931387517,8.934400712869538,6.119984865314175,8.42112120514102,11.803685615827163,11.225783974969222,7.675888163077527
8.72377617639315,8.642859127555752,7.532135679149652,8.721504074919604,6.527392245544867,9.258863707489526,11.384121166023627,10.299309982441208
6.512437679562751,8.728848668910823,11.683400302712682,7.290712729361511,7.477424612572689,8.867983146237206,10.295709936512926,10.345351944660514
12.624435754749118,4.1535616032046665,10.562569073748493,10.468327640292356,9.790599611174367,9.687586747519122,6.637850571350231,6.326611460377373
13.683558165561026,10.384599158462931,11.410064782341781,7.348400184377152,8.263873340349917,8.392234726900286,7.48519532548902,11.092554327915884
12.584437871758334,7.807719971509743,8.878032051267944,10.364952217701608,9.888759736200488,10.156189023211937,10.408575925546657,7.274451721661854
8.74552465313125,6.196570293507149,8.103425593701889,9.044223699447642,8.311248498618282,8.34237135246395,9.395218427170578,12.53546111205545
7.020128158029261,10.835776734952047,7.172766702228494,8.370688950174781,7.213103972898127,10.266444041124622,10.209082608432606,9.231844306485716
7.104415457002666,7.071745282557927,9.953616020123118,10.01307534470842,6.881717589735657,11.667793930464752,12.588627688329947,6.7429938555634745
5.768842814406832,8.458969841867415,7.05672150057846,8.5990647017588,12.261016968381389,7.697664576018582,10.588379948093596,6.852335808249567
8.816283970923347,11.963925990120599,12.728367345676538,6.853771521625362,10.809016706110725,8.769890293153097,11.548813619229081,9.727231791318129
12.131403298603463,6.101615786389527,6.304762220251673,14.522793361708512,12.381083286094471,9.842708808509398,9.109410161380014,8.1374476026418
8.520071597307794,5.738200391856758,9.350717099477285,7.829062494993992,9.883298662562487,7.9316821510894675,7.1889655060834015,8.610089041816
9.285809418837468,9.219775997265595,11.81487303256849,4.245945457836888,7.82118080091124,9.609804739794248,8.565431299712236,11.906724083534996
11.304619097182085,10.852399896594404,9.751604687101286,6.869227789130891,11.200107013553543,9.664222889877149,6.943921541135392,7.1549370401155175
7.6120718947113915,5.271579082912265,8.77160994335975,5.885709141630731,8.354126515652656,10.586786070964799,11.536852431921087,8.540188233767605
12.352823026799367,9.097139587034532,6.344792819436385,9.934051345441208,8.723443653940882,7.069780021190352,9.862542266431117,11.121449088106283
12.1221946005665,9.300004865494977,5.374467408436185,8.781311104754765,8.052357027420555,6.252455305110644,9.179030778828153,8.679032736504393
7.726868020230554,3.870769730206878,9.52919091542669,8.786516301172208,2.09528225902349,7.373935918464031,10.460977102047725,4.775885226875507
6.680040756686461,9.432111960539327,10.84740376627478,7.095064353050398,11.044579309314592,5.899604605630687,3.7949964556784357,8.84588730818916
9.070635287894476,9.429370954798209,6.798459214157507,7.1174587010000065,8.658167087029357,8.805155603208844,8.85243509779917,5.350153479546961
6.81729134277595,6.888770081301616,5.234218212580964,6.770479020598329,8.171987349550687,5.188838627460843,4.891049659204921,10.325956285279595
5.030648834735777,9.848451993466465,2.427420407772413,7.18137290059951,7.220207144329328,12.009792105375826,7.329247871939128,5.698024058874494
9.732997532487223,9.443431374090952,5.208990538116187,8.841187096170934,7.497375866213525,9.762375948588764,6.547105040506834,13.109539240932591
9.42562873255254,7.198969809432788,6.765420273000299,7.664884783009072,5.798176086305883,7.017885497199007,8.316207182192274,9.927485934653735
7.121536418187785,5.907622430010796,10.00875969233413,7.810738869902397,8.043671915275205,8.545302196656616,7.266887788582574,5.217288071404706
4.098244032239926,4.678317754530368,7.970240924162219,7.623091356194688,4.009776850898017,3.3503698110746987,9.314207886919858,6.664001149699502
3.974180737807315,6.358106221509705,7.043404049655593,8.202118115005563,6.805370105183181,11.479979903041203,5.22943891837686,7.940521803509014
6.4528718481243965,7.377931110694449,5.438173948683829,6.8147133543666,7.3615602124283,5.057984046885112,7.656642050552659,7.805734219739506
5.039895109950642,5.391283456879425,4.873305744448794,6.7573333243185445,5.6422989113149,5.798642351161988,6.36408361275837,6.924309698913101
5.154845153912053,1.4420290076712092,8.648326213211195,8.214643500581582,6.578766603137319,2.1251644438183956,2.5664504780521638,8.341349092127489
7.67464958289766,8.168151061930795,6.0322003542944325,4.300631436771429,3.6480544883091532,6.603297882259443,3.7934903557315884,5.384785379508914
6.887203408720685,5.801291217565357,1.2156433900335255,3.7093596139725555,3.489191232083641,3.208156459721352,5.121088706831233,4.687409436723503
7.963813978064497,4.448279623715603,3.8604493212747855,2.8356854186955593,5.680962859122057,5.41084014020133,7.432113516852727,4.51380064122005
3.00966363119378,6.705226854794872,3.274478014405042,5.356739205188807,6.348009387190398,3.902361212099219,5.918356193062524,6.70765654189255
4.084743388952271,7.820403719291207,3.678598507970765,1.0636620438874482,1.021395215322273,2.615638656465008,2.436124878564266,5.501488606930987
6.066280730044481,-1.0555057998515274,5.674138659694426,5.472625531243611,5.592358609345789,2.9395943355990215,4.267684883029936,5.130884670504768
5.21878049401563,5.191151111833989,4.107734048401348,4.104237622988741,3.236220811237172,4.7741998801608885,8.358236709575905,5.91309231050421
7.158949834863289,1.2408906480673512,3.9404582556807215,6.36346846933016,3.7085768950732207,1.5312071239503968,4.316635739369762,-0.007915746019664383
4.7042313871489325,4.861378988938676,6.490104297991267,2.5193233544108127,1.1841221282107193,2.3655346332936396,3.208506825196002,4.483295623091094
7.325895246771752,3.885531443309806,2.236754858987271,3.223040467725634,1.9264425581872313,4.956223801089603,4.613156320073089,4.066814816308079
4.473929925987235,4.665347375422053,7.122293374315653,5.638300989127691,5.326144973601576,8.59885407228958,4.920680481704894,6.731510485142364
5.280294245338061,2.15746412117143,1.813344167418568,5.922230643717045,3.2216860981211664,4.1111369892667495,2.243622655200622,0.09878338563340616
2.2689931155950984,-0.8304572144742912,3.0944194023891556,1.5557182776603726,2.1504662057448956,1.0814997248094378,3.921172557906887,6.030396273917528
2.7028118802414234,1.7735010739601091,2.1118302656679115,3.037799921647766,2.441260751211376,1.9400091163288233,2.016458463131827,2.8250557143227772
4.252644829378231,3.244451291978846,2.6775942887012025,3.0195939770673768,3.4091796710278826,2.493934034004437,3.869411225358157,3.40873508301937
5.411689451090622,4.21651776725496,3.074917100050771,2.9330399211468094,3.0667221022311884,1.486883208633098,2.5251194258470804,5.537570685123266
3.397798002309586,-0.40433849725697013,2.8069945838658334,1.4141727850568357,1.7892701028944784,3.745440437161946,2.9032597577938644,3.060846639699226
1.5253417207789384,3.745806118394212,0.18545060340701736,4.2544520608954475,3.877603486441514,2.1266322306766265,0.17331817231316848,2.492421843573299
4.197643693344773,0.14722905499504724,-0.8028557206070515,-2.336433332955001,3.383898908101422,3.2586784041078305,-0.19959913385762862,1.9275560058927268
-3.190610378132247,1.9182466976165677,6.199690516238936,0.35108646482534667,2.0200909926883064,0.564459353832256,3.084341543746304,0.22639066443876088
-1.9015055358313666,-0.0768244385488851,-0.025005212018725742,1.8388249327282744,1.0521870330025214,3.593963906624894,0.7841707044113929,0.8859852181615947
2.05525046191352,1.0563232700009455,2.0904068919207153,1.6064316384754291,2.0066242048158203,0.35901084601365024,1.262051498775465,-0.7390435176687552
0.46877845035654087,2.2243170069908405,-2.7747208831961023,3.1460797990798173,1.069096581452658,-1.501818000425692,-0.17222911632274795,0.35142793899932717
1.3998893787737152,-2.2651660780516867,-0.3703633632839688,2.585312862927959,2.31046222013728,4.543502838609827,1.9863156245526727,-4.482999317584809
0.06585769216152974,-1.4227691461960172,-0.3173561206672402,-0.6340406033168019,1.736165400774261,-3.712912846624588,-1.2785773127616697,0.7951217824327429
0.8271545320218844,0.05518831749831227,0.630893282669804,2.2850056298753483,-2.351244660021318,-1.792214307795716,-0.5859393369876267,-0.558211364753112
-2.1951224115829246,4.236850552464161,-6.011225051580421,-1.9944002571514532,-2.738243111079956,-1.8203724732573323,1.00566885580972,-1.238724242930072
0.3234346229811659,-2.543916973511872,-0.48525632302155436,1.0442372164054592,-2.220036637986368,4.199074996934911,1.5283978491503163,-0.3780213812979293
0.9205891734944731,3.012027889073142,-3.3677227936564815,2.5528050739212906,0.8840374972131464,2.5454778853723274,-2.1157584649740624,-3.935367728851577
1.1228364212734425,2.6905818207613192,-0.669573364199175,1.1116234271209156,-4.470882780131514,1.6695915006953725,2.6011031773227433,2.5402752066535426
2.459654883753222,-1.7620760069473598,-3.640112099220503,-1.355912938495931,-0.7779389273281909,-2.228771030296841,-0.9409703181569449,-1.7729886285193768
-1.327451728286559,-2.4119536676911326,-3.526614007142495,-2.4792061588355763,-1.0905624331054093,3.036707392392218,-3.9015051389088073,-2.107337481235711
-1.514869947997609,-3.4468225190213504,-2.6099473424785034,-5.119874714210539,0.2626039956804185,-1.3259881140100245,-1.324588024512031,-3.9934845419578116
-5.354772489123874,-2.444832621441517,-4.413086499982569,-1.6873482849477703,-1.9477501794484036,-0.35390082016993385,-3.074425989743094,-2.260534795877656
-3.6155219003688615,-5.366137963211127,-3.503767991562721,-4.783133554033849,-5.239117879259813,-2.1933083358795975,-1.6845621237256578,0.2212206824545495
-3.181515975541915,-2.947829862169885,-5.182103364615321,-4.381621154756563,-4.7140617488249354,-2.894284970175193,-2.8810643228493658,-0.7235194086646217
-0.9355927649984577,-0.04247132184945546,-6.702572772948622,-5.417723471024511,-5.400222913346817,-3.5397892174039263,-2.887684489170878,-1.3273563672700557
-4.497188716962943,-4.49735659373712,-1.2392723639249654,-4.195971134096995,-4.351074401449965,-3.694466455622009,-5.098373221955976,-2.1823885654491413
-1.9193840513827105,-3.993512698858477,-6.1041614765282315,-3.5680029198543397,-3.877867225728229,-2.2950807935242175,-1.5319416294476553,-4.229149146005595
-3.749957952548386,-7.14899546715611,-4.104076293837593,-3.1994853562902157,-6.077597571063739,-3.0123149210708497,-6.05896925292369,-6.64704085269503
-4.3333251774046255,-3.2308647709130147,-2.473206784187532,-5.180002218003028,-1.037664965870523,-4.041931687582469,-6.196518737985092,-4.381066490908371
-3.710952140194648,-3.679776708558413,-5.438628283493247,-2.0701726656707944,-6.859302822366043,-1.189692093063452,-3.4740193801661876,-4.680483007528515
-5.218134959068387,-4.3084174950311604,-6.086154014053778,-4.852232730542634,-1.7436153668377417,-10.369328352044164,-1.2301337202067635,-2.3382333352202207
-5.5181658463056245,-5.09374545056458,-4.2076151727854505,-6.235536216651331,-2.2897652872416123,-3.640316854277903,-5.365277544249108,-4.041310465200652
-8.290977075234181,-5.466921101198862,-2.645537618199648,-4.42882072916708,-3.0848001642758813,-3.4459278503359934,-3.4794606182460206,-1.6567822078468555
-5.595532022409425,-4.0958231403523016,-7.438254137926584,-1.172517940666014,-6.487156822747147,-2.8056978712433067,-2.952943254026555,-2.704646527677297
-6.2745442903788335,-5.372241201258627,-5.614903662116259,-4.644286865011145,-4.629706239727578,-5.444350880188103,-3.6852391234932425,-6.227599217089572
-6.558184079826508,-4.8962783580176845,-8.991211291063003,-6.251933355875563,-8.080964368229585,-5.110381966360434,-6.148638679475712,-9.116480494368085
-4.900585595491501,-5.304366085762486,-6.520733728035962,-8.78925443290899,-3.9125176506040837,-3.7624349540421393,-7.916425155059731,-2.96318125278862
-4.621540977294168,-3.691950308683664,-5.8703955137990365,-6.377629524819328,-6.086774445947725,-2.9564720743148274,-10.353900014217897,-3.220034436413699
-5.675122910697624,-4.785523725232171,-7.848761203492411,-5.6696556698060485,-6.95815234915565,-6.740583890339816,-6.665192918907066,-8.871935101786733
-4.345495171645538,-5.950601866244106,-7.25030922019495,-7.111487335055627,-8.783815245857026,-5.802373986289367,-3.9801508154201377,-3.3178455128894857
-5.37799711847616,-3.492276908832531,-9.345574506751792,-9.859890246618889,-11.484133207394924,-3.171973041439376,-8.777452939660758,-5.764886628951855
-7.307888290118523,-5.877238852394116,-6.563618687744252,-8.418906689514106,-8.79485762457875,-10.965830062264942,-5.317356215469708,-6.396404914255933
-7.827883308537956,-4.2922453595283585,-4.790782239342898,-3.9930938153336815,-4.676574345883384,-8.282195936738367,-8.80247579721294,-3.672604228614542
-6.456544041436836,-5.868303298197253,-9.276476254511456,-4.214186507509607,-7.8878553719201365,-4.150516557764602,-6.870043362196852,-4.392818168509299
-6.1101808650442155,-10.941553242711102,-8.503058617952782,-9.030993423257213,-7.596372799078111,-5.072639417631411,-5.842131856537981,-5.955053180857609
-4.632950521559177,-4.818969608983514,-6.42354664271381,-6.08312556122333,-6.117530419045268,-6.383748713768785,-8.74763000929903,-6.4822050039982075
-5.212506185005598,-7.324499792200451,-5.170670836240317,-9.951997844426137,-3.983514518653259,-8.492046021104029,-7.253882913491961,-6.362063693825071
-8.839195110695899,-7.860158639483116,-10.742628722099422,-4.947616533691655,-5.106239787790283,-9.5198860956524,-8.586431771132217,-8.556363965446613
-8.116739813599711,-7.350030558366034,-8.250296728177087,-7.422255557556715,-9.857397260977564,-9.095158491829935,-6.502429935468834,-8.02293015280983
-6.722151900576101,-8.754153834325775,-7.49792586577259,-6.164904513178573,-11.949328653286454,-4.9681710687742555,-7.593553173442366,-9.868821819600726
-6.074538263425357,-7.75647609876541,-8.414646600800996,-11.640720513908379,-3.4913053013430932,-9.467419197853992,-8.097518470684767,-8.876613371021138
-6.473734437030582,-9.535425507126352,-13.305257508194341,-6.99639917059039,-3.813690151121259,-8.14882744596085,-5.2349734541562105,-9.084941131778033
-8.615272336356162,-5.938972153224729,-7.485336652075924,-8.502864798062475,-8.110609477834902,-9.99493196041696,-7.162904385956864,-9.758127409936797
-11.126022867402417,-8.845153789787485,-5.579304860364096,-6.914119420963699,-11.158954053709028,-6.932429502347331,-9.998681294797962,-8.344484557248459
-10.740846070010011,-9.508141002963695,-8.509649815179822,-6.913237721323129,-6.816520249730949,-9.820425878211712,-8.914701119114351,-9.390935018919983
-8.317157640243854,-10.712276300321232,-10.92463677547121,-8.730855289933185,-9.078392040907904,-9.057612449191511,-9.014222239042004,-7.857955228178735
-8.291804707070556,-8.438704287621965,-10.002510358647815,-10.177915144111077,-9.202218112132469,-12.343020132004899,-8.815616720668825,-12.220897092506778
-11.281753468830718,-8.710180521711766,-5.5445685866507635,-7.525002357602961,-7.295477035751691,-12.311131194371828,-4.03537616874696,-9.31110431017655
-9.09763343839437,-8.4099234328179,-7.366847578451796,-9.307081658983169,-8.518023166426316,-9.171426273529901,-8.44506887475092,-8.923669379817921
-8.020876043087748,-11.337828532041572,-8.003271520262656,-11.0288946640866,-11.654954579061204,-11.933639067426839,-13.355129897240866,-9.904583236705076
-11.6764430985193,-12.576352181128158,-8.66116461643626,-11.214294246420383,-10.02347365366896,-5.163816504836007,-10.459587726938942,-9.718775183123475
-7.248715840270413,-8.207527638866122,-10.780984468261186,-12.413039076504006,-8.13640438655655,-13.581756468103741,-13.32345441887086,-12.629202265338957
-10.29249470933749,-6.568148688464824,-9.938574773529377,-10.558014731343967,-8.516927967407803,-11.137783009546048,-10.19702892630952,-8.824478202878856
-7.094880141280543,-11.662813611213638,-9.765951837790876,-7.4047222742850884,-9.086073217716894,-9.576704631898744,-13.584726825886701,-8.314894401299703
-10.743590911499647,-6.497803452824449,-8.577537387818959,-9.321026420536977,-7.8098401109961175,-10.406951895539414,-11.419866962084702,-8.689611431540312
-11.7903801166824,-9.16930703344128,-6.719291362380234,-10.796664562760123,-10.460563126548571,-11.94542006424188,-12.778572210182281,-7.659675032029676
-10.707671408678886,-9.805523238097107,-7.554721155409191,-8.181685552635287,-9.434057878557303,-11.707253107985983,-9.023077073060492,-9.388338217430443
-10.029752685825924,-10.63455383276284,-12.678225151263366,-11.504409683118062,-16.590614640026484,-11.820764594669761,-9.838377714413527,-8.882094078369411
-10.658235519604105,-12.650311744911136,-9.433285768259045,-9.690575157395585,-10.78057609374677,-10.454719095701268,-9.27535109106368,-9.569094229147439
-10.348831551398272,-7.941371676402845,-8.44330201791625,-10.276089453703076,-8.389022891100755,-6.012970529217197,-10.125931485389097,-8.541727269067056
-9.278162600763817,-11.497305622991405,-8.708372239826929,-8.387831648939494,-10.726881834350484,-9.79021830699978,-12.734688400525034,-13.100552172380443
-10.31140846320155,-11.528663075083951,-11.22751725038359,-13.123506465447754,-10.901504507042976,-7.603248744833704,-8.942006985099281,-11.756211659564773
-10.117909408440479,-8.001832000762555,-4.157466188999741,-11.686080112165776,-12.068590524086101,-8.97173192888018,-6.141235499997558,-6.811885306470282
-13.414439840195065,-13.761953935133327,-12.550156166452112,-13.27247835997894,-7.9892552563315835,-7.768262245825433,-9.17756188457678,-14.916858685982284
-9.216554422012115,-13.047146075369394,-12.16632734736516,-10.5191438976516,-8.903023906951919,-15.599879059220232,-10.851799652668191,-10.280306313683749
-10.175978939230147,-10.033840830862975,-9.530382181323658,-7.57471733658195,-8.346743148200641,-10.606488386143269,-12.853706696057701,-7.653022424630674
-6.768268258356763,-9.402285361312801,-5.755248109394798,-10.999748638629558,-13.441282143238285,-7.3745833730210775,-11.804988160842436,-10.175375550406034
-11.85293194361367,-9.004332313167907,-11.646191310514096,-10.995169485497055,-10.294701695637022,-11.117273254604422,-9.067722295961635,-10.78382375200715
-13.569014715889416,-10.556021045682893,-10.484080790184374,-8.208975210522116,-10.5126460743904,-6.427477729151164,-7.806188005291638,-9.693580705259787
-8.688598137504908,-4.8639957880816125,-7.770147779333605,-7.787636008454392,-10.485878538562096,-6.956954817829468,-9.40300277592104,-10.630975485369884
-9.197698330989859,-10.346537485147527,-9.926476677391326,-10.067894502153438,-11.12280745505177,-10.829013799870783,-8.290977788203891,-9.82905338210198
-11.867363377054108,-10.312069640197262,-10.519705045052408,-8.481067627892031,-10.542705879551846,-10.85682437408453,-8.43514084793733,-11.217259409032076
-12.86349346844612,-11.397968896065692,-8.672729754664497,-11.95790464019383,-8.104705993024632,-11.831207243146874,-8.790926775666101,-7.586646718526488
-6.676483062938283,-9.503462891264721,-9.206240543847677,-6.995327856456036,-13.576979231002522,-11.010464988034459,-11.068223714829376,-6.904746682175542
-6.864152884444417,-8.46245120156443,-7.6314960943843975,-5.3949610777838775,-6.1377841295970725,-12.157551793995811,-9.344526641707676,-9.959154309881225
-14.602237853468548,-7.220168226989369,-7.044386557925561,-8.584892753678838,-8.659642086003366,-8.769701975190276,-11.324079943820564,-12.400303177438776
-10.472615845397435,-12.53473831576487,-8.94216366687371,-13.724833029570036,-9.640833578204859,-12.468262773577301,-9.52131188096823,-10.603856127511225
-6.150571031615149,-9.970945817894348,-8.895489690426329,-10.595415665978516,-7.665286848437095,-8.271489108802504,-8.817228079049123,-9.846932461388876
-10.347854480590922,-8.5023221434169,-8.967507400462921,-8.170078721696544,-12.299398855372058,-8.13957197123469,-6.0381617502614775,-8.38465161122877
-10.287769704568568,-8.132430167326191,-8.328284123216687,-10.149511230847988,-10.63594704681729,-12.628954046883107,-11.926009185250527,-11.32257168285662
-9.776977967477267,-9.198361996609451,-9.101118036475603,-6.667062203718334,-9.453610176999637,-6.11182209956185,-8.24844405023592,-10.749783949502831
-11.352325838932227,-8.025683952331704,-9.111748856040487,-7.934217362524178,-6.379411150531553,-8.083313302565465,-6.148058708148719,-8.089179615678294
-12.413378466170892,-10.621754763566404,-6.610572736060319,-10.416777979246397,-9.09682013996792,-7.5044309348250655,-7.486131446037211,-7.126009313635688
-6.786317617201318,-5.7756013740341015,-5.859179877960729,-8.82688261712831,-7.991302896300523,-10.40874264175636,-7.225521353020732,-10.134600329012184
-12.459232775171417,-6.7881027567172065,-11.788464851942907,-10.561025403954245,-9.95251695454832,-7.528600725729827,-7.59796915894044,-11.439793070578057
-8.155199109633715,-11.339597587981572,-8.629699710370089,-9.014911770676111,-7.676057875916245,-6.396955114407096,-6.053073034300394,-2.0815056112754595
-6.747480799034768,-10.670845880783578,-9.898028651440537,-9.62982626541517,-5.166160598601153,-8.71785658255942,-10.695596120774802,-6.95403131037264
-11.288586743448821,-10.479977645860316,-9.00807707861865,-6.036610545180428,-6.395080762298276,-4.382289227149783,-11.157987477586998,-8.920141669180568
-10.094847199805898,-6.8903704528226974,-7.441277975145112,-4.0142862809537645,-8.409222370171513,-8.158181124789879,-8.258978675546267,-6.508247843554075
-5.674898824659293,-10.670712734277407,-6.762380458357535,-10.963633867913977,-6.7502755069115326,-5.8196856005375235,-12.423581408585893,-8.350170460871317
-6.885283111936124,-8.613115220806366,-8.175319439612894,-11.797499124809708,-6.7960326431757805,-7.365048937872894,-5.489774944034181,-6.216752774189831
-9.030405105425597,-6.8864248988342736,-11.622514361113428,-8.286178535370594,-6.782658348273271,-6.624790625954088,-5.35440330067694,-7.477047296115378
-5.231159054307525,-7.767988930122736,-9.565748222182226,-10.672488458687232,-5.411750339309049,-10.978321596299411,-8.50235817119892,-7.4531132646947205
-5.057566790440587,-6.95286320592378,-5.67763889694886,-7.3782150300073575,-5.261682829674259,-6.728530760918465,-8.212179430670211,-7.697801973810769
-6.762776482170045,-9.432487290898976,-12.781734712271321,-5.803009640589606,-7.555199061951227,-8.77083207071599,-7.4455768185028015,-10.195644535127638
-8.926816061249609,-5.936786858707794,-4.7516413021382835,-4.138211810968633,-5.842737482546745,-8.819292217057658,-7.022454304623044,-3.2503058067160038
-7.774487444182803,-8.174013822191206,-5.90513005595013,-6.54480091980865,-7.7137798795588,-3.4593836683072556,-6.693242198850641,-8.8306578777747
-6.19150512943097,-7.413517966137633,-4.131926454281706,-7.150589067040908,-8.610423409972906,-7.1918191134664475,-5.647814403585144,-9.48432576996294
-6.953867252028931,-6.101214137921982,-6.9738159674958755,-10.533447426880123,-7.115665105141927,-8.583281255684948,-6.921930299750911,-7.0023973592466895
-4.506991578145454,-6.17874949155346,-10.507716782660967,-6.33253563624356,-6.537462238094322,-7.103169190832906,-4.498519327659569,-8.30784956163617
-9.248633413234332,-6.1411252149844735,-5.328359970002664,-6.046510731916736,-9.512247231371644,-8.789985710859487,-5.297189698765052,-6.292510834136202
-8.977866787807667,-7.4905933736287,-3.4400334815985065,-4.711426101249698,-4.268674610841748,-3.121570793282649,-7.20326662142046,-4.613812032551651
-5.42405381132812,-6.3848948566913695,-3.936352423266143,-7.202772237351168,-11.32044687949778,-7.177157522626015,-3.11557069868479,-3.795190233234539
-6.561672072813346,-5.574216063525466,-6.903966212175608,-6.448688445671257,-0.14894936622689414,-4.519983377312199,-8.29509721744451,-3.949121801956174
-6.621929996896354,-8.118003233835042,-5.194310616575578,-8.32383727810924,-2.364074499908234,-2.6556193390802214,-5.552164389143825,-5.979096877072232
-8.689791688096104,-6.078744182374068,-6.2193507873071585,-9.73626386351544,-5.675695698091937,-6.153983612176769,-3.219843447596374,-5.054494594424138
-4.897163809583123,-4.1608957411137935,-6.5747884275582305,-7.153249680773053,-4.917402778051939,-3.8722106346339142,-6.3824017090037755,-4.120497397384504
-4.821212611607,-7.2705756032961535,-2.8049252532457665,-7.856354024111502,-4.109758648430902,-6.775874505414329,-4.096591102071166,-8.231277243489615
-3.185200840060088,-2.17899550077509,-6.887223426493893,-3.818734213122347,-5.670479579941453,0.3993803342637987,-3.4054796099654734,-3.35098940372385
-4.1279542193842405,-1.726539960426499,-6.05339934678941,-5.302034598959899,-3.880528190452312,-2.3930062163929406,-5.986814221588663,-7.180365060793848
-4.3018771649820895,-6.526970160421267,-6.244720275445866,-5.113143268650674,-4.324668963904418,-4.421881886022708,-4.181624447689166,0.0440241893118829
-1.4510103824064111,-1.0897723898868068,-6.785506702585179,-5.77383774833751,-3.9935570904490176,-5.350679117765013,-4.118019316405506,-4.614041825270476
-6.1958759417388265,-3.858104512265995,-3.2781127511565193,-10.036072199866593,-3.208019207880449,-3.798934440520979,-4.674417038506312,-3.940691689230909
-2.2618280443244627,-2.4975773637055054,-1.0116003850556634,-0.3179849845245144,-5.9616620787276045,-4.014573926722654,1.268743222081934,-4.874020680495326
-6.438451300131006,-4.089459074796801,-3.4659104830308394,-5.096698016093885,-3.017017522273012,0.8097321374587052,-4.6223696774312595,-4.356097034251688
-4.5324677744471735,-1.009654359992035,-5.867239615573892,-3.6805841541453725,-2.528848521210604,-5.306813458875363,-0.8458834263097921,1.692443123840921
-5.0388343381527,-1.801332035208739,-0.9336309934220179,-5.523304403484694,-2.3558208301942445,-2.343917226325666,-3.399122106668357,-0.7327806956594778
-0.8057536826349003,-3.997945266733944,1.001764754531206,-0.4257780666574691,-2.801300264411046,-2.4063148868061566,-4.5429111313093005,-5.468043643834413
-2.25507518218629,-4.4546587149260795,-3.4167393632886913,-1.8373968409208532,0.15146083694324153,-2.359075315685241,-1.9186262286853641,0.8841710863749572
-1.9045300580717561,-4.798128439304248,-2.834632102321239,-3.53025413941754,-2.584828678648905,-2.0947568787624875,-0.579336800110801,0.5089609813970606
-3.8430677565534674,-1.2537182282290524,-0.5982805209277768,-2.414061003782613,-1.1749499674481847,-1.8617434013355323,0.2114173690367922,-2.192026705671142
-1.9800335644243285,-0.23570374899907853,1.8631009230115525,1.97571327169119,1.2139484952925412,0.36548556010564925,1.7438836487515885,-0.767252688498875
-2.6577464261820967,0.17111553799500956,-2.170484111014326,-1.2767546833264298,-1.289568099604498,0.08715307342099687,4.759676760306327,-1.1607039784060218
-0.11335792391942645,-1.1162301428426142,-3.5451675156242684,-1.2437350288596702,-0.45134141869275585,-0.04244473088228551,-0.3792395461166642,3.0648918552660063
-2.6113441316920984,-2.943154772357599,0.6336753515159417,-2.5119248333074014,-0.8219311336586654,-6.697140585319409,-1.955346208679647,-2.221742239013052
2.2819319483624394,-1.7418063780952782,1.2204793642368865,-4.166819082992318,2.097082805079486,0.22193296627861547,0.5280918715420703,-0.08563556249625826
-3.477073109232761,2.1787850679392795,-0.11364930911411825,-0.44598955714326083,-0.6413613331571625,-3.437190930324737,-0.6583381107975552,-0.9822028719701814
-1.4871274549285645,-0.8433449192156046,-0.9903543093303431,0.7768824346337935,2.6926213645609693,1.418552536256209,1.9778444696890178,-2.74016859925115
3.7320578019798996,0.6644920434106596,2.3664142440318,2.576825710703046,0.17048099275357786,3.3266515171887363,-2.216671810683736,4.760933292157682
-0.24111563489521148,-1.5221391061209175,1.6852338701247858,-3.8678312079704535,-1.0897575858671762,-1.2233163641482445,5.365830945829732,-1.7339712971759673
-1.7494893751809792,1.5534340445459147,-0.656603080179141,-1.3699247004182133,2.2390142947760867,0.35670650894243117,2.5923641431788704,1.3205263286033966
1.568958944639197,0.2154466962057039,1.2290052821752027,-0.03066636154904101,0.5214801520525475,-0.06789559054213434,-2.2371922160284696,-2.3505853931968113
0.4298620881294606,3.4740720001100724,-1.322768491490748,1.3736848754121413,2.621648370756871,3.8515101240721465,-0.03741123207139929,0.5825054940723585
-0.04213873014205993,3.1767171935081784,3.001382693970392,1.3395343980377068,-3.829206988752916,1.819657551638698,3.2617638693224293,2.4735394239614665
-0.3142180527116456,0.8861116757359898,1.3530564301200774,1.6341461975112501,1.887934092675682,5.334182330018455,4.230211681228699,0.22805560988106377
7.661001926247383,1.8709266603001704,1.2528330502260228,2.940446832135386,1.2050441174805364,2.951763120890272,-0.4202205394684295,3.2978584164668074
1.8665349531704507,1.267406273457466,2.3038897832338554,0.5630525319805051,0.24312138047616738,2.8545391148103625,3.795690454404621,1.8315565697625587
-1.2376146477596945,-0.22534632018395984,2.6941354715665553,4.481802957373449,1.5070380692264609,2.7499336381117323,-1.281159672417787,4.933685097703286
5.843163532456614,1.140859155351112,4.645604137576666,3.7226488978445067,1.7083377258602421,4.4917282129602185,2.6770722835034535,5.579265841125991
4.318298780761444,3.492591625981943,4.278338033190746,2.4564924422841443,3.0001853808391408,-0.3792154259503837,5.320250654746715,1.9226674490802795
1.801673619980027,3.985125478478766,3.021787924433997,6.536422465797433,0.5999535594496908,3.5052943930606224,2.2315750218136414,3.488072200805516
1.70470315746943,3.8680371420269912,5.098277634279704,6.683773405985248,4.203488895361141,3.4308484473857837,0.5570967365656863,3.937849787786179
5.1519572483035425,3.2015455480698094,4.606486163370307,5.670802366374698,6.537441226398657,5.255849310302613,4.0974412487422,5.043710246856478
3.542832353522174,5.902802219943053,3.183469735929009,-2.0004445326345017,4.598526002396736,3.6612657967530096,2.827231275230127,4.065433000989615
0.41381084873596974,4.3928502947480474,4.016330169153201,7.423656671062123,5.88374370408419,2.188297617300832,5.524883217757844,4.646188404311856
8.066638733172894,5.898666460155452,4.195713026277315,6.081675848907425,6.6812837131911476,4.506860153802955,2.721505939527436,4.005345854373318
3.8477214711735503,1.168152131200427,5.726225081953867,8.728519671031338,7.188681419973818,2.5500213378687775,3.1704286162992634,4.946182129549501
7.927398972144326,-2.9085450040572107,4.20221026973619,7.411184682646551,8.676532884822084,1.085731074004503,0.8942508574269867,7.532135886249739
7.710548165678729,5.721254305423459,4.372859876904032,8.31036360474187,4.155274253195438,6.607923212718284,5.493567671850264,6.4458447321710075
3.365813678535239,2.5183014600578884,9.305347386368785,7.125142467861625,3.9308647971786344,6.5259559128902085,5.04602289094767,6.7703440463876055
7.644962973925822,5.153679839773415,7.458054208693735,8.275969642490551,7.145514541848996,6.512765133186676,3.2018139037193847,7.024723893470683
4.482910934565611,5.181601952243762,4.264594705442695,9.774043515761853,7.202328473607773,8.391652878184596,6.173393461827157,5.478178478530903
2.2559385560672944,9.164140934506252,7.1312217175595745,6.42244920643159,7.540690328906557,4.659275949067328,8.043480330963456,6.626993816834239
5.3398889209713705,6.9890783589028675,6.4257853843260095,3.0446241648593957,9.96765016151616,3.326856967473145,5.757949366177756,4.018737896344166
7.180180938167705,6.7166239882124925,7.168008285135334,5.769984134584862,6.407645752212135,6.244846380999058,6.921239834259095,8.922521247249062
5.651204297741268,8.250659903001292,6.851360242864153,7.356568792500817,7.428990713026313,5.881676994322123,7.123300092904272,1.010756729047503
6.150181935491544,7.501273791019824,9.143563908312219,6.914053786084862,4.803502114374797,5.079687183801609,4.355618962983826,6.5899818326708965
9.234722127096429,6.032236051262338,7.638830726542095,4.454466104920351,11.21823228519112,6.7878917302636115,11.060761678654394,9.229381991539752
7.339483566082457,9.269447466011393,7.002318209073699,3.8643603551123156,6.453405763084051,5.903285313093104,6.184795945257706,4.398759738243591
5.614285245631544,5.0813816124249005,9.385263022167484,5.81855653093179,6.684450011879789,3.6288713014877865,8.61311427192199,8.100441703435152
8.874698884683841,8.117132612416313,7.937208319524933,9.08611734931749,6.777138455332703,6.588284855761668,9.009068791807287,6.109105344191135
8.031008194938348,4.5405174727572355,7.878614219687973,10.796336602675797,6.345865343741182,5.362906727622143,7.3564668067983545,6.89805053065212
2.752624088743728,8.203721406699804,8.423878896640042,9.628968919223215,6.336959593972515,8.25912983488966,9.009423741787083,9.68771561294669
8.807772379933098,8.33704583593606,7.763848505657468,10.065921126618473,6.903657986611151,6.638997035908892,8.442704996022979,8.347180404160502
8.884914616874669,11.454167125271791,8.119711187433403,7.939626055115349,5.369665345340575,10.324520149724568,5.265977686987653,4.032545465673739
8.286552653777468,5.116362607732189,7.072921217092002,4.76214547920382,6.675674554089271,11.45404252915148,7.581764992115571,6.293459315152551
10.169535307785647,7.184359793938873,6.88379970639874,7.475692983881087,12.284060368541736,9.74489689167031,7.161032340938374,10.336805615424018
7.175852615897059,10.16600463769835,6.523499011585184,8.003110960805305,9.9919500718328,5.418587420583423,7.597149701857809,9.418525220936058
9.322741591493024,9.320376526645838,5.86577544025707,7.655637040179858,10.501550367306658,11.660134011609301,6.041735658177947,12.146013158899791
5.639440220341353,9.133969065351064,7.013924239906945,8.88274869342531,11.127776537509888,11.924799863423587,11.026226396168118,12.138654150702653
9.705593005468478,6.979140832753735,8.542878169736962,9.774251758456714,12.559681367395594,8.928993261286696,12.09539754789764,8.20692197837723
12.90994636879459,7.822190281531938,9.21006214260607,10.709857354201791,5.460981874827109,11.64967929838586,10.959832929711613,14.010302587853772
7.120819186460821,11.600613907842416,8.567938765100621,8.554292162663234,6.650765660822822,8.007181615302546,11.651590339690188,9.159491231099725
7.691855048242974,9.108440924710669,4.500052331963809,5.4039405009293375,7.604011990429154,5.4789674425193455,8.522189638202212,7.286122243400474
7.886514350732156,10.057264628804207,12.455717952039945,8.340789797932992,8.367085643536065,7.785976359272073,8.034031566543188,8.039265504694106
9.655725816638373,9.165352707482224,11.568689610815944,9.48315015901915,8.794590583864684,12.854331097124694,7.838555271411758,4.882279154456344
7.3528825954755055,7.112784110683411,10.370474843617199,11.924570985449758,8.58500003557086,6.496795293959995,10.767084987097387,12.692993157681503
10.398664544266394,11.423790639034427,13.37115113199097,8.420554102516222,9.994787613148542,9.555212350747423,10.010295893172733,12.745693764972161
11.321004226994615,10.633789105121277,7.672596101088864,10.652411592855088,9.697915117546717,9.695612122736708,9.472880912859434,7.5963094584296424
10.761068092565544,14.303647340392356,13.467623906909985,10.272549464928842,8.246704075301476,8.666425177722353,12.282670754048663,9.236605088894164
6.214445673030715,7.72011376500577,7.820848370805765,9.839077590553638,5.40017897033172,8.86423332463263,10.561159231937546,9.942491612532015
11.794330888755146,11.449141400838895,10.281471409020648,11.665062197087117,7.818258147680538,9.94849382691034,8.126680283396766,7.883289454153707
11.725232164499175,7.227409403917813,7.302822685723406,8.528814942486653,8.752020029366664,8.72617265212236,8.488679677720425,6.3402932734494915
11.551075112308466,10.205445502962013,9.92014055870459,8.740379468328824,9.396593494000419,7.046635373279995,11.254738966124147,9.470037160062033
10.67041962267664,11.87774830349132,10.697068121361767,9.900933479176533,7.665400206743916,10.354799011251902,12.008200830674184,9.282576266446496
10.392802687300653,5.808153826697414,9.643043396621279,8.672131048702989,8.970811125897548,12.099157223780333,11.055784523402327,9.175601576912838
12.038580405358548,9.563936660622538,11.401556497286029,10.989826191214954,7.711826832134582,11.712946646412597,13.767579104849917,10.419233734307683
13.835881194529412,8.862434751237263,10.186883118297018,8.562469610590238,9.737215516225838,8.36938328454288,13.25886855078534,12.847893536374487
8.09149141711711,8.593657747256566,8.952742887091793,10.45018075933708,7.85138968712158,7.4951165130914585,10.879644013548337,9.391386904463358
12.156201245622604,10.770375758551769,8.866323818428382,9.799604916459547,8.30214114129213,9.431574689723503,8.322789135070055,10.340836451475786
9.82355284577497,12.237358454635064,11.617814587021266,10.425838971343286,7.378618779811596,13.131570061381202,7.376012018326339,11.449728089279747
9.726338516479265,9.719127190078154,8.67820056092253,9.066201830410387,9.678683229396897,11.276880778455556,9.210921130507035,11.093970473561964
6.895988342844676,10.380022578728793,11.799855664578628,9.290873134555099,8.236154183703956,11.37697907719722,11.475476616441068,8.74020267471307
9.376514081085409,10.174710406234695,12.39151648578006,10.138111436110298,11.759661433467057,11.725806803687188,13.599387058740074,10.13884714634427
7.922298792315214,9.920435720964873,6.579400983559784,10.32097772057467,10.728529241637842,10.758361833289218,10.751722777073644,11.01190834859015
8.953566847049252,7.702590430636931,12.147128480663213,9.872871875278832,9.741571969693858,10.1224928012883,12.218721294523618,7.6245730310395885
7.643083672114987,12.056345643117073,13.960301836560685,13.250181152697454,8.24448544498371,11.164070232967223,9.348841467295681,12.366534461264303
8.893580654369435,10.38178816531312,10.295404951399304,7.809923591512879,10.552438039628052,8.699065220559408,11.036935679450547,12.65457523942367
8.924908436867238,10.526892130919201,10.93529752150369,9.608721561008618,11.11853092961132,6.908203128181404,11.38384280986839,8.291568640025059
9.870195856825449,8.063666761896684,11.750696668686166,6.529427975713879,9.962062844351108,11.122679889196494,5.717497468242792,10.064026056644185
6.380606641851185,8.691665570455365,9.059141736075802,10.35426932376862,12.817510077367707,12.085582577932296,8.783228761680826,10.894662879775911
6.646396116727198,9.185164016796287,9.901992859293584,7.306939339464217,10.456707048367477,7.300968533505782,11.436833180773585,8.44620409956034
10.182538785340295,6.390460856981539,6.830311184633024,8.90208973212609,11.285924679015311,11.102553208711043,10.007646915152371,10.42193793525543
7.779113549364821,5.997921133109663,9.65125984056592,8.629861132842366,9.641120614576975,12.735521210281398,6.980959687203153,9.70050103608935
11.432384337491182,8.081828895754184,10.279548748320403,9.845107010233663,10.634653663545272,9.278832353517078,4.423080005576607,6.3474884017537185
9.637312104203009,10.231814193057694,10.219098706025854,8.081190825082555,7.5932101948345645,7.5507682906894225,8.455211169568901,10.10509529213003
10.297919022374774,7.778119942102078,11.21524416915712,7.893783326573995,8.167597995536372,9.33043206901547,8.941223336174202,6.884109889419888
11.797640506761045,6.938645470737828,7.426651509648196,11.84796879409105,9.674982972884013,7.8751879295178515,7.208409966262564,10.85466156924335
8.243003045269539,7.233053362407345,7.797211155535692,9.431558249831738,9.546623631997448,7.628964448969882,9.148594542938675,7.520002518614907
7.5939999066862836,7.83228847122821,12.533988009501545,7.620871613474299,9.75819696340533,9.609341452061921,9.755746811984626,8.420402450196546
10.361382733743017,7.910259636905184,8.317320815017972,8.11631021892293,10.81876334710285,5.410518612485601,9.959351903997858,11.362535389438541
9.506543798552842,12.818559575106583,8.887584245318125,11.77822657523496,5.637574327062646,5.599658825709016,3.7756788208288254,9.48027996375116
7.977012754797573,10.460914631414811,8.217653290989732,7.881343617937981,6.402768279219583,8.39025513518806,5.723103178823934,6.192725535291084
10.993449753455192,10.260082044106763,6.567172166933263,6.831980573238532,8.669679101691814,8.165916741718446,7.601288522833837,6.18070067794514
7.639698890731783,10.401348238958407,11.311245932195256,6.694195210158859,6.615460246804723,8.751296664491516,9.208533772486572,6.865581933164194
7.978274528456759,5.915085514677098,6.8573244295039855,6.814474291366042,14.66826373592392,11.663178030311974,8.891195280445269,8.70201542005853
7.7986943993500795,5.3115198677070845,5.501678050267703,6.567253652828118,8.787688336021835,7.965277169833205,8.699988993434914,8.472848727547099
5.725664485088862,5.381111691817691,6.693371720280301,5.035556578187318,7.43819057702549,8.791196575555393,6.8280163909479406,5.908647665560066
7.583809914594965,10.097651402297858,3.4252271321711154,5.180238941728226,6.397700589454464,5.477573264392919,6.773372261002261,5.094220164393464
10.051235439645001,6.163331507083037,5.955140154881656,5.5990743361252795,6.29739051846193,8.793590411881095,5.801056548004538,7.820881895019688
7.9721251457228925,4.579476150491967,5.1459313192658875,8.265330551876737,7.142469837600896,6.0294067847491855,8.618576771182237,6.718468383390217
6.964297589907069,6.04017833666958,8.137027998963855,6.139696162563459,7.126134602351722,7.045012402271393,5.06119316163005,11.21660251200468
6.394241348175904,6.240564847077987,5.370947431387497,6.303452532319162,5.804377621120216,6.500078660368919,8.417848700886383,6.7909832236334005
7.190855026949605,7.065947517526027,8.304728841294601,9.069297020646697,5.982816477097099,8.595069439964965,6.944827446412195,10.157626625537453
7.835858809522865,6.83822759396858,9.133293538683137,8.92633985242133,9.024894703013686,3.716372443794495,6.246236595634187,3.995558356335814
7.357989581761788,4.483150792235266,7.701862592557481,5.575262033706812,8.908521845284351,1.573034650752203,4.826091120429349,2.9930860408588678
5.27507515923124,7.31011766790262,5.508028305155045,4.67707786150838,6.442872842744952,5.511939488699349,3.2277211605469454,3.698634617824129
6.383894908891818,4.455944653171273,6.016560714082775,4.0054710933245135,3.0518122661981137,6.671394234481838,4.439026207915498,8.11259128357852
6.48610158342491,5.2136694277182665,2.4762522208402333,6.911773640544828,6.6032284144064395,5.830760852743353,4.86620836387858,9.03842528051542
3.3002180230274365,6.688156139088103,5.047049253038914,4.905193531036818,8.423172881303445,7.779016472909216,0.5765593749188902,3.7502490901761254
5.436084690121042,3.8159807998649713,3.3787466716199877,4.326633827108074,7.839185811678411,5.974368956112991,4.7049132970843255,4.178491548234539
0.5587974910492441,3.742702416491693,6.270058025952566,3.2540761133788623,6.350256969273302,3.753708599934248,6.730119999705979,2.5434434432289685
5.625158769762675,5.843427449506567,9.805596128609253,3.1207585320975277,7.504937260691948,0.009251041840943941,5.79452716098805,1.0368116558835303
5.75650832368807,2.720355861352668,5.435465486510326,5.075938597549197,4.542590759520751,3.9611977461722705,3.443410463079692,5.872645610115967
5.703832330034096,3.4391560312530363,0.22645978055184468,1.5778635466866535,5.464946018128588,6.264658082976774,4.302612675291633,4.6547806843855035
3.1888952428359794,5.090473303260899,3.256528561346369,5.968726334750992,2.617437814524754,3.1948933818408856,2.8666598083311152,3.9999649125228656
4.3648081886697,7.854899401493581,3.9916963693705396,2.6790252309917935,4.331245430933055,3.803355045977159,4.044235985293023,0.9466014442948705
6.359971781962726,4.722873100405886,3.68677894140092,3.2127922023768076,6.1711325788214415,4.35478459949381,6.592279738368456,6.791977454537713
6.102725765366211,4.220465994763717,1.8135602175661871,0.6012305525025847,2.0963396458099113,1.2446017202840616,5.212184074033445,2.268472992684747
2.977886471098051,4.097835036896631,3.5268153548250427,3.0114999930664434,1.3133450106225995,4.282703662828807,4.077820480936678,4.103484719184124
3.073991088987823,0.6489712793946043,0.31035015368992847,2.1387099421475835,2.9903297055760967,6.069595407532114,1.8095820027612666,-0.11377098296074584
4.774521387560887,2.783892575451837,0.6628816527218873,2.452537900379088,2.099374690644022,2.2070723943052086,4.0525758839816985,2.1716487188519467
-0.6931764697481664,2.24889458410338,3.600022843983606,5.251845357499964,3.606723002917024,0.05029871711157963,-1.0653263419699228,2.891176473253351
1.4165406363379316,2.705861202437493,0.03136565993232887,2.41808821327246,1.156173069797896,1.9294900676480333,1.5579851577101995,2.716842557798596
4.486789526364854,2.048664720243083,2.8920718262758554,0.22633024699973325,5.252527846496769,-2.6331196019263965,2.9830714549392408,2.124945701764591
3.517854788913728,2.3268530603784203,-1.1714738437679206,0.14481388445105914,-1.011898490377916,2.2412602334974276,3.048296133639698,2.5564986896417405
2.0567923418888454,0.6953303967906331,4.847916554172508,2.508527158416573,3.8257343590285053,2.222813541886194,2.6580337670205183,-0.942776125476886
-1.9434249277405404,1.185457717664286,-0.48029996188740887,3.6656264649075485,-0.4614585736955057,4.419512470611825,1.6579012613400894,1.4629850938000206
0.7177170830959096,-1.6381195829357504,0.3702044055713455,1.381373590680334,-2.774427919989813,0.4295479640449836,0.4260875910104679,1.0450529161387885
-0.6135140229033089,-0.0734977864092704,1.227543291777369,1.9437422587060962,1.042067082294292,1.3832874458894977,1.642268709249535,1.0296621379866788
0.9768146628202927,3.0964039535391525,-0.8159630478163229,1.5342123038592759,-0.19447911484190133,-1.4078393475859365,-1.5909852239867353,0.45942729182422937
-1.555736016887388,0.7005740319588843,0.34976927484498144,2.9010861794174145,-2.156261383103689,-0.6498968883477848,-1.6263971738841272,-2.4834681951244226
-2.24030886647459,-0.23070415129152919,0.9618513725148758,-4.088042421977441,-3.5516158599559033,-3.239232949849771,-0.06539272360478197,-2.8244615807433227
-4.57029229321757,3.351684814658407,1.4806647271566844,0.8938761407587703,-0.45728331239319975,-0.8301409804167574,-0.09416645243279148,-4.869098109619389
1.7516273553766746,-3.4136519711788864,0.891012857369186,1.2754900732303993,1.2596917686709073,-1.3026003216138582,-4.343212371706021,0.9430870051138669
-1.742504490068486,-3.1618745780748108,-1.2865843947877191,-3.620410879453518,0.22694351899051746,-0.3445639350045794,-0.032670705283334045,0.7123515522880263
-0.8790553670224408,2.2320758881250358,-1.4866104825147144,-2.964683302440342,-1.079933636748979,-2.440540695092788,0.3521098214112768,0.49375364801673083
-1.4474498672364384,-1.3510517621902087,3.2552434817619886,-3.1445391315443834,-0.4852784878526062,-1.2762829323378926,-1.597544109220667,-0.8293937093651728
-3.8265531305691667,-2.1768513372277556,0.20809287185041603,-3.149265657402935,-1.746113529403882,-2.3584453758634996,3.0572473019198165,-5.95792370008439
-4.457453926584449,-4.337732753879349,-3.7829714163284898,-2.902758205559114,-4.798772589748804,-2.602322880287091,-3.3051943163184347,-3.9927450872585943
-4.196363361898971,-1.2903405771144758,-1.9857567823733961,-1.7005274837946167,-5.027521080351386,-2.0250084579784393,-2.9079074366782387,-1.8449022747182757
-3.877092899358062,-1.3418362826443513,-3.1010422992556608,-0.6994067193645364,-2.8370930796686338,-2.349710137065256,-3.2208898339536947,-2.159720016115685
-1.9410249624458187,-4.863226178143221,-2.944905924319648,-0.5116035409363557,-2.9955440292055773,-1.1518893783701516,-2.8266126790554638,-3.1197338827774708
-4.5074583362052225,-3.196574180264856,-5.375013324580175,-4.591669131499563,-1.2140576521504691,-3.157309077423669,-3.5734726350965813,-2.1781886033475057
0.3370219130285079,-3.8269910142268673,-3.9798058189326415,-4.845365347566701,-1.641350902611241,-3.8557300484067416,-5.969580439370478,-3.132655934790244
-1.3395922507546345,-2.8819400297033946,0.2292172238468897,-0.7622506425084907,-2.183628291023038,-3.755509212715389,-4.486990915013887,-3.152353391438213
-2.0129579392292225,-5.868177523001927,-2.4715244368096334,-2.33618916772335,-4.190242464715,-5.059005272242624,-3.8249184301087915,-4.9078077042246715
-4.102475780287089,-1.3592630663144747,-8.845480791643709,-3.697428291602797,-6.624462315561068,-4.582980162474132,-1.4060138112167944,-1.8991360030976088
-1.0656275982470658,-2.2625415064928247,-1.6607420846921395,-3.147515718578099,-3.2700467955559853,-0.031871643541570904,0.31029747705779354,-4.955732287048801
-4.758635074232085,-5.048974929455469,-2.1433647661715147,-4.382231375692719,-3.2722851854655004,-6.147981333381571,-1.651676016288528,-6.9839219780310895
-4.610840167432744,-4.981154762400994,-5.266887947737084,-3.499147973029022,-9.325380264079623,-5.10563000688287,-6.099075398469465,-6.090315364761708
-4.431177446827143,-5.043970826880915,-3.336599438759252,-5.443259919337163,-6.439802899491008,-5.5461038528650635,-6.162745747578013,-5.468058909049643
-3.5872639968615996,-6.547527183961294,-6.709708499582689,-4.453300209069826,-6.373018832736079,-5.485253302437086,-5.309567232966989,-3.002904501210594
-3.933712459063285,-6.094387453539327,-6.1480400496019705,-8.228620717808248,-4.970828214822384,-5.870007234826046,-1.6384108393620838,-5.292064613938842
-6.371095330764764,-5.961385509224776,-2.4237520525358507,-6.79641336352642,-7.027565639406946,-4.862364571433559,-5.751692878239345,-5.793141211806856
-6.696710711629557,-2.404986531363393,-6.1741833525170655,-6.984745626358336,-5.706992410426929,-9.051073475561237,-8.28573825385251,-8.128050122302904
-4.557225103891086,-3.9437944015343813,-9.576494342105237,-6.585811084609083,-6.2581008989012386,-3.7626880731312458,-6.8393852921013245,-4.266065838536102
-4.60916401117823,-4.170327764287448,-6.166243624523369,-7.892663688520191,-6.3579361220361506,-4.7744715796763,-4.525525175321861,-7.3435414870074665
-7.025115520931832,-5.498562045277306,-6.3955900571148,-7.30550052293225,-7.671201858687579,-8.724156443412356,-4.858532717493913,-6.438468989168758
-9.60760937959898,-8.66788725810454,-4.036496101495153,-9.462061365038313,-7.711203348375427,-10.971387786146874,-6.8336665732253845,-3.4728670864783426
-7.038605731712764,-6.706955748851033,-6.595300695344755,-5.526572586906474,-8.78450765925766,-8.578117831979077,-5.257144192576213,-5.606446877597666
-5.563461613008942,-4.869536291433899,-7.653677833541244,-6.975540248483448,-6.050378329512995,-7.295846133514904,-11.356857615754322,-10.067021306091007
-3.381900265158807,-9.509263216732943,-4.902621667535956,-10.403149173550402,-5.850528700815632,-1.832150160616818,-6.785075487932973,-10.531754430703312
-9.56643615012258,-5.897413811694727,-6.928939760439035,-8.840180046534602,-8.711756125691933,-6.084006295492709,-5.449149382703995,-7.299141125679748
-8.196901774531593,-2.698540818344914,-8.84380463200188,-6.670556413746112,-4.302479076836358,-10.95893856723336,-9.009485819179517,-9.769240498620057
-8.29114835086441,-5.3887079358341925,-5.20234610673042,-8.598385120585235,-8.141544122697754,-8.891652237615544,-9.185018300806233,-6.2152477325476605
-4.964548516250842,-4.84810092398987,-7.288835666080246,-9.070042115390038,-4.615787947520722,-7.782584067659811,-11.409055500640795,-7.591633065183886
-7.90499228564214,-7.398431783840554,-7.8292573513659995,-7.984294638741027,-9.119363632388081,-7.327742176128681,-4.655318095103487,-7.504339746677149
-9.803743816336041,-6.053226800061531,-7.633273914768202,-7.301895627235078,-12.042246250790381,-10.618588418212356,-9.429398651634644,-9.402577060876217
-7.020615219727952,-9.573712214279661,-10.279342528404783,-11.010710699649911,-7.333610135746887,-8.407986241525713,-7.655919229847366,-4.655238474998178
-9.091037153442059,-6.690032488677713,-9.337067665716841,-7.181503150924407,-7.784669903122191,-9.717038388581248,-7.073926030393417,-2.596572657339247
-10.86903706509209,-7.111486250254655,-8.413097314710615,-10.020849081590935,-8.351474927761016,-10.627779643580816,-5.396126620093276,-8.977431965889611
-10.338971783125965,-7.973602820498338,-8.942752558623024,-8.589281105073262,-9.837890125461643,-8.034233875175756,-8.861220716544935,-7.847346671743662
-5.213079709295669,-6.049148778703911,-6.136306852507716,-8.752003899523926,-8.750308069112545,-7.133409271255262,-9.760023205697744,-8.486328932012283
-8.034978417753353,-9.880966536747055,-8.368585155598272,-9.857529097531826,-9.825915776791332,-7.121314307129039,-8.457261563911171,-9.322770587934414
-8.704527271533467,-9.294162415385877,-7.210239537165747,-10.96736687469998,-9.524746515102054,-7.7712746801708,-6.351886829353978,-10.584188317904145
-9.530828679367524,-8.840117125026838,-9.012250498591733,-9.602414303927958,-7.347776696213281,-10.025780274023957,-9.371386270544999,-11.200977182704385
-8.552010265397328,-11.195529891813727,-7.02373098214268,-5.885647331484536,-8.767873490574738,-7.707208426707914,-11.04604611280308,-11.407502480685974
-8.675308960636809,-8.781916965041301,-8.44072533949549,-11.959130913569059,-8.015878077977842,-8.617671976433222,-12.317296469272522,-8.425300801543507
-8.745059179072292,-12.767257661394638,-9.302555864710024,-5.944770797277194,-9.793133848738524,-9.061513069582919,-11.771991604697394,-10.368745791894215
-9.187406350535241,-7.323187462234329,-9.443662709008786,-9.936538873243812,-10.101131222700298,-10.640482774494345,-7.688313536277418,-14.573682231371809
-7.761227647607867,-9.405549591087034,-11.407701576800893,-9.428081490041688,-11.805789385996253,-10.492576578902021,-10.140073276832588,-8.60910788302232
-9.52831969475004,-10.61631419455903,-8.560696946478881,-11.747950009520958,-10.314601611887896,-9.426754514502395,-10.789570206592924,-9.651050951679814
-11.600038381654713,-11.312907935139679,-9.724570179622194,-11.186699543904398,-16.286389821727713,-4.764411776578433,-11.07609515691732,-6.950814707747144
-10.932522919701395,-10.176835197138033,-10.711661058262067,-10.713496437975696,-10.888121070510929,-9.105192177716878,-9.537585417499294,-8.96143234371764
-13.723074776497171,-8.388517967972918,-7.552113847893603,-11.85642733127357,-9.928785743899423,-10.987414394018318,-10.243947577048914,-12.72238458213834
-5.762570858006462,-8.720727132616126,-12.316637141880848,-10.23404100483299,-8.688857781550935,-11.480983980030132,-10.362469377529752,-14.27555837155121
-8.135638607441935,-11.27222368590423,-10.706139582212176,-10.67517957496085,-10.398503546397222,-10.844681016659713,-7.16249993572583,-11.300092560023183
-11.559977982888393,-11.591916337885188,-7.844399495070851,-6.1982747077584515,-9.20448990813992,-5.545250097531787,-6.8238044289066515,-11.150051834017223
-10.495937857767943,-8.61845074633445,-9.301202277133237,-12.264196530334665,-14.291825481754234,-10.730761450865668,-13.152291504791737,-8.045929756973411
-11.23211368507598,-11.403055545893173,-10.054078591968628,-9.75297970316594,-10.072034441077014,-8.144619667442544,-9.303175274377198,-9.97610260124226
-6.893063743518043,-9.85833861810727,-9.476151079965984,-9.482465602462629,-13.337163752093085,-10.73001465720899,-11.531882363509062,-7.71078117006926
-12.831382221678497,-9.744118608088085,-9.632799551038957,-12.132268990440314,-12.408234924455305,-9.469258810577383,-10.488130120858827,-12.641294004541908
-9.769809257736815,-9.374637111920897,-13.032086467946217,-8.625106384468696,-10.373092471102096,-8.41527082735693,-9.380204605120985,-8.068232606613478
-10.216609774373,-8.283013228879561,-10.698077859939227,-10.79620811500656,-7.447026113496195,-11.143359788863153,-10.424993923105143,-8.557575782381464
-8.340328270621434,-12.519931405774308,-6.760962223012166,-14.978784835205797,-9.251592005099546,-11.276228840345203,-9.533085770784398,-14.030473754902056
-10.190137677860271,-13.804437872931857,-11.300767491965217,-8.662419998201752,-9.945657228136648,-6.664379833500222,-8.636178810347047,-7.336883539889337
-13.480320451435084,-11.098797260580916,-10.60050472633288,-12.19778446632894,-10.002963477058419,-7.99471690833262,-9.374749097043575,-9.776985714591508
-10.441603180571517,-6.336310695622263,-11.02260903790501,-12.034917403564833,-11.36662529769557,-8.35802287390518,-11.233040119621883,-9.155278503549624
-11.852853656905644,-5.864181020844238,-10.08255966765527,-8.532725055234199,-10.996496047764362,-8.333976634773167,-11.166928434959642,-11.63832144587584
-9.712248290476008,-6.2090531124573545,-11.037653046237725,-10.56573034842603,-9.016655292647535,-8.952256406966999,-12.7508179768252,-7.3209133577451855
-6.959671466969493,-10.213988275531525,-8.854542535694025,-7.9924812389071445,-12.598746576899135,-5.792473913660015,-11.535866135051581,-12.199730198487885
-13.25726168957631,-13.342641365081413,-9.383784376531223,-7.358079010381117,-8.592303100545713,-9.69059459735744,-5.854274477314698,-8.114227164363863
-11.323041300893944,-14.40867403339782,-8.1755005998801,-11.012452750738733,-10.499609964331842,-8.568071095692298,-11.306602978284626,-8.081380878276795
-10.766000730142387,-10.888691145674215,-11.762497154953314,-8.074089830665333,-8.009500672836262,-12.56244067976342,-12.047372447463033,-11.608949678919839
-10.355769674971617,-9.988654744443915,-10.273188449911,-11.103429086930959,-7.670320569681028,-11.242428857327676,-8.952651760455648,-5.625760285300046
-8.038065677228474,-6.917066203327045,-9.969762268663233,-5.0520851711746095,-12.864485030450442,-11.919955005109044,-9.739046524022683,-9.055260045003925
-9.785179269871062,-7.702479515663395,-8.526796614571097,-10.824004443810717,-10.601251961202722,-6.889963267715988,-9.829276908446737,-8.130305214206238
-8.520273196744084,-8.897068490201733,-10.938321042599043,-7.299703766264965,-11.062934024066221,-14.456958952226472,-6.533786715360794,-12.406120238856484
-10.51128240488128,-11.03942585930001,-7.4284287089010395,-7.572156265654577,-12.885192247564014,-10.064356362923172,-8.161482966300998,-5.024276311400598
-8.701873184165896,-11.08328099149155,-6.788890693966553,-8.529546230783904,-11.226788427420592,-15.149135080323017,-10.221707738408721,-11.61083575545195
-7.502302215568141,-8.5496421031807,-11.03564217259474,-10.398983800156937,-4.175385786792892,-10.720473268287352,-9.90684931250713,-7.008124611791711
-10.412928064658187,-7.554227007504558,-9.930074754971143,-9.25112394906683,-7.72930917275913,-9.930226864647743,-9.953501992995381,-10.937872401047402
-7.270369582432032,-8.049323297553892,-9.896948838629246,-13.140262047934165,-4.998509884833554,-6.063343634456974,-7.083606578884548,-10.071063427740427
-8.607495592511397,-10.781437049179843,-3.4474687206115373,-8.263401053202033,-7.054044249929863,-7.91898525152362,-9.32853638887281,-7.13473304219564
-6.494951042296152,-7.2845362656764845,-9.44567173367643,-7.886640861203887,-10.069557845277608,-10.25215456991859,-12.172178528168958,-6.530766095910343
-8.856896940047942,-7.602235205691173,-5.098806255581726,-8.187058301771252,-9.217599533242081,-6.322129700430343,-8.550696497362685,-10.9966256381222
-7.554392260343385,-10.45821438304794,-10.850145560880803,-14.263493913252699,-7.140009210186968,-8.281217061608068,-11.39093357292344,-6.135937232553595
-8.255644269564392,-9.743073746807843,-10.15373373853606,-10.705704696386954,-7.29941939926126,-8.099298088792828,-3.8059706026975286,-6.084470815940945
-8.219222705879597,-6.649806232675306,-9.400007245494841,-9.522980147495764,-9.181482213215107,-10.432141197342423,-9.9581340094929,-9.902704999488224
-7.35621346364745,-8.343089390390611,-9.565452942991874,-7.290756453720737,-10.894060661257242,-9.854101747905109,-8.19780385081429,-4.676779132916609
-6.64274213331801,-4.538062468494903,-8.252154540084815,-7.137679260481849,-1.14083469699034,-9.366551671658867,-7.199951602365544,-10.630072328263894
-10.052876277895717,-6.551487901918554,-8.971302859490702,-7.894194037990065,-7.836045798733318,-7.460823907739327,-8.131062775406166,-8.803291619602938
-4.519078369701638,-8.359607963715932,-9.02502877280654,-6.11585451412948,-8.037823373702633,-7.230574133376043,-7.966406390269778,-6.428340339153416
-10.933586710897515,-7.234671830579783,-4.897316636851263,-9.266745380403718,-6.987591701987315,-4.126075302749828,-6.370606057476164,-8.92139319920313
-8.407224929509576,-6.910833924756347,-4.590013465005454,-5.817130698643791,-7.523057888653841,-6.267490374156115,-3.9851687924392265,-6.509962538673102
-7.045015999408225,-8.313258484361842,-4.957884861127792,-5.906993648198641,-6.611020042467456,-12.271609245222638,-5.321459694243829,-6.374325700271833
-5.846294995197942,-8.496183329725092,-5.623009022201183,-5.915897467694018,-4.097112361137,-6.145722957626457,-3.713979176222753,-7.04515547321528
-3.3289604984088075,-5.078525766272566,-6.2958194223324595,-6.845386416062876,-6.730402513264412,-9.38133826622663,-8.574543770078568,-4.8165044767104455
-10.004076996045155,-4.596947425510749,-7.281555400926758,-2.626006369932417,-8.612914898250462,-8.219435868818014,-5.652768753084218,-6.744215604910218
-7.105083493887496,-4.882132298002157,-7.996010246618258,-5.103303860128317,-6.412982826065297,-7.714034180560734,-5.7792031329915154,-5.626613099480463
-10.14170161719256,-2.8573984529464242,-5.162043234728653,-7.824706368101146,-6.816838204413849,-7.2147112886186315,-5.185852058240558,-3.5950908866182227
-5.619396169384889,-6.766186589228589,-8.02990090229898,-5.186029165733417,-2.8348422427116824,-8.432938901285992,-2.93017617593424,-4.1012676971537045
-4.930274746985734,-2.125100383843535,-7.461483774336582,-3.9686751618373584,-3.131403786510654,-5.06667790908122,-5.915220215569904,-3.9016073343573785
-2.0795810909275114,-7.063014812378322,-2.9553460628603974,-6.437389773118635,-5.046122574408419,-8.082777145451935,-6.0721793083781925,-7.559531779703577
-4.804097311847701,-7.070737960371595,-1.244068750190435,-2.866822339772411,-7.602838543273122,-4.332031619134915,-3.977405238797281,-3.995781682631965
-2.7383112865679418,-8.346279309751202,-4.03977126911974,-4.0622941340206795,-7.278146072332593,-0.352419391329442,-8.382767000584396,-6.583359127391711
-3.4366214310290335,-5.495886221760785,-2.391381289517863,-9.289252269437846,-4.574049070938044,-7.26301371197528,-5.077999692351508,-7.167125553663205
-5.2498061979271196,-5.386754477575691,-4.871006438804749,-3.7799658492409303,-3.7066638652742214,-4.948330412595228,-4.647705182487689,-4.52272249648672
-6.969468344416071,-3.099672290322691,-6.8268952230073605,-4.963605159657423,-4.900792489484102,-9.198461575856932,-5.992264083445843,-5.960137224135172
-3.3711465753723617,-3.4333692887150815,-2.696807934718815,-2.846791542872511,-4.881490340370451,-4.52302175789625,-1.8070331492428289,-2.339915734276029
-6.6724729082398735,-6.074215615987419,-2.549690227409018,-1.7998391934455167,-4.87386734030644,-2.4028345686861776,-5.812749508635713,-2.0591979545584973
-0.8626334950355421,-4.238500117226465,-3.309710532614342,-3.062723546091194,-3.4998355608627225,-2.0117691776602964,-3.7247937371024227,-7.2583001132377145
-3.539760842118623,-3.958560680220346,-3.700387554255198,0.11486782984441612,-7.981161342191105,-3.060909177476782,-2.6293221873990382,-4.872241717198755
-0.5858315994022836,-6.528150916348902,-1.0517652652629206,-3.333600191552108,-5.178839679964536,-1.1976595729071648,-0.26928329947287954,-5.895759766261114
-3.6952777104237264,-4.696742296185667,-4.7063149090138765,-1.485213196051177,-3.988950533053629,2.357260229726656,-2.755961711920634,-3.660107395344709
-1.9540753699705524,-4.033404204000715,-4.039338100553852,-0.8818917954978416,-0.07677055286869505,0.9328324321026624,-0.6194697545161152,-1.5814256030348877
-1.8284271549504518,0.6201251700220634,-4.263337883140686,-2.441816807405295,-3.8747521534776883,-3.292166728439103,-0.8459340750655746,-2.731701065976606
-2.0911360061522957,-1.6181463382157424,-1.8311018448587932,-0.44349915417488317,-1.6401114864680348,-4.903255743063925,-1.7541326577921625,-3.180566251464718
-2.6190207222153417,-0.4293641875271581,-3.929487719640674,-2.9430476697464947,-1.3006161935601652,-2.5660045285697644,-3.932728511969068,0.8466513582041213
-0.7203314643991002,-4.5025144956385645,-2.873727862370628,-2.3503803393825775,1.0905895099813838,-3.399209032574837,-4.374405223148838,-6.114957846532718
-3.1081572759525553,1.132598217041845,-2.6673418734405345,-3.8808081296587638,1.2693240649421618,-0.35313565325687335,-1.0428199461477656,1.217913038050311
-3.424492262718209,1.5965825212480942,-1.5268382694680078,-0.5228033720599976,-1.1206275423899241,-3.3680086836590877,-2.091015352605319,-2.0941981911110625
1.7308790463954948,-4.751464674547413,-3.729523633066114,-0.10427138854947238,-1.7057442226370463,-0.9004196054388447,1.0837474431044232,-0.9109927604837396
0.9508867465338962,-1.9140826790820014,-0.32903924717577093,1.8550770859081536,-1.8311154369016855,1.1725788778223158,0.9882638049468502,-1.558175906690522
-0.1200212399969166,0.7397266888296241,2.242802844127959,1.3304755515103708,-0.7339309021329583,-0.4531962028357505,-0.6210264460754962,2.83397175387684
3.330284765087558,1.2887769070763595,0.27098274463351896,-0.5695911132948712,-0.8680667086472048,-1.8926276454955977,-2.3154258478825436,-2.461956993610524
